area,num_bath_rooms,num_bed_rooms,price,locality,relaxation_amenity_count,security_amenity_count,maintenance_or_cleaning_amenity_count,social_amenity_count,expendable_amenity_count,service_staff_amenity_count,unclassify_amenity_count,price_per_sqft
2464,4,3,28900000,61,1,2,1,1,3,3,4,11728.8961
1920,3,3,20000000,37,1,1,2,1,3,2,3,10416.66667
1445,3,3,10800000,25,1,2,2,1,1,3,4,7474.048443
1475,3,3,10500000,178,1,2,3,1,3,3,4,7118.644068
1066,2,3,8000000,166,1,1,2,1,4,3,4,7504.690432
950,2,2,5000000,118,1,1,2,1,5,2,3,5263.157895
1075,3,3,5700000,20,1,1,2,1,1,3,3,5302.325581
1600,3,3,13100000,145,1,2,2,1,2,3,3,8187.5
750,2,3,4900000,118,4,2,2,1,4,2,4,6533.333333
1522,3,3,11000000,118,1,2,2,1,2,1,4,7227.332457
1150,3,3,8600000,145,1,1,1,1,3,3,4,7478.26087
1735,3,3,12500000,122,1,1,1,1,3,1,4,7204.610951
1002,2,2,6800000,145,1,2,2,1,2,1,3,6786.427146
1700,4,4,10000000,118,1,2,2,1,2,1,4,5882.352941
2000,3,3,22500000,37,2,2,2,1,4,3,4,11250
1368,3,3,12000000,162,5,1,2,1,5,3,3,8771.929825
2318,4,4,21000000,37,1,1,2,1,3,3,3,9059.534081
1735,3,4,13800000,25,4,2,3,2,5,3,3,7953.89049
11500,10,21,81000000,25,1,2,1,1,1,3,3,7043.478261
1550,3,3,12200000,15,3,1,1,1,3,3,3,7870.967742
1550,3,3,12200000,15,1,1,1,1,3,3,3,7870.967742
1627,3,3,17400000,178,1,1,1,1,1,2,3,10694.52981
1150,3,3,8900000,145,1,2,2,1,4,3,3,7739.130435
1522,3,3,11000000,118,1,2,2,1,2,3,4,7227.332457
1120,3,3,6200000,122,1,2,1,2,3,2,3,5535.714286
2215,4,3,22000000,37,1,2,2,1,3,2,4,9932.27991
1400,3,3,12000000,37,1,1,2,1,3,2,3,8571.428571
1170,3,3,8900000,145,1,2,2,1,4,3,3,7606.837607
800,2,2,4250000,122,1,1,1,1,2,2,3,5312.5
1650,3,3,11700000,145,1,2,2,1,2,2,3,7090.909091
1550,3,3,11200000,145,1,2,2,1,2,3,3,7225.806452
1009,3,3,6500000,118,1,1,2,1,3,3,4,6442.021804
1499,3,3,11300000,35,5,2,2,1,4,3,4,7538.358906
850,2,2,5200000,118,1,2,2,3,2,1,4,6117.647059
1650,3,3,18500000,178,1,1,1,1,1,3,3,11212.12121
1164,3,3,9600000,118,1,2,1,1,2,3,4,8247.42268
1517,4,3,11500000,178,1,2,3,1,3,3,4,7580.751483
1700,4,4,13200000,122,1,1,2,1,5,2,3,7764.705882
2185,3,4,20000000,15,1,1,1,2,3,3,4,9153.318078
1055,3,3,7000000,145,4,1,2,1,4,1,2,6635.07109
850,2,2,4500000,122,1,1,2,1,4,3,4,5294.117647
1499,3,3,11300000,35,1,2,2,1,3,2,4,7538.358906
750,2,2,3200000,118,3,1,2,1,2,3,3,4266.666667
1400,3,3,8200000,122,1,1,2,1,2,3,3,5857.142857
2000,4,4,15500000,15,1,1,2,1,2,2,3,7750
1543,4,3,11600000,35,1,2,2,1,4,3,4,7517.822424
1499,3,3,11300000,35,1,2,2,3,4,3,4,7538.358906
1496,3,3,11300000,35,5,2,2,2,4,3,4,7553.475936
1430,3,3,11500000,118,4,2,2,1,2,1,4,8041.958042
800,2,2,3800000,122,1,1,2,1,3,1,3,4750
1720,3,3,13700000,118,1,2,2,1,2,2,4,7965.116279
1630,3,3,13000000,118,1,2,2,1,2,3,4,7975.460123
650,2,2,4000000,17,1,1,1,1,1,3,3,6153.846154
1350,3,3,7200000,118,1,1,1,3,3,2,4,5333.333333
1200,2,3,9000000,61,1,2,2,1,2,3,3,7500
1633,3,3,11200000,35,1,2,2,1,3,3,4,6858.54256
1310,3,3,7900000,20,2,3,2,2,2,2,3,6030.534351
1633,3,3,11200000,35,1,2,2,2,3,3,4,6858.54256
1580,3,3,12600000,118,2,2,2,1,2,1,4,7974.683544
1586,3,3,11000000,35,2,2,2,2,3,3,4,6935.687264
1483,3,3,13500000,170,1,2,3,4,6,3,12,9103.169252
1586,3,3,11000000,35,1,2,2,2,3,2,4,6935.687264
1000,2,3,6000000,118,1,2,2,1,2,2,3,6000
950,2,3,5000000,118,4,2,3,1,1,1,3,5263.157895
1182,3,3,8250000,31,5,2,2,4,6,2,10,6979.695431
930,3,3,5800000,118,1,1,1,1,1,2,3,6236.55914
1350,3,3,11000000,118,1,2,2,2,2,3,4,8148.148148
930,3,3,5800000,118,1,1,3,1,1,1,3,6236.55914
2100,5,4,25000000,37,1,2,3,1,4,2,5,11904.7619
1150,2,3,7000000,118,5,1,3,1,3,3,3,6086.956522
1075,2,3,8700000,92,5,1,1,1,6,3,3,8093.023256
1410,3,3,12000000,101,1,1,1,1,2,2,4,8510.638298
1350,3,3,9500000,14,1,1,2,1,4,2,4,7037.037037
1595,3,3,10500000,14,1,1,1,1,4,3,4,6583.0721
1543,3,3,11600000,35,5,2,2,1,4,2,4,7517.822424
1550,3,3,11700000,145,1,2,2,1,3,3,4,7548.387097
950,2,3,5800000,118,1,1,2,1,2,2,3,6105.263158
2400,3,3,20000000,15,1,1,2,1,2,3,3,8333.333333
2400,4,3,23000000,37,1,1,2,2,3,3,3,9583.333333
1200,3,3,7300000,25,1,2,2,1,5,2,3,6083.333333
1200,3,3,8800000,118,1,2,3,1,3,1,5,7333.333333
1666,3,3,13500000,37,1,1,2,2,3,2,3,8103.241297
1536,4,4,12500000,145,3,2,2,1,4,1,4,8138.020833
1270,3,3,10000000,178,1,2,3,1,3,3,4,7874.015748
1800,3,4,12600000,25,1,1,2,2,3,3,4,7000
2700,4,4,26500000,37,1,1,2,1,3,3,3,9814.814815
1300,3,3,11000000,178,1,2,3,3,3,1,4,8461.538462
2265,3,4,25000000,37,1,1,2,1,3,3,3,11037.52759
2100,3,3,10500000,118,1,1,2,1,2,2,4,5000
1565,3,3,11000000,118,4,2,2,1,2,2,4,7028.753994
1620,3,3,12000000,15,1,1,2,1,2,1,3,7407.407407
1420,4,3,7500000,174,1,2,3,1,3,2,3,5281.690141
1654,3,3,9500000,178,2,1,1,3,1,1,3,5743.651753
1506,3,3,11500000,15,1,2,2,2,2,3,3,7636.122178
2250,4,4,22000000,37,1,1,2,1,3,1,3,9777.777778
950,2,2,5200000,118,1,2,2,1,2,3,3,5473.684211
1250,3,3,12000000,31,5,2,3,5,6,3,12,9600
1000,2,3,6000000,118,2,1,2,2,2,3,3,6000
1668,3,4,8700000,35,4,1,2,2,1,1,4,5215.827338
1402,2,3,7500000,20,1,1,3,1,4,2,3,5349.500713
1500,3,3,7800000,118,1,2,1,1,5,3,3,5200
850,2,2,5200000,118,1,2,2,1,2,3,4,6117.647059
1820,3,3,20000000,98,1,1,2,2,4,3,3,10989.01099
7150,8,7,32000000,118,1,1,2,1,1,2,3,4475.524476
1352,3,3,12500000,20,1,1,3,3,4,2,4,9245.56213
1350,3,3,12800000,124,1,2,2,1,2,3,3,9481.481481
1600,3,3,9500000,118,5,2,2,1,2,1,4,5937.5
850,2,2,5200000,118,1,2,2,1,2,1,4,6117.647059
1088,3,3,11500000,116,4,2,2,1,4,1,3,10569.85294
2500,4,5,21500000,100,1,1,1,1,4,2,3,8600
1620,4,4,9500000,28,4,1,2,1,1,3,3,5864.197531
1365,3,3,7500000,174,1,1,2,2,2,3,4,5494.505495
1450,3,3,7000000,163,1,1,2,2,1,3,3,4827.586207
1140,3,3,7500000,118,2,2,2,2,2,3,4,6578.947368
2024,3,3,19000000,178,1,1,2,1,5,3,3,9387.351779
2004,3,3,19000000,178,1,1,2,2,5,1,3,9481.037924
2400,3,3,16000000,118,2,2,2,3,3,1,5,6666.666667
1450,3,3,9500000,178,1,2,3,2,3,3,4,6551.724138
800,2,2,4500000,163,1,1,1,1,1,3,3,5625
1200,3,3,7500000,118,1,2,2,1,2,2,3,6250
1175,3,3,7350000,118,1,1,2,2,2,2,3,6255.319149
1140,3,3,7500000,118,1,2,2,1,2,2,4,6578.947368
1265,3,3,7890000,118,1,1,2,1,2,3,3,6237.15415
1450,3,3,11500000,25,1,1,3,1,4,3,3,7931.034483
800,2,2,4000000,60,4,1,2,1,2,3,3,5000
1531,3,3,18500000,122,1,1,2,1,5,3,3,12083.60549
1489,4,3,15000000,178,1,1,2,1,3,3,4,10073.87508
1900,3,4,16500000,25,1,1,1,1,3,2,3,8684.210526
850,3,2,3835000,60,1,3,2,1,1,2,3,4511.764706
700,2,2,4500000,60,1,1,2,1,2,3,3,6428.571429
1700,3,3,13500000,178,1,1,1,1,3,3,4,7941.176471
1315,3,3,10500000,166,4,1,1,1,4,2,3,7984.790875
900,3,2,6000000,60,1,1,2,1,2,3,3,6666.666667
1720,4,3,14500000,37,1,2,2,1,2,3,4,8430.232558
1000,3,3,6000000,60,1,1,2,1,2,3,3,6000
1352,3,3,10000000,61,1,2,1,1,4,3,4,7396.449704
2075,3,3,25000000,37,1,2,3,1,4,1,5,12048.19277
1180,3,3,7000000,25,1,2,2,1,5,3,3,5932.20339
1830,3,3,13500000,15,1,2,3,1,4,3,3,7377.04918
1210,3,3,8500000,35,1,1,3,1,4,3,4,7024.793388
1440,3,3,6200000,35,1,1,1,2,4,3,4,4305.555556
2000,5,3,16500000,15,2,1,2,3,1,1,4,8250
2300,4,5,21000000,25,1,2,2,2,4,2,3,9130.434783
1250,3,3,7800000,25,4,1,1,1,3,2,4,6240
1200,3,3,8500000,15,1,1,2,3,2,2,3,7083.333333
1030,3,3,7200000,114,1,1,2,1,5,2,3,6990.291262
1538,4,3,9900000,20,1,1,2,1,4,1,4,6436.931079
1184,3,3,8700000,20,1,1,3,1,4,3,4,7347.972973
1420,3,3,10600000,20,1,1,3,1,4,3,4,7464.788732
1710,3,3,13800000,116,1,2,2,1,3,1,4,8070.175439
1184,3,3,8700000,20,1,1,3,2,4,2,4,7347.972973
2015,3,3,19500000,61,5,1,1,1,4,1,4,9677.419355
1475,3,3,10800000,14,1,1,1,1,4,3,4,7322.033898
1145,2,3,6500000,127,1,1,2,2,4,1,4,5676.855895
1140,3,3,7500000,118,1,2,2,1,2,2,4,6578.947368
1275,3,3,10600000,25,1,1,3,1,4,3,3,8313.72549
850,2,3,5000000,20,1,1,2,1,1,3,3,5882.352941
1847,4,3,15500000,114,1,2,1,1,4,1,4,8391.987006
1100,3,3,6200000,118,1,1,2,1,3,1,3,5636.363636
4456,7,6,51200000,124,2,2,2,1,2,3,2,11490.12567
1266,3,3,6695000,63,5,1,1,2,1,3,4,5288.309637
1000,3,2,6700000,20,1,1,1,1,2,3,3,6700
850,3,2,3835000,60,1,1,2,2,1,1,3,4511.764706
950,2,2,5000000,14,1,1,2,3,1,3,4,5263.157895
1450,4,4,8200000,35,1,1,2,2,2,2,3,5655.172414
2000,5,3,15000000,15,5,1,2,3,1,3,4,7500
1500,3,2,12000000,106,1,1,2,1,2,3,3,8000
1750,3,3,13000000,116,1,2,2,1,3,3,4,7428.571429
1988,2,2,13000000,122,1,1,3,1,2,1,3,6539.235412
1200,3,3,4500000,77,1,1,2,1,2,3,4,3750
1600,4,3,14500000,37,1,1,1,1,3,2,3,9062.5
1100,3,3,5300000,20,1,1,2,1,4,3,3,4818.181818
2000,5,3,15000000,15,1,2,2,1,1,1,4,7500
1500,3,3,5600000,77,1,1,2,1,2,2,4,3733.333333
1520,3,3,16000000,2,1,2,3,1,1,2,5,10526.31579
3322,5,4,40000000,22,1,2,2,1,3,3,2,12040.93919
1228,2,3,9800000,116,1,2,2,1,3,2,4,7980.456026
1600,4,3,13500000,37,1,1,2,1,3,3,3,8437.5
1395,3,3,11500000,25,1,2,3,1,4,1,3,8243.727599
2050,3,3,8200000,35,1,1,2,1,2,3,3,4000
1320,3,3,10500000,124,1,1,3,1,4,2,4,7954.545455
1450,3,3,9500000,118,1,1,2,1,1,3,3,6551.724138
1100,2,3,8050000,114,1,2,2,3,5,3,3,7318.181818
1263,3,3,7800000,20,1,1,1,1,2,3,2,6175.771971
1865,4,4,21500000,159,1,2,1,2,3,1,4,11528.15013
1090,2,3,8000000,153,1,1,2,1,1,2,3,7339.449541
1650,4,3,13200000,114,1,2,2,1,4,1,3,8000
1150,3,3,7700000,116,1,1,1,2,2,3,3,6695.652174
1194,3,3,8800000,20,1,1,3,1,4,2,4,7370.184255
2000,5,3,16500000,15,1,2,2,1,1,1,4,8250
1342,3,3,7200000,20,5,2,3,2,4,2,3,5365.126677
950,3,3,4500000,58,2,2,3,1,2,3,3,4736.842105
1850,4,4,17500000,37,1,1,2,2,3,1,3,9459.459459
3400,6,6,23500000,178,1,1,2,2,3,2,4,6911.764706
1560,4,4,11200000,116,1,1,2,3,3,1,4,7179.487179
1100,3,3,5300000,20,3,1,2,1,4,2,3,4818.181818
1150,3,3,6800000,118,1,2,2,2,2,3,4,5913.043478
2282,3,4,22000000,37,1,2,2,2,3,1,5,9640.666082
1300,3,3,9500000,118,1,1,1,1,4,1,5,7307.692308
700,2,2,3800000,14,1,2,2,2,1,3,4,5428.571429
950,2,2,5000000,58,1,2,1,1,2,3,3,5263.157895
1517,4,3,12500000,178,2,2,3,1,3,3,4,8239.947264
1050,2,3,5400000,58,1,1,1,1,1,2,3,5142.857143
1170,2,2,10500000,159,1,1,2,1,4,1,3,8974.358974
1800,3,3,19000000,37,1,1,1,2,3,2,3,10555.55556
1460,3,3,13000000,133,1,2,2,1,4,2,4,8904.109589
950,2,3,6000000,116,1,2,2,1,3,3,4,6315.789474
1170,2,2,10500000,159,1,2,2,1,4,3,3,8974.358974
950,2,3,5200000,118,1,2,1,1,2,2,4,5473.684211
1100,3,3,6500000,101,1,1,2,1,2,2,3,5909.090909
1150,2,3,6500000,118,1,2,2,1,2,1,4,5652.173913
700,2,2,4700000,122,1,3,2,1,3,3,4,6714.285714
850,2,3,5500000,118,1,1,2,1,3,2,3,6470.588235
830,2,2,4200000,118,1,1,2,1,5,3,4,5060.240964
1370,3,3,11000000,118,1,1,1,1,2,3,4,8029.19708
1600,3,3,14500000,37,1,1,2,1,2,1,3,9062.5
1212,3,3,7000000,177,1,1,2,1,1,2,3,5775.577558
1100,3,3,6500000,101,1,3,2,1,2,3,3,5909.090909
2200,5,5,21000000,118,1,2,3,2,3,3,4,9545.454545
820,2,2,5000000,118,1,2,2,2,2,3,4,6097.560976
1050,3,3,4600000,58,1,2,3,1,2,3,4,4380.952381
1290,3,3,6000000,60,1,1,2,1,2,3,3,4651.162791
1290,3,3,6000000,60,4,1,2,1,2,3,3,4651.162791
1300,3,3,6550000,122,4,1,1,2,4,1,4,5038.461538
2025,3,3,23000000,37,1,2,3,1,4,1,4,11358.02469
1650,3,3,8125000,122,1,1,1,3,4,3,4,4924.242424
1020,3,3,5290000,122,4,1,1,1,4,2,4,5186.27451
1650,3,3,8125000,122,1,1,1,2,4,2,4,4924.242424
800,2,2,4800000,20,1,1,2,1,4,3,4,6000
950,2,2,5500000,58,1,2,1,1,2,3,3,5789.473684
1050,2,3,5600000,58,1,2,1,1,2,2,3,5333.333333
2150,4,4,17500000,37,1,1,2,1,3,3,3,8139.534884
1100,2,3,6800000,15,3,1,2,2,3,3,4,6181.818182
3650,5,5,35000000,37,1,2,3,2,4,1,5,9589.041096
970,2,2,4000000,101,1,1,1,1,3,3,1,4123.71134
1980,3,3,7000000,41,1,1,1,1,1,3,3,3535.353535
1520,3,3,16000000,2,4,2,3,1,3,2,5,10526.31579
1465,3,3,11000000,114,1,1,3,1,4,2,3,7508.532423
2150,4,4,17500000,37,1,1,2,1,2,2,3,8139.534884
2200,3,4,23000000,118,4,2,3,1,3,3,3,10454.54545
1200,2,2,9000000,118,1,2,2,1,2,3,4,7500
1080,3,3,5560000,122,1,1,1,1,4,3,4,5148.148148
2150,4,4,17500000,37,2,1,2,1,2,3,3,8139.534884
1650,3,3,13500000,37,1,1,2,1,3,3,3,8181.818182
1215,3,3,11000000,37,2,1,2,1,3,2,3,9053.497942
2150,4,4,17500000,37,1,1,2,2,3,1,3,8139.534884
850,2,2,6000000,118,4,2,3,1,2,1,4,7058.823529
1200,3,3,9000000,120,4,2,2,5,5,3,12,7500
900,2,2,5500000,101,2,1,3,1,1,3,2,6111.111111
1230,2,2,5000000,118,1,1,2,1,3,3,4,4065.04065
1245,3,3,7100000,145,1,2,1,1,3,3,3,5702.811245
1175,2,3,7800000,15,1,1,1,2,3,3,4,6638.297872
900,2,2,5000000,118,1,1,2,1,2,3,3,5555.555556
1650,4,4,13000000,118,2,1,1,1,3,3,4,7878.787879
1650,3,3,16000000,37,1,1,2,1,2,1,3,9696.969697
950,2,3,6800000,14,1,1,2,2,3,1,4,7157.894737
1400,3,3,9500000,118,1,1,1,1,4,3,3,6785.714286
1350,3,3,7200000,118,1,1,1,1,5,3,3,5333.333333
1250,3,3,12000000,61,1,1,1,1,4,1,3,9600
1200,2,2,8500000,118,1,1,1,1,3,3,3,7083.333333
1213,2,3,8800000,178,1,1,3,2,2,3,3,7254.740313
1485,3,3,13200000,122,1,1,1,1,4,2,4,8888.888889
2350,3,3,19000000,37,1,1,2,2,3,2,3,8085.106383
1584,3,3,11500000,20,1,1,2,2,2,3,3,7260.10101
1337,3,3,8100000,118,1,3,2,1,3,3,3,6058.339566
2230,3,4,21800000,37,1,2,3,1,4,3,5,9775.784753
1337,3,3,8100000,118,1,2,2,1,1,3,3,6058.339566
1500,3,3,8800000,20,2,1,2,1,4,2,3,5866.666667
1650,4,4,12500000,118,1,1,1,2,3,1,4,7575.757576
1650,4,4,13000000,118,1,1,1,2,3,3,4,7878.787879
2245,4,4,25000000,37,1,1,2,1,3,1,3,11135.85746
1650,4,4,13000000,118,1,1,1,2,3,3,4,7878.787879
1650,4,4,13000000,118,1,1,1,1,3,2,4,7878.787879
1872,3,3,18000000,118,1,2,2,1,3,3,5,9615.384615
900,2,3,4300000,20,4,1,2,1,4,2,3,4777.777778
1043,2,3,7800000,79,1,2,2,1,3,2,4,7478.427613
1280,3,3,10000000,37,1,1,2,2,3,2,3,7812.5
1360,3,3,8460000,17,1,2,2,1,2,3,4,6220.588235
1150,3,3,6700000,47,1,1,1,1,2,3,3,5826.086957
625,2,2,3200000,118,1,1,1,2,1,3,3,5120
1150,3,3,6700000,47,1,2,2,1,2,3,3,5826.086957
980,2,2,4200000,63,1,1,2,1,2,3,3,4285.714286
1360,3,3,8400000,17,2,2,2,1,2,3,4,6176.470588
1150,3,3,6700000,47,1,2,3,1,2,1,3,5826.086957
1350,3,3,7600000,118,1,4,1,3,5,2,3,5629.62963
1073,2,3,7800000,118,1,1,2,1,3,3,4,7269.338304
840,2,2,4800000,14,1,2,2,1,4,2,4,5714.285714
1108,2,3,8500000,116,1,2,2,1,3,3,4,7671.480144
1535,3,3,6800000,118,1,2,2,1,4,1,4,4429.967427
860,2,2,4900000,118,1,2,3,1,3,2,4,5697.674419
2400,4,3,18000000,90,1,1,2,2,2,3,4,7500
1400,3,3,11800000,37,1,2,2,1,5,2,4,8428.571429
950,2,3,6000000,118,1,2,3,1,3,1,4,6315.789474
900,2,3,4000000,20,4,1,2,1,4,1,3,4444.444444
1050,2,3,6200000,118,1,2,1,1,4,3,3,5904.761905
2150,3,3,17500000,118,1,2,3,1,3,2,4,8139.534884
1415,3,3,8100000,118,1,2,2,1,3,3,3,5724.381625
1314,3,3,7800000,20,1,1,2,1,4,3,3,5936.073059
1325,3,3,8500000,118,1,2,3,5,3,3,4,6415.09434
860,2,2,4900000,118,1,2,3,1,3,1,4,5697.674419
2167,4,4,24500000,37,3,2,2,2,5,3,4,11305.95293
860,2,2,4900000,118,2,2,3,1,3,2,4,5697.674419
950,2,2,5400000,80,2,1,1,1,2,3,3,5684.210526
860,2,2,4500000,118,1,2,3,1,3,3,4,5232.55814
1550,3,3,12000000,37,1,2,1,1,3,3,3,7741.935484
1171,2,3,7500000,120,1,1,2,1,4,1,3,6404.782237
1175,2,3,6000000,118,5,1,2,1,2,3,3,5106.382979
1415,3,3,9100000,118,1,2,2,2,3,3,3,6431.095406
1590,3,3,11800000,37,1,2,2,2,5,2,4,7421.383648
1000,3,3,5500000,118,4,3,2,1,2,1,3,5500
1100,2,3,6500000,15,2,1,2,1,3,3,4,5909.090909
1400,4,4,5880000,41,1,1,2,1,1,3,3,4200
2130,4,3,19500000,122,1,1,3,1,4,3,4,9154.929577
1050,2,3,6400000,15,1,1,1,1,3,2,4,6095.238095
2912,4,3,35000000,37,1,1,2,2,4,3,4,12019.23077
1260,2,4,7000000,118,1,1,3,1,1,2,4,5555.555556
1000,2,3,6200000,166,5,1,2,1,4,2,3,6200
1180,2,3,6200000,118,1,2,3,1,3,1,4,5254.237288
755,2,2,5500000,120,1,2,2,2,4,1,3,7284.768212
1450,3,3,7000000,118,1,2,2,2,2,3,3,4827.586207
1103,2,3,6200000,118,1,1,3,1,3,2,3,5621.033545
3355,4,4,39000000,178,1,1,2,2,5,3,3,11624.44113
1080,2,3,5300000,80,3,2,3,1,2,2,4,4907.407407
1550,3,3,12000000,37,3,1,1,2,2,2,3,7741.935484
1517,4,3,10200000,178,1,2,3,1,3,3,4,6723.796968
1150,2,3,5750000,118,4,1,2,1,4,2,3,5000
1150,2,3,5750000,118,1,1,2,2,5,3,3,5000
1550,3,3,13500000,37,1,3,3,1,4,2,3,8709.677419
1200,3,3,6000000,58,1,2,3,4,2,2,3,5000
1150,2,3,5750000,118,2,1,2,5,5,2,3,5000
1150,2,3,6002000,118,1,2,2,1,5,2,3,5219.130435
1150,3,3,6500000,111,2,2,1,1,1,3,3,5652.173913
1015,2,3,6300000,25,1,2,2,2,5,2,3,6206.896552
1800,4,3,12000000,2,1,2,3,2,2,1,5,6666.666667
2525,3,3,23000000,14,3,1,2,1,3,3,4,9108.910891
1875,3,3,16000000,37,1,2,2,2,2,2,3,8533.333333
1650,3,3,16000000,37,1,2,1,1,2,2,3,9696.969697
2201,3,4,15000000,25,1,1,2,1,3,2,4,6815.084053
1555,3,3,14000000,37,4,1,1,1,2,2,3,9003.215434
1000,2,3,4000000,118,1,1,2,1,5,3,3,4000
1472,3,3,16200000,4,1,1,1,2,2,3,3,11005.43478
850,2,2,7500000,61,1,2,2,1,3,3,4,8823.529412
1350,3,3,7400000,118,1,1,1,3,3,2,3,5481.481481
1350,3,3,7400000,118,1,1,1,1,3,2,3,5481.481481
2200,3,3,23500000,118,1,2,3,1,3,2,3,10681.81818
1073,2,3,7900000,118,1,1,2,1,3,3,4,7362.534949
1320,3,3,7000000,118,1,1,2,1,3,3,3,5303.030303
1140,3,3,6600000,47,1,2,2,1,4,3,4,5789.473684
1400,3,3,7000000,166,1,2,2,1,3,3,4,5000
1320,3,3,7000000,118,2,1,2,1,3,3,3,5303.030303
896,2,2,4000000,176,1,1,3,1,4,3,3,4464.285714
1690,3,3,14800000,114,1,1,2,1,5,3,3,8757.39645
1350,3,3,9170000,118,1,2,2,1,3,1,3,6792.592593
1650,4,4,13000000,118,1,1,2,1,3,2,3,7878.787879
1350,3,3,7400000,118,4,1,1,1,3,3,3,5481.481481
1020,2,2,6200000,25,1,2,2,3,5,3,3,6078.431373
810,2,2,3800000,118,1,1,1,1,1,2,3,4691.358025
900,2,2,5000000,118,1,1,2,1,2,3,4,5555.555556
1375,3,3,12100000,118,1,2,2,1,5,1,3,8800
1160,3,3,7000000,122,1,1,1,1,1,1,3,6034.482759
1150,2,3,5675000,118,1,2,2,1,2,3,4,4934.782609
1200,3,3,8000000,25,1,1,1,1,2,1,3,6666.666667
1340,3,3,6200000,58,1,2,3,1,4,3,3,4626.865672
950,2,2,4300000,118,1,1,2,1,1,3,3,4526.315789
1480,3,3,9950000,14,1,1,2,3,3,2,4,6722.972973
1660,3,3,7500000,118,2,1,2,1,3,3,3,4518.072289
800,2,2,4200000,118,4,2,2,2,1,2,3,5250
1100,2,3,5200000,118,1,2,2,1,5,3,3,4727.272727
1220,3,3,6700000,118,1,2,3,1,2,2,4,5491.803279
1335,3,3,10500000,118,1,1,1,2,3,3,3,7865.168539
1150,3,3,5600000,122,1,2,1,1,1,2,3,4869.565217
1100,2,3,7072000,109,1,1,2,1,1,4,3,6429.090909
1232,3,3,6760000,118,1,2,2,1,5,1,3,5487.012987
1340,4,3,11500000,159,1,2,1,2,2,3,3,8582.089552
1550,3,3,8700000,104,1,1,2,2,1,2,3,5612.903226
1320,3,3,7000000,118,1,3,2,1,3,4,3,5303.030303
1320,3,3,7000000,118,1,1,2,1,3,3,3,5303.030303
1306,2,4,5500000,150,1,1,2,1,5,2,3,4211.332312
1100,3,3,6120000,178,1,1,1,1,1,1,3,5563.636364
1550,3,3,12000000,37,1,1,1,3,2,1,3,7741.935484
800,2,2,3800000,58,5,1,3,1,3,1,3,4750
1140,3,3,7400000,118,1,2,3,1,3,2,4,6491.22807
1180,3,3,7700000,118,1,2,3,1,3,3,4,6525.423729
1450,3,3,12100000,118,1,2,2,1,6,1,3,8344.827586
1140,3,3,7400000,118,3,2,3,1,3,3,4,6491.22807
1300,3,3,9200000,118,1,1,1,2,3,3,3,7076.923077
1250,3,3,7500000,118,1,2,2,2,2,3,4,6000
1250,3,3,7500000,118,1,2,2,1,2,2,4,6000
1250,3,3,7500000,118,1,2,2,1,2,3,4,6000
1230,3,3,7400000,118,1,2,2,1,2,1,4,6016.260163
1230,3,3,7400000,118,1,2,2,1,2,3,4,6016.260163
1230,3,3,7400000,118,1,2,2,1,2,3,4,6016.260163
1300,3,3,7500000,47,1,1,1,1,3,3,3,5769.230769
1230,3,3,7400000,118,1,2,2,1,2,3,4,6016.260163
1230,3,3,7400000,118,1,2,2,1,2,1,4,6016.260163
1650,3,4,8200000,13,1,2,2,2,5,2,4,4969.69697
1200,3,3,6000000,118,1,2,2,1,2,3,3,5000
1700,3,4,14000000,20,1,1,2,2,2,2,4,8235.294118
650,2,2,3000000,118,1,1,2,1,1,2,3,4615.384615
1100,2,3,5500000,118,1,1,2,1,5,3,3,5000
800,2,2,4000000,58,1,2,3,1,3,1,3,5000
1350,3,3,6000000,41,1,2,1,1,2,2,3,4444.444444
1134,3,3,4900000,176,5,1,3,2,4,3,3,4320.987654
1450,3,3,10000000,37,1,1,2,1,3,2,3,6896.551724
2500,5,4,14000000,58,1,1,3,1,2,2,4,5600
815,2,2,3800000,118,1,1,1,2,1,1,3,4662.576687
1150,2,3,5040000,118,1,2,1,1,4,3,3,4382.608696
2150,3,3,17500000,118,1,2,3,1,3,2,4,8139.534884
2150,3,3,17500000,118,1,2,3,1,3,3,4,8139.534884
1700,4,3,14000000,178,1,2,1,1,3,3,3,8235.294118
800,2,3,4700000,118,5,1,2,2,1,2,4,5875
1400,3,3,11000000,178,1,1,2,4,3,3,3,7857.142857
800,2,3,4700000,118,4,3,2,1,1,3,4,5875
1000,2,3,6200000,166,1,1,2,1,4,3,3,6200
10000,10,19,85000000,61,1,1,1,1,1,3,2,8500
1150,3,3,6500000,2,1,2,3,1,3,2,5,5652.173913
920,2,3,4500000,118,1,1,1,2,1,3,3,4891.304348
2750,5,4,23000000,92,1,1,1,1,4,3,3,8363.636364
920,2,3,4500000,118,1,1,1,1,1,3,3,4891.304348
920,2,3,4500000,118,1,1,1,1,1,3,3,4891.304348
1164,3,3,7200000,82,1,1,3,1,3,1,4,6185.56701
950,2,3,5300000,118,1,1,1,2,1,3,3,5578.947368
1015,2,3,5400000,118,1,2,2,1,2,3,4,5320.197044
1100,3,3,8800000,170,1,1,1,1,2,3,3,8000
1200,3,2,4500000,13,1,1,1,1,1,3,4,3750
1600,3,3,10000000,104,4,1,2,1,1,3,3,6250
1650,3,3,9675000,104,4,1,2,2,1,3,3,5863.636364
1450,3,3,7500000,11,2,2,2,1,4,2,3,5172.413793
1400,3,3,7920000,104,1,1,2,1,1,1,3,5657.142857
1300,3,3,9800000,13,1,2,2,2,3,1,4,7538.461538
1090,3,3,12000000,31,1,1,2,3,2,2,3,11009.17431
1650,3,3,9075000,11,1,1,1,3,1,3,3,5500
2350,5,4,14200000,25,1,1,3,1,2,2,5,6042.553191
1192,3,3,5700000,13,1,1,2,1,2,3,4,4781.879195
2500,4,4,17500000,3,1,2,2,1,1,1,3,7000
935,2,3,4900000,118,1,1,1,1,1,2,3,5240.641711
1175,2,2,4500000,13,5,1,2,1,1,1,4,3829.787234
600,1,2,3000000,122,3,2,1,2,1,1,3,5000
1460,3,3,7500000,11,1,1,2,2,4,1,3,5136.986301
1200,3,3,6000000,118,4,2,2,1,2,3,3,5000
1120,2,3,7000000,118,4,2,1,1,5,3,3,6250
750,2,2,4200000,118,1,1,2,1,3,2,3,5600
1632,3,3,9160000,9,1,2,2,1,2,3,3,5612.745098
1563,3,3,9568000,161,1,1,2,1,3,3,3,6121.5611
1632,3,3,9160000,9,1,2,2,1,2,2,3,5612.745098
1350,3,3,9500000,37,2,2,1,1,3,2,2,7037.037037
1632,3,3,9160000,9,1,2,2,1,2,3,3,5612.745098
1742,3,3,8500000,13,2,1,3,1,2,2,3,4879.448909
1785,3,3,12200000,104,1,1,2,1,1,1,3,6834.733894
1600,3,3,9500000,14,1,2,2,1,2,2,4,5937.5
850,2,2,4400000,101,1,1,2,1,5,2,3,5176.470588
1050,2,3,4800000,118,1,1,1,1,1,1,4,4571.428571
1654,4,3,9200000,178,2,2,2,2,5,2,3,5562.273277
1000,2,3,4000000,118,1,1,1,1,1,3,4,4000
1300,3,3,5600000,41,1,1,1,1,2,1,4,4307.692308
2275,4,3,17500000,37,1,2,1,1,2,2,3,7692.307692
2380,4,4,27500000,37,5,2,2,1,4,3,4,11554.62185
1463,3,3,7000000,118,1,1,1,1,6,2,3,4784.688995
1485,4,3,8000000,118,1,2,1,1,3,3,4,5387.205387
2380,5,4,27500000,37,1,2,2,2,4,2,4,11554.62185
2380,5,4,27500000,37,2,2,2,1,4,2,4,11554.62185
1175,2,3,6300000,118,2,1,2,1,5,3,3,5361.702128
2500,3,3,22500000,2,1,1,1,1,2,1,4,9000
1671,3,2,15500000,37,1,2,2,3,6,1,4,9275.882705
1400,3,3,8200000,13,1,3,2,1,1,2,3,5857.142857
1380,3,3,10500000,118,1,2,1,1,4,3,4,7608.695652
1175,2,3,6300000,118,4,1,2,1,4,3,3,5361.702128
1226,3,3,5900000,41,1,2,1,2,1,2,3,4812.398042
14740,10,33,94500000,13,1,1,2,1,2,3,3,6411.126187
1300,3,3,8000000,178,1,2,3,1,4,3,4,6153.846154
1365,3,3,9000000,170,1,2,1,1,1,1,3,6593.406593
1460,3,3,9000000,118,1,1,1,1,3,3,4,6164.383562
1800,4,3,12000000,2,1,2,3,3,3,3,5,6666.666667
1150,3,3,5900000,174,1,2,3,1,3,3,4,5130.434783
850,2,2,4800000,118,1,1,2,1,2,3,4,5647.058824
1400,3,3,9800000,61,2,1,1,1,3,3,3,7000
1550,4,3,13500000,37,1,1,1,1,3,3,3,8709.677419
1553,3,3,10500000,118,4,1,1,1,5,2,3,6761.107534
950,3,3,9050000,122,1,2,2,1,1,1,3,9526.315789
1100,3,3,7000000,109,1,1,2,1,1,1,3,6363.636364
1275,3,3,7394000,109,1,1,2,1,1,3,3,5799.215686
1275,3,3,7394000,109,1,1,2,1,1,2,3,5799.215686
1275,3,3,7394000,109,2,1,2,1,1,1,3,5799.215686
1275,3,3,7394000,109,2,1,2,1,1,2,3,5799.215686
1650,3,3,9075000,11,1,2,2,1,1,3,3,5500
1872,3,3,19000000,118,1,2,2,1,5,1,3,10149.57265
1200,3,3,6500000,118,1,1,2,2,3,2,3,5416.666667
1220,2,3,5000000,118,3,1,2,2,3,3,3,4098.360656
1220,2,3,5000000,118,1,1,2,1,3,3,3,4098.360656
1220,2,3,5000000,118,4,1,2,2,3,1,3,4098.360656
775,2,2,5200000,120,1,1,2,3,3,3,3,6709.677419
1370,3,3,6000000,58,5,1,3,1,5,2,3,4379.562044
1370,3,3,6000000,58,1,3,3,1,5,1,3,4379.562044
1789,3,3,8600000,104,5,2,3,1,3,3,5,4807.154835
1120,3,3,6000000,118,4,1,2,1,3,1,3,5357.142857
1350,3,3,7200000,118,1,1,2,1,3,3,3,5333.333333
1000,2,3,5700000,118,1,1,1,1,5,3,3,5700
850,2,2,4300000,118,1,1,2,1,3,2,3,5058.823529
1342,3,3,8800000,14,1,2,2,1,3,3,4,6557.377049
1220,3,3,7500000,118,1,1,2,1,1,3,3,6147.540984
1220,3,3,7500000,118,1,1,2,1,3,2,3,6147.540984
1265,3,3,8500000,118,1,2,2,1,5,2,3,6719.367589
1200,3,3,4800000,12,1,1,2,1,1,3,3,4000
1162,3,3,6050000,105,1,1,2,1,1,2,3,5206.540448
668,2,2,2800000,58,1,1,3,1,3,2,3,4191.616766
600,2,2,2700000,58,4,1,3,1,3,3,3,4500
600,2,2,2600000,58,1,1,3,2,2,1,3,4333.333333
1450,3,3,6600000,41,1,2,1,2,1,3,3,4551.724138
1350,3,3,9500000,37,3,1,1,2,3,3,2,7037.037037
1450,3,3,6400000,41,1,1,1,3,1,3,3,4413.793103
1400,3,3,8450000,14,1,1,2,1,2,3,4,6035.714286
1250,3,3,11500000,37,1,2,3,1,4,1,4,9200
1450,3,3,6300000,41,1,1,1,1,1,1,3,4344.827586
1015,2,2,6000000,118,1,2,2,1,3,2,3,5911.330049
1040,2,2,6400000,118,1,1,2,1,3,2,3,6153.846154
1301,3,3,9800000,118,1,2,1,1,2,3,4,7532.667179
2400,3,3,24000000,37,1,2,3,1,4,3,4,10000
1220,2,3,5000000,118,1,1,2,1,3,2,3,4098.360656
2400,5,6,11500000,118,1,1,3,1,1,3,3,4791.666667
1455,3,3,5200000,63,1,1,1,1,4,3,4,3573.883162
1365,2,3,4800000,63,1,2,1,4,3,3,4,3516.483516
1155,2,3,5000000,63,3,2,1,1,1,2,4,4329.004329
1630,3,3,8150000,127,1,2,2,2,3,3,3,5000
1240,3,3,7320000,118,2,1,2,2,3,3,3,5903.225806
1420,3,3,7100000,127,1,2,2,1,4,3,3,5000
1240,3,3,7320000,118,1,1,2,1,3,1,3,5903.225806
1160,3,3,6880000,118,1,2,2,1,3,2,3,5931.034483
950,2,2,5730000,118,1,1,2,1,3,2,3,6031.578947
1956,3,3,10000000,0,2,2,2,1,2,2,3,5112.474438
1825,4,3,21100000,122,1,2,1,2,2,2,3,11561.64384
950,2,2,5725000,118,1,1,2,1,3,3,3,6026.315789
1350,3,3,6831000,0,2,2,2,1,2,3,3,5060
1835,3,3,9800000,0,1,2,2,1,2,2,3,5340.599455
1654,3,3,9000000,178,4,1,2,1,5,3,3,5441.354293
1750,4,3,11300000,109,3,1,2,1,1,2,3,6457.142857
3806,6,5,30000000,0,1,2,2,1,2,3,3,7882.291119
1290,3,3,6500000,122,1,2,1,2,3,2,3,5038.75969
2150,4,4,21000000,118,1,2,3,1,4,1,3,9767.44186
1638,4,3,10000000,104,4,1,2,1,1,3,3,6105.006105
650,2,2,5600000,61,1,1,1,3,3,2,3,8615.384615
1240,3,3,7320000,118,1,2,2,1,3,3,3,5903.225806
1450,3,3,4785000,21,1,1,2,1,3,1,3,3300
600,2,2,2680000,58,1,1,3,1,3,1,3,4466.666667
1200,2,3,5500000,118,1,2,2,1,3,3,3,4583.333333
1160,3,3,6800000,118,2,2,2,1,3,1,3,5862.068966
600,2,2,2600000,58,1,3,3,2,3,3,3,4333.333333
1150,2,3,5800000,118,1,2,2,1,2,1,4,5043.478261
1253,3,3,7500000,20,1,2,2,1,4,3,4,5985.634477
980,2,2,5700000,118,1,2,2,5,3,2,3,5816.326531
1462,3,3,9200000,14,1,1,2,1,3,2,4,6292.749658
850,2,2,4300000,118,1,1,2,1,3,1,3,5058.823529
1265,3,3,6825000,118,1,2,2,1,5,3,3,5395.256917
1300,3,3,6800000,118,1,1,2,1,3,3,6,5230.769231
1250,3,3,5600000,13,5,2,2,1,2,1,3,4480
1550,3,3,12000000,37,5,2,3,1,4,1,4,7741.935484
1160,3,3,6380000,118,2,2,2,1,3,3,3,5500
1160,3,3,6380000,118,1,2,2,1,3,3,3,5500
950,2,2,5725000,118,1,1,2,1,3,3,3,6026.315789
2150,4,3,22000000,37,1,2,3,1,4,3,4,10232.55814
1000,2,3,4200000,118,4,1,1,1,1,2,4,4200
2170,3,3,17500000,178,4,2,3,3,3,2,4,8064.516129
800,2,2,4000000,58,1,2,3,2,3,3,3,5000
800,2,2,4000000,58,4,1,3,1,3,1,3,5000
950,2,2,5725000,118,1,2,2,4,3,3,3,6026.315789
1558,3,3,7500000,104,1,1,2,1,1,2,3,4813.863928
1153,3,3,5600000,104,4,1,2,1,1,2,3,4856.895056
1301,3,3,9800000,118,1,1,1,1,2,3,4,7532.667179
1420,3,3,7100000,127,1,2,2,1,3,2,3,5000
3732,4,4,37500000,104,1,1,2,1,1,2,3,10048.23151
1450,3,3,9500000,37,1,2,2,1,4,3,4,6551.724138
1250,3,3,8200000,14,1,1,2,1,2,2,4,6560
1850,3,3,19500000,37,1,1,2,1,4,3,4,10540.54054
20685,10,56,67000000,58,4,2,3,2,5,2,3,3239.062122
970,2,2,4000000,58,1,3,3,1,3,3,3,4123.71134
1350,3,3,9170000,118,4,1,2,1,3,3,3,6792.592593
1650,4,4,11400000,118,1,2,2,1,3,1,3,6909.090909
3350,5,4,30000000,3,1,2,3,1,5,1,4,8955.223881
2987,5,4,27000000,3,1,1,1,1,3,3,3,9039.169736
1572,3,3,6400000,0,1,2,2,2,2,3,3,4071.246819
1290,3,3,7795000,118,1,2,2,1,5,2,3,6042.635659
1450,3,3,12500000,37,1,2,2,1,5,3,4,8620.689655
1630,3,3,8150000,127,1,2,2,2,3,2,3,5000
1040,2,2,6200000,118,1,2,3,1,3,3,3,5961.538462
1015,2,2,6000000,118,4,1,2,1,2,3,3,5911.330049
1265,3,3,8500000,118,1,2,2,1,5,3,3,6719.367589
1300,3,3,9800000,118,2,2,2,2,5,3,3,7538.461538
730,2,2,4500000,118,1,2,1,2,5,3,3,6164.383562
2000,4,4,9000000,13,4,1,2,1,2,3,4,4500
1455,3,3,7861000,109,1,1,2,1,2,3,3,5402.749141
2050,4,3,14000000,127,1,2,3,1,2,2,5,6829.268293
1050,2,2,6000000,12,1,2,2,1,1,1,3,5714.285714
1336,3,3,7000000,10,2,1,2,1,2,3,3,5239.520958
1300,4,4,5800000,118,4,4,1,1,1,2,3,4461.538462
1210,3,3,8200000,35,1,1,1,1,4,1,4,6776.859504
1553,4,3,11000000,118,4,2,2,3,3,2,5,7083.065035
1570,3,3,7800000,109,3,1,2,1,1,3,3,4968.152866
1100,3,3,4500000,58,1,1,3,1,3,2,3,4090.909091
1777,3,3,10000000,99,1,2,1,2,3,3,4,5627.462015
2787,4,3,29000000,61,2,1,1,1,3,1,3,10405.45389
950,2,2,5200000,122,4,2,2,1,3,3,4,5473.684211
1550,3,3,12600000,118,1,1,3,2,3,1,3,8129.032258
1700,3,3,6500000,58,3,1,3,1,3,2,3,3823.529412
2203,4,4,22000000,178,1,1,1,5,3,2,3,9986.382206
1672,4,3,11400000,140,2,2,2,1,2,2,5,6818.181818
9000,10,18,80000000,37,1,1,1,2,1,3,2,8888.888889
1692,3,3,11500000,140,1,2,2,1,2,3,5,6796.690307
1050,2,2,3500000,150,4,3,3,1,1,3,3,3333.333333
1654,3,3,10000000,178,1,2,2,2,5,3,3,6045.949214
1410,3,3,7755000,13,3,1,2,1,1,1,3,5500
1100,2,3,5560000,118,1,2,2,1,2,3,4,5054.545455
1432,3,3,8500000,150,1,1,2,1,2,2,3,5935.75419
1420,3,3,7810000,13,1,1,2,2,1,3,3,5500
1420,3,3,7810000,13,1,2,2,1,1,3,3,5500
1432,3,3,8500000,150,2,1,3,1,2,3,3,5935.75419
1445,3,3,10000000,15,3,1,1,1,3,2,4,6920.415225
1450,3,3,8000000,118,1,1,1,2,3,3,3,5517.241379
6200,5,5,65000000,104,3,1,2,2,2,3,4,10483.87097
1650,3,4,9000000,118,1,2,2,1,2,3,4,5454.545455
1420,3,3,8500000,150,1,1,3,1,2,2,3,5985.915493
1080,2,2,8500000,37,1,2,3,1,4,1,4,7870.37037
1650,3,4,9000000,118,1,2,2,1,2,3,4,5454.545455
1787,3,3,13500000,178,2,1,2,1,5,3,3,7554.560716
1331,3,3,6000000,13,1,2,2,1,1,1,3,4507.888805
1300,3,3,6500000,12,1,3,1,1,1,2,3,5000
1331,3,3,6500000,13,1,2,2,1,2,3,3,4883.546206
950,2,2,5600000,12,1,1,1,1,3,3,3,5894.736842
773,2,2,2800000,71,1,1,1,1,1,3,3,3622.25097
1410,3,3,7755000,13,1,1,2,1,1,3,3,5500
1050,2,3,5300000,20,1,1,2,1,4,2,4,5047.619048
2085,3,3,17000000,2,1,2,3,1,2,3,5,8153.477218
10890,10,18,105000000,140,1,2,1,1,1,1,5,9641.873278
1290,3,3,7700000,118,5,2,3,1,3,2,3,5968.992248
1300,2,3,6500000,118,1,1,2,1,3,3,3,5000
1658,4,3,16500000,178,1,2,3,1,3,2,4,9951.749095
1950,3,3,13300000,3,1,2,3,1,3,2,5,6820.512821
1060,3,2,10600000,116,1,2,2,1,3,3,4,10000
840,2,2,4500000,118,1,2,1,1,4,3,4,5357.142857
1455,3,3,7675000,90,4,1,2,1,3,3,4,5274.914089
1450,3,3,7700000,13,1,1,2,1,1,2,3,5310.344828
1490,3,3,7850000,90,1,1,2,1,2,3,4,5268.456376
1425,3,3,6495000,63,1,1,1,1,1,1,4,4557.894737
1500,3,3,6000000,13,1,1,2,1,1,3,3,4000
1440,3,3,12500000,178,1,2,3,2,3,3,4,8680.555556
1384,3,3,9000000,17,2,1,2,2,3,3,3,6502.890173
1575,4,3,17800000,178,2,2,1,1,3,2,4,11301.5873
1290,3,3,7800000,118,2,2,3,1,3,2,3,6046.511628
1331,3,3,5700000,13,1,2,2,2,2,2,3,4282.494365
1050,2,2,6180000,118,1,1,2,1,5,3,2,5885.714286
1290,3,3,7700000,118,3,1,3,1,3,2,3,5968.992248
1266,3,3,6000000,63,1,1,1,1,1,2,4,4739.336493
1087,2,3,5775000,118,4,2,2,2,2,3,4,5312.787489
850,2,2,3000000,41,1,2,1,1,1,2,3,3529.411765
1152,3,3,4500000,21,1,1,1,2,1,3,3,3906.25
1050,3,3,4700000,118,1,1,3,1,2,1,4,4476.190476
1700,3,3,13000000,104,1,2,1,1,2,2,4,7647.058824
1100,2,3,3500000,41,5,1,1,1,1,1,3,3181.818182
1370,3,3,15000000,122,4,1,2,3,3,3,4,10948.90511
1400,3,3,11000000,37,1,2,1,1,4,2,5,7857.142857
1100,2,3,4600000,41,1,1,2,2,1,3,3,4181.818182
1500,3,3,12500000,37,1,2,1,3,5,2,4,8333.333333
1100,2,3,3900000,41,1,1,2,1,1,1,3,3545.454545
1285,2,3,5300000,58,2,2,3,2,2,3,4,4124.513619
2750,5,4,20000000,63,1,1,1,1,1,3,5,7272.727273
1100,2,3,4600000,41,4,1,1,1,1,3,3,4181.818182
2290,3,3,22500000,37,1,1,1,1,4,3,6,9825.327511
1220,2,3,7200000,118,1,1,1,1,4,3,5,5901.639344
1550,3,3,11000000,37,1,1,1,1,3,3,3,7096.774194
887,2,2,5500000,17,1,1,2,1,4,3,3,6200.676437
1384,3,3,9200000,17,1,1,2,1,3,1,3,6647.398844
1300,3,3,8000000,118,1,1,1,1,3,2,2,6153.846154
1350,3,3,7550000,118,1,2,2,1,5,2,3,5592.592593
1250,2,3,6800000,118,1,2,2,2,2,3,4,5440
1050,2,2,4800000,82,1,1,2,3,2,3,4,4571.428571
1200,3,3,8500000,178,1,2,3,1,3,2,4,7083.333333
1385,3,3,10500000,37,4,2,3,1,4,3,4,7581.227437
1470,3,3,13500000,178,1,1,2,1,2,2,4,9183.673469
1314,3,3,7570000,41,2,2,1,2,1,3,3,5761.035008
9000,10,10,65000000,13,1,1,1,1,4,3,2,7222.222222
2350,4,4,18500000,118,1,1,1,3,3,3,3,7872.340426
1180,2,3,6500000,118,1,2,2,1,2,2,4,5508.474576
850,2,3,8000000,37,1,2,1,2,3,3,3,9411.764706
1180,2,3,6500000,118,5,2,2,2,2,1,4,5508.474576
1080,2,3,6000000,118,1,2,2,1,2,3,4,5555.555556
1170,2,3,6450000,118,3,2,2,1,2,2,4,5512.820513
1300,2,3,5800000,41,1,2,3,1,1,3,3,4461.538462
1166,2,3,5800000,82,1,2,2,2,2,3,3,4974.271012
1350,3,3,6500000,118,1,1,1,2,3,2,3,4814.814815
1320,3,3,10500000,118,1,1,1,1,3,3,3,7954.545455
1350,3,3,6500000,118,2,1,1,2,3,1,3,4814.814815
1400,3,3,8500000,17,1,1,2,1,3,2,3,6071.428571
1630,3,3,14000000,104,1,1,2,2,1,2,4,8588.957055
1100,3,3,8500000,37,3,1,1,1,4,2,3,7727.272727
2169,4,3,9600000,13,1,2,2,1,2,1,3,4426.002766
1300,3,3,12500000,37,1,2,1,1,3,2,5,9615.384615
1082,3,3,4500000,21,1,1,2,1,1,1,3,4158.96488
1170,3,3,4900000,118,1,1,2,1,3,3,3,4188.034188
1450,3,3,9500000,37,1,2,2,1,4,3,4,6551.724138
1320,3,3,9130000,178,1,1,2,1,2,3,4,6916.666667
2250,3,4,19000000,31,1,2,2,1,2,1,3,8444.444444
850,2,2,5500000,120,1,1,2,1,1,3,4,6470.588235
861,2,2,4850000,118,1,1,1,1,3,3,3,5632.984901
1600,3,3,9230000,109,2,2,3,1,2,1,5,5768.75
1425,3,3,9000000,145,1,2,2,2,4,3,6,6315.789474
2100,4,3,17000000,127,1,1,2,1,1,1,3,8095.238095
1400,3,3,9500000,14,1,1,2,1,1,2,4,6785.714286
2200,3,3,22000000,118,1,1,1,1,3,3,3,10000
1150,3,3,8050000,118,1,1,1,1,3,3,3,7000
1515,3,3,7272000,77,1,1,1,1,2,3,4,4800
975,2,3,5000000,118,1,2,2,2,2,3,4,5128.205128
1076,2,3,11000000,178,1,1,2,1,4,2,3,10223.04833
1346,2,3,6800000,58,1,2,3,1,2,2,4,5052.005944
1175,2,3,7700000,15,1,1,1,1,3,1,4,6553.191489
1050,2,3,4500000,118,3,1,2,1,2,3,3,4285.714286
1245,2,3,6800000,118,5,2,2,1,2,3,4,5461.84739
920,2,2,3300000,58,4,2,3,1,2,3,4,3586.956522
1580,3,3,7200000,105,1,2,3,1,1,3,3,4556.962025
2385,4,4,21500000,37,1,2,1,1,3,3,2,9014.675052
1275,3,3,8500000,25,1,1,2,4,2,3,2,6666.666667
1300,3,3,7800000,20,1,2,2,1,4,2,1,6000
1880,3,3,13500000,3,1,1,2,1,3,1,2,7180.851064
1275,4,3,12500000,37,1,2,1,2,3,3,2,9803.921569
1708,4,3,10600000,118,1,2,2,1,2,3,3,6206.088993
1720,3,3,10600000,65,1,1,2,1,4,3,4,6162.790698
1400,3,3,10000000,118,1,1,3,2,2,3,3,7142.857143
950,2,3,5200000,118,1,1,1,1,3,3,2,5473.684211
1230,3,3,7400000,118,1,2,2,1,2,3,4,6016.260163
1708,3,3,10600000,118,2,2,2,2,2,2,3,6206.088993
2150,3,3,16500000,37,1,1,2,3,3,2,3,7674.418605
2600,4,4,18500000,2,4,2,3,1,2,2,5,7115.384615
2080,4,3,18500000,37,1,2,1,1,5,1,5,8894.230769
1500,3,3,9500000,65,1,1,2,1,1,3,4,6333.333333
13300,10,21,105000000,13,1,1,2,1,1,2,2,7894.736842
1900,4,4,16000000,37,1,2,3,1,3,3,4,8421.052632
1466,2,3,12000000,178,1,1,2,2,2,2,2,8185.538881
1450,3,3,9500000,178,1,1,2,1,1,2,2,6551.724138
1850,3,3,11500000,104,1,2,2,2,3,1,6,6216.216216
1180,3,3,8000000,15,1,1,2,1,2,1,3,6779.661017
1579,3,3,14600000,178,1,2,1,1,2,1,2,9246.358455
1000,2,2,4500000,58,1,2,3,1,2,2,2,4500
2226,3,3,22000000,37,1,1,2,1,2,2,2,9883.198562
1440,4,3,7300000,17,1,1,2,1,4,3,3,5069.444444
1720,3,3,13000000,178,1,1,2,1,1,2,2,7558.139535
1290,3,3,9000000,178,1,2,1,1,3,3,2,6976.744186
2222,4,3,22500000,37,4,2,1,1,3,3,2,10126.0126
1400,3,3,6000000,41,1,1,1,1,1,2,2,4285.714286
815,2,2,4200000,118,1,2,2,2,2,2,2,5153.374233
948,3,2,7000000,178,1,1,2,1,3,1,2,7383.966245
1320,3,3,5000000,58,1,2,3,3,2,3,3,3787.878788
1600,3,3,7200000,13,5,1,1,1,2,2,2,4500
2000,3,3,10500000,13,1,1,2,1,2,2,6,5250
1030,2,3,4200000,11,1,1,2,1,1,3,2,4077.669903
1450,4,3,13000000,37,1,1,2,1,2,3,2,8965.517241
1212,2,3,4000000,41,1,1,1,1,1,2,2,3300.330033
1420,3,3,10800000,118,1,2,2,1,2,2,4,7605.633803
700,1,2,3300000,111,1,1,2,1,3,3,3,4714.285714
1350,3,3,5700000,100,4,1,2,1,4,3,4,4222.222222
1149,2,2,8500000,166,1,1,2,1,4,2,4,7397.737163
1510,3,3,14500000,124,5,1,2,1,3,3,3,9602.649007
650,2,2,3400000,118,1,1,2,1,2,3,5,5230.769231
2720,4,5,18500000,178,3,1,1,1,1,2,3,6801.470588
1415,3,3,10800000,25,1,2,2,2,1,1,4,7632.508834
873,2,3,6200000,25,1,2,2,1,2,3,2,7101.947308
2000,4,4,17900000,118,1,2,2,1,2,3,4,8950
1950,3,4,16500000,15,1,2,2,1,4,3,3,8461.538462
1076,2,2,11000000,178,1,1,1,2,1,1,3,10223.04833
650,2,2,3800000,118,1,1,2,2,1,2,4,5846.153846
1100,3,3,5000000,118,1,2,2,1,1,2,3,4545.454545
1500,3,3,9000000,118,5,2,3,1,3,3,3,6000
1265,3,3,7000000,17,1,2,2,1,2,1,4,5533.596838
1950,3,4,16500000,15,1,2,2,1,4,3,3,8461.538462
1230,2,3,6000000,100,1,1,2,1,4,3,5,4878.04878
1200,2,3,6000000,100,1,1,2,1,4,2,5,5000
1950,3,4,16500000,15,1,2,2,1,4,2,3,8461.538462
1300,3,3,8000000,85,4,1,3,1,2,3,3,6153.846154
1002,2,2,6800000,145,4,2,2,1,2,3,3,6786.427146
870,2,2,6000000,118,2,1,2,1,3,3,4,6896.551724
1265,3,3,7000000,17,1,2,2,2,2,3,4,5533.596838
650,2,2,3800000,118,2,1,2,1,3,1,4,5846.153846
950,2,2,5500000,118,1,1,2,2,2,3,3,5789.473684
1160,3,3,11000000,118,1,2,3,1,3,3,4,9482.758621
1300,3,3,6500000,118,5,1,2,1,4,3,4,5000
1380,3,3,12200000,116,1,1,1,2,2,2,3,8840.57971
1420,3,3,10800000,118,2,2,2,2,2,3,4,7605.633803
1950,3,3,20000000,37,1,2,2,1,5,2,4,10256.41026
1850,4,4,21500000,178,1,2,2,1,3,2,3,11621.62162
1155,2,3,6500000,118,1,1,3,2,3,3,4,5627.705628
1650,3,3,18500000,178,1,1,1,1,1,2,3,11212.12121
1400,3,3,8000000,118,4,1,1,1,3,2,4,5714.285714
1425,3,3,8000000,118,1,1,1,1,3,2,4,5614.035088
1900,5,4,15500000,116,4,2,2,1,3,1,4,8157.894737
1300,3,3,10000000,15,1,1,2,1,3,1,4,7692.307692
1650,3,3,18500000,178,1,1,1,2,1,1,3,11212.12121
800,2,2,6000000,61,1,1,1,2,4,3,4,7500
1600,3,3,9500000,82,4,1,2,1,3,3,5,5937.5
730,2,2,4000000,163,1,1,2,1,3,3,3,5479.452055
1200,3,3,7200000,14,1,2,2,1,4,3,4,6000
1350,4,3,8000000,2,1,1,2,1,4,3,2,5925.925926
1496,3,3,11300000,35,1,1,1,1,1,3,3,7553.475936
1496,3,3,11300000,35,1,2,2,1,4,2,4,7553.475936
1496,3,3,11300000,35,1,2,3,1,5,1,5,7553.475936
1360,3,3,12900000,118,4,2,2,1,2,3,4,9485.294118
1633,3,3,11200000,35,1,2,2,3,3,3,4,6858.54256
1200,3,3,6500000,47,1,1,1,2,2,2,4,5416.666667
1560,3,3,10000000,2,1,2,3,5,2,3,5,6410.25641
1500,3,3,7000000,122,1,2,2,1,2,3,3,4666.666667
1496,3,3,11300000,35,1,2,2,1,4,3,4,7553.475936
1300,3,3,7000000,118,1,1,2,1,1,3,3,5384.615385
750,2,2,4500000,166,2,1,1,1,2,2,3,6000
1754,4,3,17000000,122,1,2,1,1,4,1,4,9692.132269
1200,3,3,8500000,82,1,2,2,2,3,3,3,7083.333333
1500,3,3,13500000,118,1,2,2,2,6,2,3,9000
1592,3,3,10300000,166,4,2,2,1,2,2,3,6469.849246
700,2,2,3000000,118,3,2,3,1,1,3,3,4285.714286
860,2,2,4700000,118,2,1,1,3,4,3,4,5465.116279
1600,4,3,11000000,9,1,1,2,1,1,3,2,6875
1300,3,3,7000000,118,1,1,1,1,1,3,3,5384.615385
1300,3,3,7000000,118,1,1,1,1,1,3,3,5384.615385
1025,3,3,6500000,118,1,1,2,1,2,3,4,6341.463415
1300,3,3,7000000,118,4,1,3,1,1,3,3,5384.615385
2380,4,4,26800000,37,1,1,2,2,3,3,3,11260.5042
1400,3,3,10500000,122,1,2,2,1,3,2,4,7500
1336,3,3,9900000,20,1,2,2,3,5,1,6,7410.179641
1480,3,3,8500000,118,1,1,1,1,1,2,4,5743.243243
850,2,2,4800000,118,2,1,2,1,2,1,4,5647.058824
2100,4,3,24000000,178,1,2,3,1,3,2,4,11428.57143
1525,3,3,12500000,178,1,1,1,2,1,3,3,8196.721311
1765,3,3,14000000,118,1,2,2,1,2,3,4,7932.011331
1525,4,3,8800000,178,1,2,2,1,6,1,2,5770.491803
1050,2,3,6000000,122,1,1,2,1,4,2,4,5714.285714
850,2,2,4800000,118,4,1,2,2,2,2,4,5647.058824
836,2,2,6200000,114,3,2,2,1,2,2,3,7416.267943
1020,2,3,4900000,60,1,1,2,1,2,2,3,4803.921569
1254,3,3,8600000,114,1,1,2,1,2,3,3,6858.054226
1500,3,3,8200000,20,4,2,3,1,2,2,3,5466.666667
1540,4,3,7500000,174,3,1,1,1,2,1,4,4870.12987
1417,3,3,7500000,118,3,1,2,1,2,3,3,5292.872265
2343,3,3,21000000,178,1,1,2,1,5,3,3,8962.868118
1449,3,3,11500000,178,1,1,2,2,2,2,4,7936.507937
1397,3,3,6500000,60,3,2,2,1,2,1,3,4652.827487
1150,3,3,8000000,118,1,1,1,1,3,3,4,6956.521739
1950,4,3,16800000,178,1,1,1,2,1,1,3,8615.384615
1200,3,3,9000000,15,1,1,2,1,2,1,3,7500
1350,3,3,7000000,100,1,2,2,1,5,3,4,5185.185185
1300,3,3,7700000,163,1,2,2,3,4,3,4,5923.076923
800,2,2,4000000,41,2,1,1,1,3,1,3,5000
1372,3,3,11000000,61,1,2,2,1,4,3,3,8017.492711
2000,3,3,18500000,37,1,2,2,2,4,3,4,9250
1180,3,3,7680000,20,1,1,2,5,4,2,4,6508.474576
2000,3,4,14500000,118,1,2,2,2,2,3,4,7250
1750,3,3,13000000,178,1,1,1,2,1,3,3,7428.571429
550,1,2,2600000,28,1,2,1,1,3,2,3,4727.272727
1300,3,3,7800000,163,1,2,2,1,4,3,4,6000
1975,4,3,23000000,178,1,1,2,1,1,3,3,11645.56962
1300,3,3,7500000,163,1,2,2,1,4,3,4,5769.230769
900,2,3,5000000,20,1,2,3,1,4,2,3,5555.555556
1568,3,3,12500000,25,5,2,2,1,3,3,4,7971.938776
1340,3,3,9000000,118,5,1,1,1,2,1,4,6716.41791
1300,3,3,7600000,163,4,1,2,1,4,2,4,5846.153846
900,2,2,5000000,118,1,1,2,2,3,3,3,5555.555556
1537,3,3,13500000,37,1,1,2,1,3,1,3,8783.344177
1537,3,3,13500000,37,1,1,2,1,3,3,3,8783.344177
1300,3,3,8100000,163,1,2,2,1,4,3,4,6230.769231
1300,3,3,7800000,163,1,2,2,1,4,3,4,6000
1300,3,3,7600000,163,1,2,2,1,4,1,4,5846.153846
1515,3,3,7800000,174,1,1,2,1,2,1,3,5148.514851
1300,3,3,7900000,163,1,1,2,2,4,3,4,6076.923077
1300,3,3,8000000,163,1,1,2,1,4,3,4,6153.846154
1900,4,4,13500000,17,1,2,2,1,3,3,3,7105.263158
850,2,2,5200000,118,1,2,2,1,2,3,4,6117.647059
850,2,2,5200000,118,1,2,2,5,2,1,4,6117.647059
850,2,2,5200000,118,1,2,2,1,2,3,4,6117.647059
2343,3,3,24000000,178,5,1,2,1,5,1,3,10243.27785
850,2,2,5200000,118,1,2,2,1,2,2,4,6117.647059
785,2,2,8250000,178,1,1,3,2,2,1,3,10509.55414
1050,3,3,7500000,118,1,1,1,2,3,2,4,7142.857143
1900,3,3,19000000,37,1,1,2,1,3,3,3,10000
1600,2,2,11500000,178,2,1,2,2,5,3,3,7187.5
1100,2,3,7000000,12,1,2,2,2,3,2,3,6363.636364
1040,3,3,6200000,20,1,1,2,1,3,2,3,5961.538462
1297,3,3,6500000,178,1,2,2,1,3,2,3,5011.56515
850,2,2,5200000,118,1,2,2,1,2,3,4,6117.647059
1300,3,3,9400000,15,5,1,2,1,3,2,4,7230.769231
1300,3,3,9000000,20,4,4,2,1,2,3,3,6923.076923
1300,3,3,7500000,118,1,1,2,1,2,1,4,5769.230769
1600,3,4,12000000,20,1,1,3,3,4,2,2,7500
1150,3,3,7700000,82,1,1,2,1,2,1,4,6695.652174
1257,3,3,8170000,102,3,1,1,1,1,1,3,6499.602228
1175,3,3,7350000,118,1,1,1,1,2,2,3,6255.319149
1465,3,3,8600000,118,1,1,1,1,3,3,3,5870.307167
1175,3,3,7350000,118,1,2,2,1,2,2,3,6255.319149
1270,3,3,8050000,118,2,1,2,1,2,1,3,6338.582677
1200,3,3,6900000,47,1,2,1,2,3,3,4,5750
1100,3,3,5500000,41,1,2,1,5,1,2,3,5000
1125,3,3,6000000,118,1,1,2,1,2,3,2,5333.333333
1175,3,3,7350000,118,3,2,3,1,2,3,3,6255.319149
1130,3,3,5700000,118,1,3,1,1,1,3,3,5044.247788
1200,3,3,6900000,47,3,3,1,1,3,3,3,5750
1800,3,3,17200000,37,1,1,2,2,2,1,3,9555.555556
1992,4,4,11200000,122,1,1,1,1,4,2,3,5622.48996
1200,3,3,6900000,47,4,2,1,2,3,2,4,5750
1600,3,3,13200000,25,1,2,3,1,3,3,3,8250
1180,3,3,7800000,20,1,2,3,1,4,3,5,6610.169492
950,2,2,5300000,82,1,2,2,1,2,1,4,5578.947368
1317,3,3,8561000,102,1,1,1,2,1,2,3,6500.379651
1350,3,3,6500000,12,4,1,1,1,1,3,3,4814.814815
2647,4,4,24500000,37,1,2,2,1,4,3,4,9255.761239
1060,3,3,7000000,25,1,1,2,5,3,3,3,6603.773585
1176,3,3,7644000,102,1,1,1,3,1,1,3,6500
1500,4,3,11500000,178,3,2,3,1,3,3,4,7666.666667
2275,4,4,21000000,37,1,2,1,2,4,3,3,9230.769231
900,2,2,5500000,178,1,1,3,1,3,3,3,6111.111111
1200,3,3,7500000,12,5,2,1,1,5,3,3,6250
930,2,3,6200000,61,1,1,2,2,4,1,3,6666.666667
1480,3,3,7900000,41,1,1,2,1,2,3,3,5337.837838
1215,3,3,6000000,41,2,2,1,1,4,2,3,4938.271605
1050,3,3,5700000,25,1,2,3,1,4,1,3,5428.571429
1050,3,3,5700000,25,1,1,3,3,4,2,3,5428.571429
700,2,2,3200000,118,1,1,3,5,1,3,4,4571.428571
1060,3,3,7200000,25,1,1,2,1,3,2,3,6792.45283
1600,3,3,13000000,118,1,1,1,1,3,2,4,8125
2540,4,4,20500000,25,1,2,3,3,5,3,4,8070.866142
1500,3,3,7500000,122,1,2,2,1,5,2,4,5000
1560,3,3,7500000,41,1,1,1,1,1,1,3,4807.692308
1120,3,3,6800000,20,1,1,3,2,5,2,3,6071.428571
720,2,2,4300000,122,3,1,2,1,4,3,3,5972.222222
1100,2,3,7600000,25,1,1,1,1,3,3,4,6909.090909
1015,2,2,6597000,102,1,1,1,1,1,3,3,6499.507389
1043,2,2,6780000,102,1,1,1,1,1,3,3,6500.479386
1250,3,3,6500000,21,2,1,2,1,3,1,3,5200
1620,3,3,12200000,178,4,2,2,1,1,2,3,7530.864198
1050,3,3,5700000,25,1,2,3,1,4,2,3,5428.571429
1580,3,3,18000000,134,1,1,1,4,6,3,10,11392.40506
1340,3,3,16200000,79,1,1,2,1,4,3,3,12089.55224
1350,3,3,12200000,118,1,2,2,2,2,3,4,9037.037037
1330,3,3,9500000,122,1,1,3,1,4,2,3,7142.857143
2230,3,3,22000000,22,3,2,1,4,5,3,12,9865.470852
1775,3,4,17200000,37,3,1,2,1,3,3,3,9690.140845
1282,3,3,8300000,25,1,2,2,2,5,2,3,6474.25897
1050,3,3,5700000,25,1,1,3,1,4,3,3,5428.571429
1210,3,3,6500000,20,1,3,2,1,2,3,3,5371.900826
1020,2,3,4800000,20,1,1,2,1,4,2,4,4705.882353
1250,3,3,9000000,61,1,2,2,2,4,2,3,7200
2600,5,4,25000000,15,1,2,1,1,1,2,4,9615.384615
1307,3,3,14200000,122,1,2,1,1,4,1,4,10864.57536
1100,2,3,7500000,25,1,1,1,1,3,3,3,6818.181818
1000,2,2,6000000,20,1,1,2,1,4,2,4,6000
1850,3,3,16500000,37,1,1,1,1,3,3,4,8918.918919
1189,3,3,9682000,61,1,1,1,1,5,3,3,8142.977292
1038,3,3,7000000,25,3,1,2,2,1,3,4,6743.737958
2700,4,4,24000000,37,1,2,2,1,2,1,3,8888.888889
1475,3,3,11000000,15,1,2,3,1,5,3,3,7457.627119
1620,3,3,16700000,92,4,1,1,1,5,3,3,10308.64198
1160,2,3,5500000,20,1,1,3,2,5,2,3,4741.37931
1825,3,3,20000000,61,1,1,1,1,6,2,3,10958.90411
900,2,2,3300000,21,4,1,1,1,4,3,3,3666.666667
1502,3,3,9000000,174,1,1,1,1,1,2,3,5992.010652
1470,3,3,13500000,178,1,2,2,1,2,2,2,9183.673469
1588,3,3,9800000,63,4,1,2,1,1,2,2,6171.284635
1502,3,3,9000000,174,2,1,3,1,1,2,3,5992.010652
1006,2,2,5500000,25,1,2,2,1,5,1,3,5467.196819
2500,4,4,20500000,25,1,2,2,1,5,2,4,8200
850,2,2,5000000,118,1,2,3,1,1,2,3,5882.352941
1650,3,3,12000000,114,1,2,2,1,4,3,3,7272.727273
2200,4,4,20000000,118,1,2,3,1,3,3,4,9090.909091
1286,2,3,5600000,85,1,1,2,1,3,3,3,4354.587869
1350,3,3,7800000,101,1,1,2,1,2,1,3,5777.777778
1150,3,3,5500000,41,1,2,1,2,1,2,3,4782.608696
850,2,2,4700000,162,1,1,1,2,4,1,4,5529.411765
1260,3,3,6500000,11,4,2,1,1,1,3,3,5158.730159
1100,3,3,5900000,25,1,1,3,1,4,3,3,5363.636364
1190,3,3,8800000,178,1,2,3,1,3,3,4,7394.957983
1400,3,3,9500000,14,1,1,2,1,4,2,4,6785.714286
1860,4,4,14400000,116,2,1,2,1,1,3,3,7741.935484
1150,3,3,7700000,116,1,2,1,1,2,2,3,6695.652174
1500,3,3,6000000,41,1,1,1,1,1,1,3,4000
1246,3,3,6800000,58,1,1,3,3,4,1,3,5457.463884
1600,4,3,14500000,37,1,1,2,4,3,3,3,9062.5
1280,3,3,7200000,101,1,1,2,1,2,3,3,5625
2374,3,3,23000000,37,1,2,2,1,4,3,4,9688.289806
1203,3,3,9000000,25,1,2,2,1,4,1,3,7481.296758
1335,3,4,8000000,85,1,1,2,1,2,1,3,5992.509363
1120,3,3,6800000,101,1,1,2,1,2,3,3,6071.428571
1600,3,3,13200000,14,2,2,2,1,4,3,4,8250
1643,4,3,16800000,37,3,2,3,1,4,3,4,10225.19781
1450,3,3,11000000,41,1,1,1,1,1,3,3,7586.206897
1150,3,3,6500000,118,1,2,2,1,2,1,4,5652.173913
2004,3,3,19000000,178,1,1,2,1,5,1,3,9481.037924
1325,2,3,8600000,174,1,1,1,1,1,3,3,6490.566038
1335,3,3,9900000,35,1,2,2,1,3,1,4,7415.730337
1340,3,3,5800000,122,1,2,1,1,3,3,4,4328.358209
1550,4,3,13500000,37,1,1,2,1,3,3,3,8709.677419
1500,3,3,6000000,41,2,1,1,1,1,3,3,4000
1020,2,3,6500000,118,1,2,1,1,2,2,4,6372.54902
650,2,2,2600000,118,1,2,2,1,1,1,4,4000
890,2,2,4800000,14,1,2,2,1,3,1,3,5393.258427
1900,3,3,18000000,37,1,1,2,1,3,3,3,9473.684211
1700,3,3,12500000,178,1,2,2,2,1,3,3,7352.941176
1300,3,3,12000000,61,1,1,2,2,4,3,4,9230.769231
1800,3,3,13500000,178,1,2,2,2,1,3,3,7500
2350,4,4,23000000,118,1,1,1,1,2,2,4,9787.234043
2397,5,5,21000000,170,3,2,2,4,6,3,12,8760.951189
2374,3,3,23000000,37,2,2,2,1,5,3,4,9688.289806
2374,3,3,23000000,37,5,2,2,2,5,3,4,9688.289806
1565,3,3,12500000,37,1,1,2,2,3,1,3,7987.220447
2374,3,3,23000000,37,1,2,2,1,4,2,4,9688.289806
2374,3,3,23000000,37,1,1,2,1,4,3,4,9688.289806
2374,3,3,23000000,37,1,2,2,1,4,2,4,9688.289806
850,2,2,5000000,118,3,1,2,1,1,1,3,5882.352941
1120,3,3,6800000,20,2,1,2,1,4,3,3,6071.428571
1518,3,3,12400000,178,1,2,2,1,2,3,4,8168.642951
1300,3,3,8600000,145,1,1,1,1,4,3,4,6615.384615
1050,3,3,6000000,82,1,2,3,2,3,3,3,5714.285714
3200,4,4,32000000,73,1,1,1,3,5,2,7,10000
1526,3,3,7800000,60,2,1,2,1,2,3,3,5111.402359
1350,3,3,6700000,118,5,2,2,2,2,1,4,4962.962963
975,2,2,8925000,61,5,2,3,1,2,3,3,9153.846154
1270,3,3,8400000,145,1,1,1,1,4,3,4,6614.173228
1300,3,3,9500000,118,1,1,2,5,3,3,5,7307.692308
1087,3,3,9500000,178,1,2,3,1,3,1,4,8739.650414
1300,3,3,6550000,122,1,1,1,1,4,1,4,5038.461538
1650,3,3,8125000,122,1,1,1,2,4,2,4,4924.242424
2350,4,4,21900000,118,1,2,2,1,2,2,4,9319.148936
2350,3,3,25000000,118,1,1,1,1,3,3,3,10638.29787
1550,3,3,9500000,174,1,2,2,1,4,3,3,6129.032258
981,2,2,5500000,60,1,1,1,2,2,3,4,5606.523955
1050,3,3,6000000,82,1,2,2,1,3,3,3,5714.285714
1175,2,2,9000000,98,1,1,2,1,4,3,3,7659.574468
1812,3,3,15000000,37,1,1,2,1,3,3,3,8278.145695
1285,2,3,9800000,98,1,1,2,1,4,3,3,7626.459144
1812,3,3,15000000,37,1,1,2,1,3,3,3,8278.145695
1812,3,3,15000000,37,1,1,2,1,3,2,3,8278.145695
2025,3,3,23000000,37,1,2,3,1,4,1,4,11358.02469
2300,4,4,20000000,37,1,1,2,2,3,2,3,8695.652174
1550,3,3,10500000,174,1,2,2,4,4,2,3,6774.193548
1150,2,2,6500000,118,1,2,2,1,2,3,4,5652.173913
700,2,2,5000000,122,1,2,2,2,1,2,4,7142.857143
1872,3,3,13500000,118,2,1,1,2,5,2,3,7211.538462
1450,3,3,11000000,37,3,1,3,1,3,1,3,7586.206897
800,2,2,4700000,118,3,2,2,3,3,3,3,5875
1450,3,3,9800000,118,2,2,2,1,2,1,4,6758.62069
1065,3,3,5900000,118,1,2,2,3,2,3,4,5539.906103
1812,3,3,15000000,37,1,1,2,1,3,3,3,8278.145695
1812,3,3,15000000,37,1,1,2,1,3,1,3,8278.145695
1500,3,3,6750000,118,1,2,2,1,3,2,3,4500
1556,3,3,13000000,37,1,1,2,1,3,2,3,8354.755784
1194,3,3,7000000,60,4,3,1,1,2,3,4,5862.646566
850,2,2,4500000,118,1,1,3,2,1,2,3,5294.117647
1400,3,3,7500000,47,1,2,2,1,2,2,4,5357.142857
1290,2,3,8000000,4,1,1,2,1,3,2,2,6201.550388
1100,2,2,5500000,118,1,1,1,2,3,1,4,5000
1550,3,3,10500000,174,1,2,2,2,4,2,3,6774.193548
2400,4,4,8000000,41,1,2,1,1,1,3,3,3333.333333
1000,2,3,5000000,118,1,2,2,1,2,1,4,5000
1240,3,3,9200000,178,1,1,1,2,1,3,3,7419.354839
1420,3,3,9500000,118,4,2,2,2,2,1,4,6690.140845
800,2,2,4360000,118,2,2,2,1,2,3,4,5450
1100,3,3,5920000,118,1,2,2,1,2,3,4,5381.818182
1020,2,2,5500000,178,1,1,2,1,4,3,3,5392.156863
1146,3,3,5700000,174,1,1,1,2,1,3,3,4973.82199
1123,3,3,5800000,174,1,1,1,1,1,1,3,5164.737311
1100,3,3,4950000,118,1,2,2,1,2,3,4,4500
1363,3,3,7800000,174,2,1,1,1,1,3,3,5722.67058
1760,4,3,13100000,127,1,1,3,1,1,4,3,7443.181818
923,2,2,5000000,168,1,2,2,2,1,3,3,5417.118093
1600,4,4,8640000,104,1,1,2,2,2,1,3,5400
1235,3,3,7800000,174,1,2,3,2,3,3,4,6315.789474
1100,3,3,5920000,118,2,2,2,1,2,1,4,5381.818182
1403,3,3,8000000,174,1,1,1,2,1,3,3,5702.066999
950,3,3,4800000,185,1,1,2,1,1,3,3,5052.631579
800,2,2,4360000,118,2,2,2,1,2,1,4,5450
900,2,2,4880000,118,4,2,2,1,2,3,4,5422.222222
1100,3,3,5000000,118,2,1,2,1,5,2,3,4545.454545
2600,6,5,21500000,118,1,1,1,1,2,3,3,8269.230769
1270,3,3,9200000,14,3,2,2,1,1,3,4,7244.094488
1450,3,3,9000000,20,1,2,2,1,3,3,4,6206.896552
1200,3,3,9000000,37,1,1,2,2,3,3,3,7500
1100,3,3,6500000,118,1,2,2,1,2,3,4,5909.090909
650,2,2,3200000,118,1,1,2,1,1,1,4,4923.076923
1160,3,3,6600000,61,1,1,2,1,4,3,3,5689.655172
1315,3,3,7500000,21,1,1,1,1,3,2,3,5703.422053
950,2,2,5300000,176,5,1,1,1,1,3,3,5578.947368
1850,3,3,19500000,37,1,1,2,1,1,2,1,10540.54054
1200,3,3,9500000,37,1,1,2,2,3,3,3,7916.666667
1800,3,3,15500000,162,5,2,1,2,4,3,4,8611.111111
1245,3,3,7313000,145,3,2,1,1,3,3,3,5873.895582
1520,3,3,12200000,37,1,1,2,1,4,1,4,8026.315789
2950,5,4,32000000,37,3,1,2,1,3,2,3,10847.45763
2000,3,3,21000000,37,3,2,2,1,5,3,4,10500
1850,3,3,19500000,37,4,1,2,1,3,1,3,10540.54054
1050,3,2,5000000,118,4,1,3,1,3,3,4,4761.904762
800,2,2,4360000,118,1,2,2,1,2,3,4,5450
2700,4,5,32000000,37,1,1,2,1,2,3,3,11851.85185
1400,3,3,7800000,118,1,2,3,1,3,3,4,5571.428571
1800,4,3,13200000,127,1,1,1,1,3,3,3,7333.333333
1688,3,3,14000000,37,1,1,2,1,3,1,3,8293.838863
1180,3,3,7600000,25,1,1,1,1,1,3,4,6440.677966
1500,3,4,11500000,37,4,1,3,1,4,2,4,7666.666667
2407,4,4,26500000,37,1,2,3,1,3,1,4,11009.55546
783,2,2,8000000,106,1,1,2,1,2,3,3,10217.11367
1150,2,3,5900000,174,1,2,3,2,3,3,4,5130.434783
800,2,2,4360000,118,1,2,2,1,2,3,4,5450
875,2,2,8200000,37,1,1,2,2,3,3,3,9371.428571
1054,2,2,4200000,118,1,2,2,1,2,2,4,3984.819734
1600,3,3,10000000,145,1,1,2,1,4,1,4,6250
1100,3,3,6500000,118,1,2,2,1,2,3,4,5909.090909
2108,3,3,19500000,178,1,2,3,2,3,1,4,9250.474383
1450,3,3,6500000,47,1,1,2,1,2,3,4,4482.758621
2100,4,3,20000000,118,1,2,2,1,2,3,4,9523.809524
1320,3,3,8500000,118,5,2,2,1,2,3,3,6439.393939
1190,3,3,9800000,118,1,2,1,1,2,1,4,8235.294118
1250,3,3,7500000,14,2,2,1,1,4,3,4,6000
1360,3,3,8400000,17,1,2,2,2,2,1,4,6176.470588
1350,3,3,6075000,174,1,1,3,1,1,1,3,4500
1540,3,3,9000000,17,1,2,2,1,2,3,4,5844.155844
1580,3,3,9600000,17,1,2,2,2,2,2,4,6075.949367
1600,3,3,11500000,178,1,1,1,1,1,3,3,7187.5
1360,3,3,8400000,17,1,2,2,2,2,2,4,6176.470588
1125,2,3,4400000,13,1,1,2,1,1,3,3,3911.111111
1550,3,3,14000000,37,1,1,2,1,3,2,3,9032.258065
2350,3,3,19000000,37,1,1,2,2,3,3,3,8085.106383
1600,3,3,12000000,178,1,1,1,1,1,2,3,7500
2350,3,3,19000000,37,1,1,2,1,3,3,3,8085.106383
2350,3,3,19000000,37,1,1,2,2,3,1,3,8085.106383
1550,3,3,14000000,37,1,1,2,1,3,3,3,9032.258065
1372,3,3,12000000,178,1,2,2,1,4,4,3,8746.355685
1387,3,3,8000000,41,2,1,2,1,2,3,3,5767.844268
783,2,2,8000000,106,1,1,2,2,1,3,3,10217.11367
1537,3,3,5300000,41,2,1,1,1,1,3,3,3448.275862
800,2,2,4360000,118,1,2,2,1,2,3,4,5450
1000,2,3,5700000,118,1,1,2,1,3,3,3,5700
2250,4,3,18000000,37,2,1,2,1,3,2,3,8000
850,2,2,4000000,118,1,1,2,1,1,2,3,4705.882353
1540,3,3,12000000,37,2,2,1,2,4,1,3,7792.207792
1750,4,4,9000000,118,1,1,2,1,2,2,4,5142.857143
1400,3,3,7500000,122,1,2,2,1,1,3,3,5357.142857
2000,3,3,18000000,37,1,2,1,2,3,2,2,9000
1350,3,3,8500000,178,1,1,1,2,3,3,4,6296.296296
1400,3,3,8000000,15,1,1,2,1,1,2,4,5714.285714
1050,2,3,6000000,118,1,2,2,1,4,3,3,5714.285714
985,2,3,6000000,47,1,1,2,1,6,2,6,6091.370558
2250,4,4,21800000,37,1,1,2,1,3,3,3,9688.888889
1400,3,3,7500000,118,1,2,3,1,3,3,4,5357.142857
1200,3,3,8500000,15,1,1,2,1,2,1,3,7083.333333
1200,3,3,10500000,162,1,1,1,1,4,3,4,8750
2010,3,3,18300000,178,1,1,1,1,2,2,3,9104.477612
1200,3,3,6800000,118,3,2,2,1,2,3,3,5666.666667
1375,3,3,7000000,118,1,1,1,1,3,2,4,5090.909091
1365,3,3,11000000,2,1,2,3,1,2,3,5,8058.608059
1200,3,3,8500000,15,1,1,2,1,2,2,3,7083.333333
990,2,3,5700000,118,1,3,1,1,5,3,3,5757.575758
894,2,3,4700000,58,1,1,1,2,1,3,3,5257.270694
1050,2,3,6000000,118,1,2,3,2,3,3,4,5714.285714
1165,3,3,7800000,47,1,2,2,1,2,3,4,6695.27897
2150,3,3,18500000,37,1,2,3,2,4,3,5,8604.651163
1165,3,3,7800000,47,4,2,2,3,2,3,4,6695.27897
1250,3,3,7200000,118,1,2,2,4,2,1,4,5760
1240,3,3,8184000,61,4,1,2,2,1,3,3,6600
1920,3,3,19500000,178,1,1,1,1,1,3,3,10156.25
1920,3,3,19500000,178,1,1,1,1,1,3,3,10156.25
1021,2,3,6200000,47,1,1,2,1,6,3,6,6072.477963
1725,4,3,12100000,104,1,1,2,1,1,3,3,7014.492754
1460,3,3,8500000,118,1,2,1,1,4,1,4,5821.917808
625,2,2,3400000,118,1,1,3,3,1,3,4,5440
1615,3,3,8200000,174,1,1,1,1,1,2,3,5077.399381
1180,3,3,6500000,118,4,2,2,1,2,3,4,5508.474576
1120,3,3,5500000,178,1,1,2,1,5,3,4,4910.714286
1550,3,4,12000000,37,1,2,2,1,3,1,3,7741.935484
1350,3,3,6000000,118,1,2,2,1,6,2,3,4444.444444
2286,3,3,18000000,104,4,1,2,1,1,2,3,7874.015748
1050,3,3,5800000,63,1,1,2,3,1,1,3,5523.809524
1460,3,3,9800000,118,1,2,1,1,4,1,4,6712.328767
850,2,2,4700000,118,1,1,3,1,1,3,3,5529.411765
1400,3,4,9500000,118,1,1,2,1,2,2,3,6785.714286
2167,4,4,24500000,37,1,2,2,1,5,3,4,11305.95293
1160,3,3,6600000,118,1,2,2,1,4,2,4,5689.655172
1050,3,3,6000000,118,1,1,2,2,2,3,3,5714.285714
1115,3,3,6700000,118,1,1,1,1,3,2,4,6008.96861
2200,3,3,18000000,22,1,2,2,1,2,2,3,8181.818182
1200,3,3,6900000,25,1,2,2,2,5,3,3,5750
1170,3,3,6500000,118,1,2,2,1,2,3,3,5555.555556
1170,3,3,6500000,118,1,1,2,1,2,3,3,5555.555556
1050,2,2,5775000,118,1,1,2,2,3,3,3,5500
900,2,2,5100000,178,1,1,1,1,1,1,3,5666.666667
1058,2,2,4761000,82,1,1,1,1,3,3,3,4500
1250,3,3,7200000,118,1,2,1,1,1,3,3,5760
1600,3,3,11500000,118,1,2,3,1,3,3,4,7187.5
1250,3,3,7200000,118,5,2,3,1,1,1,3,5760
1450,3,3,8000000,118,1,1,3,1,4,4,3,5517.241379
700,2,2,2500000,118,5,1,2,1,2,2,3,3571.428571
1650,4,3,9000000,122,5,2,2,1,3,3,4,5454.545455
1650,4,3,9000000,122,1,1,2,1,3,1,4,5454.545455
1180,3,3,6500000,118,1,1,1,2,3,3,4,5508.474576
1120,2,3,9000000,79,1,2,3,2,3,3,4,8035.714286
3355,4,4,39000000,178,1,1,2,1,5,3,3,11624.44113
1900,4,3,19900000,178,1,1,2,1,1,3,3,10473.68421
1450,3,3,11000000,37,1,1,3,1,3,3,3,7586.206897
1655,3,4,8000000,118,1,1,2,1,3,3,3,4833.836858
1050,2,2,4500000,118,4,1,2,1,2,2,3,4285.714286
1450,3,3,12100000,118,1,2,2,1,5,1,3,8344.827586
1125,3,3,6700000,118,5,1,1,1,3,2,3,5955.555556
1550,3,3,7750000,77,4,1,1,1,2,3,4,5000
2670,4,4,23000000,37,1,2,3,2,4,2,5,8614.23221
1200,3,3,6000000,58,1,2,3,1,3,3,3,5000
2670,3,4,23000000,37,2,2,3,1,4,3,5,8614.23221
1550,3,4,12000000,37,1,4,2,1,3,2,3,7741.935484
2100,3,3,14500000,37,5,2,3,2,3,1,3,6904.761905
2097,3,3,19000000,178,1,1,2,1,5,3,3,9060.562709
1550,3,4,12000000,37,1,1,2,1,3,2,3,7741.935484
1050,2,3,5040000,118,3,2,1,1,4,3,3,4800
1550,3,4,12000000,37,1,1,1,1,3,3,3,7741.935484
1550,3,3,12000000,37,1,2,2,1,3,2,3,7741.935484
1565,3,3,9000000,174,4,1,1,1,1,3,3,5750.798722
894,2,3,4700000,58,1,1,1,2,1,3,3,5257.270694
1150,3,3,6325000,118,1,1,2,1,3,2,3,5500
1052,3,3,4725000,82,1,2,1,1,3,2,3,4491.444867
1350,3,3,8500000,47,5,2,2,1,2,2,4,6296.296296
1350,3,3,5000000,174,1,1,1,1,2,1,3,3703.703704
1350,3,3,5000000,174,3,1,1,1,3,2,3,3703.703704
1100,3,3,7000000,47,1,2,2,1,2,1,4,6363.636364
1540,3,3,9540000,17,1,2,2,1,2,2,4,6194.805195
1520,4,3,12500000,37,1,2,1,1,3,2,3,8223.684211
950,2,3,5200000,118,1,2,2,1,2,2,3,5473.684211
1433,3,3,7132000,41,1,3,1,1,3,3,3,4976.971389
1026,2,2,7000000,4,1,2,2,1,4,1,3,6822.612086
1665,4,3,9500000,87,1,2,2,1,6,2,4,5705.705706
1650,3,3,11500000,37,5,1,1,2,4,3,3,6969.69697
1800,4,4,9000000,118,1,1,1,1,5,2,3,5000
1600,3,3,11500000,37,1,1,3,1,2,2,3,7187.5
1440,3,3,6600000,47,1,1,1,1,3,2,3,4583.333333
1657,4,3,16000000,3,2,2,3,1,3,3,4,9656.004828
1380,3,3,7000000,178,1,1,2,1,2,3,3,5072.463768
886,2,2,6000000,135,1,2,1,1,4,2,4,6772.009029
1450,3,3,13500000,37,2,1,3,1,3,3,3,9310.344828
1100,3,3,6500000,118,1,1,1,1,3,1,4,5909.090909
650,2,2,3200000,118,1,2,1,1,1,1,3,4923.076923
1365,3,3,7508000,118,3,1,2,2,3,1,3,5500.3663
899,2,2,3100000,20,1,1,2,1,4,1,3,3448.275862
1365,3,3,7508000,118,1,1,2,5,3,2,3,5500.3663
2007,4,4,23900000,178,1,2,2,1,3,3,3,11908.32088
1096,3,3,6600000,118,4,1,1,1,3,3,4,6021.89781
1096,3,3,6600000,118,1,1,1,1,3,3,4,6021.89781
819,2,2,3650000,118,1,1,1,1,3,3,3,4456.654457
1360,3,3,11500000,61,1,1,1,3,2,3,3,8455.882353
1550,4,4,9000000,118,2,1,3,1,1,2,4,5806.451613
2260,3,3,12000000,118,1,1,2,1,2,2,4,5309.734513
1250,3,3,7200000,118,1,1,2,1,1,3,3,5760
1450,3,2,14500000,118,1,2,3,1,3,2,5,10000
840,2,2,4200000,122,1,2,2,1,2,2,4,5000
1245,3,3,5353000,82,1,1,2,1,3,3,4,4299.598394
1350,3,3,5000000,174,1,1,1,1,4,3,3,3703.703704
1350,3,3,5000000,174,1,1,1,1,3,3,3,3703.703704
1125,2,3,5000000,21,1,2,2,1,1,2,3,4444.444444
1350,3,3,6575000,118,1,2,2,2,2,3,4,4870.37037
1150,2,3,5675000,118,1,2,2,1,2,1,4,4934.782609
1300,3,3,8000000,47,1,2,2,1,2,2,4,6153.846154
1350,3,3,6575000,118,1,2,2,2,2,2,4,4870.37037
1350,3,3,6575000,118,4,2,2,1,2,1,4,4870.37037
1250,3,3,7600000,15,2,2,3,1,4,2,3,6080
1080,3,3,6900000,47,3,2,2,2,2,3,4,6388.888889
1672,3,3,12300000,140,1,2,3,1,2,2,4,7356.45933
900,2,3,3500000,47,1,2,2,1,2,3,4,3888.888889
1065,2,3,4792000,118,1,2,2,2,2,3,4,4499.530516
1091,3,3,6400000,20,4,1,2,1,3,2,3,5866.177819
960,2,2,4600000,102,1,2,3,1,1,3,4,4791.666667
1050,3,3,4500000,118,1,2,1,1,4,3,3,4285.714286
1200,2,3,4000000,77,1,1,2,1,2,3,3,3333.333333
900,2,3,4600000,118,1,1,1,1,3,3,3,5111.111111
1050,3,3,4400000,118,1,2,1,1,4,3,3,4190.47619
1365,3,3,7508000,118,4,1,2,1,3,2,3,5500.3663
1365,3,3,7508000,118,5,1,2,2,3,2,3,5500.3663
1365,3,3,7508000,118,1,1,2,2,3,3,3,5500.3663
2165,4,3,18400000,118,1,1,2,2,4,3,4,8498.845266
1050,2,3,4725000,118,1,1,2,2,5,2,3,4500
1000,2,3,6000000,118,1,2,1,2,2,2,3,6000
1000,2,3,6000000,118,2,1,1,1,5,1,3,6000
1096,3,3,6600000,118,1,1,1,1,3,3,4,6021.89781
750,2,2,4200000,178,1,2,1,3,3,3,3,5600
1200,3,3,6900000,25,1,2,2,1,5,2,3,5750
1200,3,3,7000000,118,5,1,1,2,3,3,4,5833.333333
980,2,2,9000000,37,1,2,3,1,4,3,4,9183.673469
2565,3,4,26800000,178,1,2,2,1,4,1,4,10448.34308
1281,3,3,7800000,174,1,1,1,1,1,2,3,6088.992974
1565,3,3,9000000,174,4,1,1,3,1,3,3,5750.798722
1615,3,3,9300000,174,1,1,1,1,1,1,3,5758.513932
1220,2,3,5000000,118,1,2,2,3,3,3,3,4098.360656
1615,3,3,9300000,174,2,1,1,1,1,2,3,5758.513932
7400,10,13,80000000,178,1,1,3,1,1,2,2,10810.81081
1565,3,3,9000000,174,4,1,1,1,1,2,3,5750.798722
980,2,3,5000000,14,1,2,2,2,2,2,3,5102.040816
1800,3,3,16000000,37,5,1,3,1,3,3,3,8888.888889
970,2,2,5000000,15,1,2,2,1,1,3,4,5154.639175
1350,4,3,6200000,150,1,2,2,1,1,3,3,4592.592593
1400,3,3,7000000,118,1,2,3,1,2,3,4,5000
1800,4,4,11500000,118,1,1,3,1,3,3,3,6388.888889
1350,3,3,6200000,150,1,1,2,1,1,3,3,4592.592593
956,3,3,5258000,47,4,1,1,1,3,3,3,5500
900,2,2,4600000,118,1,2,2,1,2,3,3,5111.111111
1500,3,3,12800000,37,1,2,2,1,4,3,3,8533.333333
1105,3,3,3978000,150,1,1,2,1,1,2,3,3600
1500,3,3,13500000,37,1,2,1,2,4,3,3,9000
2100,4,4,17000000,37,2,1,2,1,3,3,3,8095.238095
1450,3,3,13500000,37,1,1,1,1,4,1,3,9310.344828
1320,3,3,7500000,118,1,1,2,1,3,3,3,5681.818182
960,2,3,5000000,118,1,1,1,1,4,3,3,5208.333333
1250,3,3,7950000,15,1,2,2,1,1,1,4,6360
900,2,2,5500000,118,1,3,1,1,4,2,3,6111.111111
1100,2,2,9000000,118,3,1,3,1,3,2,3,8181.818182
850,2,2,3500000,118,3,1,1,4,2,3,3,4117.647059
1400,2,3,8200000,82,1,1,1,2,4,3,4,5857.142857
1100,2,3,9000000,37,2,2,1,1,3,3,2,8181.818182
1100,2,3,7000000,118,1,1,3,2,2,3,4,6363.636364
1100,3,3,5720000,118,5,1,2,3,5,1,3,5200
2200,3,3,18500000,37,3,1,1,1,3,3,3,8409.090909
1450,3,3,10000000,37,1,1,2,2,4,3,4,6896.551724
1300,3,3,5500000,118,1,2,3,4,3,3,4,4230.769231
2100,4,3,15000000,37,1,1,1,1,2,3,3,7142.857143
1225,3,3,7500000,174,1,2,1,1,3,2,3,6122.44898
1350,3,3,6575000,118,1,2,2,1,2,2,4,4870.37037
940,2,3,6000000,174,1,1,1,1,3,2,3,6382.978723
1105,2,3,6000000,174,4,2,1,2,3,2,3,5429.864253
1215,3,3,7500000,174,1,3,1,1,3,1,3,6172.839506
1150,2,3,5675000,118,4,2,2,2,2,1,4,4934.782609
1672,3,3,12000000,140,1,2,3,2,3,3,4,7177.033493
1320,3,3,6000000,122,1,1,1,1,5,2,3,4545.454545
1600,3,3,10400000,178,1,2,3,1,3,3,4,6500
1692,3,3,12000000,140,2,2,3,1,2,1,4,7092.198582
1350,3,3,10400000,178,1,2,3,2,3,2,4,7703.703704
950,2,3,3094000,118,1,2,2,1,2,3,4,3256.842105
1150,3,3,8500000,14,1,1,2,1,5,3,3,7391.304348
1100,3,3,6600000,118,1,2,2,1,2,2,4,6000
1200,3,3,7000000,118,2,1,1,1,4,2,3,5833.333333
2987,5,4,27000000,3,1,1,2,2,2,3,3,9039.169736
1500,3,3,12800000,37,1,2,1,1,4,1,3,8533.333333
1450,3,3,11500000,37,1,1,1,2,4,3,3,7931.034483
1450,3,3,11500000,37,1,1,2,1,4,1,3,7931.034483
1550,3,3,7750000,11,1,1,1,1,1,3,3,5000
1200,3,3,6800000,118,2,2,2,2,3,2,3,5666.666667
1550,4,4,6900000,58,1,1,3,1,2,1,3,4451.612903
1550,4,4,6900000,58,1,1,3,2,2,3,3,4451.612903
1615,3,3,9300000,174,1,1,1,1,1,3,3,5758.513932
1300,2,3,5940000,118,1,2,1,1,4,2,3,4569.230769
1252,3,3,7000000,20,2,1,3,1,4,3,3,5591.054313
1365,3,3,7508000,118,4,1,2,1,3,1,3,5500.3663
1250,3,3,5200000,118,1,2,2,2,2,3,4,4160
1365,3,3,7508000,118,1,1,2,3,3,3,3,5500.3663
1100,3,3,6500000,118,1,1,1,1,3,3,4,5909.090909
1157,2,4,3300000,118,1,1,2,1,2,3,4,2852.203976
1320,3,3,7000000,118,1,1,2,1,3,1,3,5303.030303
1170,2,3,7450000,118,1,2,3,2,3,3,4,6367.521368
675,2,2,2500000,118,4,1,3,2,2,2,3,3703.703704
1100,3,3,4500000,150,1,2,1,1,1,1,3,4090.909091
1320,3,3,7000000,118,4,1,2,1,3,3,3,5303.030303
1500,3,3,8000000,118,1,2,3,1,3,2,4,5333.333333
1245,3,3,7850000,118,1,2,3,1,3,3,4,6305.220884
1170,2,3,7450000,118,4,2,3,3,3,2,4,6367.521368
1245,3,3,7850000,118,1,2,3,1,3,3,4,6305.220884
970,2,3,4074000,5,1,1,2,4,2,3,3,4200
1130,2,2,4746000,5,1,1,2,3,2,2,3,4200
1481,3,3,8500000,118,1,1,2,1,4,3,3,5739.365294
1100,2,3,5800000,82,1,2,2,1,4,2,3,5272.727273
1000,2,2,5200000,118,1,1,1,2,3,2,3,5200
1500,3,3,12000000,145,1,1,1,1,3,1,3,8000
1300,3,3,8000000,178,1,2,3,2,3,2,4,6153.846154
1300,3,3,10000000,178,1,2,3,5,3,3,4,7692.307692
1300,3,3,10000000,178,1,2,3,1,3,3,4,7692.307692
1300,3,3,10000000,178,1,2,3,1,3,1,4,7692.307692
1300,3,3,10000000,178,1,2,3,1,3,2,4,7692.307692
1500,3,3,14000000,104,4,1,2,1,1,1,3,9333.333333
1600,3,3,13500000,37,1,1,1,2,3,2,3,8437.5
1120,2,3,5000000,118,1,2,3,1,3,2,4,4464.285714
1350,2,2,9800000,178,1,2,3,1,3,2,3,7259.259259
1365,3,3,7508000,118,1,1,2,1,3,2,3,5500.3663
1160,3,3,6500000,166,1,1,2,1,4,2,3,5603.448276
925,2,3,4440000,118,1,1,3,2,5,2,3,4800
1272,3,3,5724000,145,1,1,2,1,4,3,4,4500
1350,3,3,8000000,118,1,1,2,1,4,3,3,5925.925926
950,2,2,4275000,118,1,1,2,2,1,2,4,4500
1250,3,3,5200000,118,1,2,2,1,2,2,4,4160
1250,3,3,5000000,118,3,2,2,1,2,2,4,4000
1250,3,3,5200000,118,1,2,2,1,2,2,4,4160
1100,3,3,5720000,118,1,1,2,3,5,1,3,5200
1100,3,3,5720000,118,3,1,2,1,5,2,3,5200
1398,3,3,8500000,118,1,1,2,2,5,2,3,6080.114449
2200,3,3,18500000,37,1,1,1,1,3,2,3,8409.090909
1215,3,3,7500000,174,5,1,1,3,3,3,3,6172.839506
1000,3,3,5000000,118,1,1,2,1,2,3,3,5000
1230,3,3,6396000,6,3,1,2,1,1,3,3,5200
1340,3,3,6800000,174,4,1,1,1,4,3,3,5074.626866
1100,2,3,8200000,166,2,2,2,1,3,3,4,7454.545455
990,2,3,4158000,5,1,1,2,1,2,3,3,4200
1430,3,3,7436000,6,1,1,2,1,1,2,3,5200
1430,3,3,7436000,6,1,1,2,1,1,3,3,5200
1100,2,3,4700000,82,1,2,2,2,4,1,3,4272.727273
1505,3,3,8000000,83,1,2,1,1,1,3,4,5315.614618
1350,3,3,8500000,178,1,1,1,1,3,1,4,6296.296296
1235,3,3,4446000,150,1,1,2,1,1,2,3,3600
1280,3,3,7400000,58,1,1,3,2,4,3,3,5781.25
1750,4,4,12000000,135,1,1,3,1,4,1,3,6857.142857
965,2,3,4053000,118,1,2,2,1,4,3,3,4200
1150,2,3,6100000,174,1,1,1,2,3,3,3,5304.347826
950,2,3,5000000,118,1,2,3,2,4,2,3,5263.157895
4200,4,4,50400000,37,1,2,3,1,4,3,3,12000
1400,3,3,7000000,118,5,2,3,1,3,3,4,5000
1040,3,3,4472000,118,1,2,2,1,5,3,3,4300
1036,2,3,8000000,174,1,1,1,1,1,2,3,7722.007722
1200,3,3,5000000,174,2,1,1,1,1,2,3,4166.666667
1008,3,3,4838000,118,1,1,3,1,1,3,4,4799.603175
1510,3,3,9060000,118,2,2,3,5,3,3,4,6000
1510,3,3,9060000,118,2,2,3,2,3,1,4,6000
1265,3,3,7700000,118,1,2,2,2,5,3,3,6086.956522
1510,3,3,9060000,118,1,2,3,2,3,3,4,6000
1120,2,3,4900000,178,1,1,1,1,2,1,3,4375
1112,2,3,7500000,118,5,2,3,3,3,3,4,6744.604317
1510,3,3,9060000,118,1,2,3,1,3,3,4,6000
950,2,3,5200000,88,1,1,2,1,2,2,4,5473.684211
1320,3,3,7000000,118,1,1,2,1,3,3,3,5303.030303
2700,4,4,18500000,58,1,1,3,2,4,1,3,6851.851852
1320,3,3,7000000,118,3,1,2,1,3,2,3,5303.030303
1320,3,3,7000000,118,1,1,2,1,3,3,3,5303.030303
900,2,2,4900000,178,2,1,1,1,1,1,3,5444.444444
1150,3,3,5500000,178,1,1,1,1,1,2,3,4782.608696
1518,3,4,10000000,118,4,2,2,1,4,1,3,6587.615283
1075,2,3,6000000,7,4,1,2,2,3,3,3,5581.395349
1075,2,3,5500000,7,1,1,2,1,4,3,3,5116.27907
2100,4,4,7000000,150,4,1,2,1,1,1,3,3333.333333
2100,4,4,7000000,150,1,1,2,1,1,1,3,3333.333333
2100,4,4,7000000,150,1,1,2,1,1,3,3,3333.333333
1150,3,3,6500000,118,1,1,2,1,3,2,3,5652.173913
2100,4,4,7000000,150,1,1,2,1,1,1,3,3333.333333
2100,4,4,7000000,150,1,1,3,1,1,1,3,3333.333333
2100,4,4,7000000,150,1,1,2,1,1,3,3,3333.333333
2100,4,4,7000000,150,4,1,3,1,1,2,3,3333.333333
2100,4,4,7000000,150,1,1,3,1,1,2,3,3333.333333
2100,4,4,7000000,150,1,1,2,1,1,2,3,3333.333333
2100,4,4,7000000,150,1,1,1,1,1,2,3,3333.333333
2100,4,4,7000000,150,1,1,3,1,1,2,3,3333.333333
2100,4,4,7000000,150,1,1,3,1,1,2,3,3333.333333
2100,4,4,7000000,150,1,1,3,2,1,2,3,3333.333333
2100,4,4,7000000,150,3,1,3,1,1,3,3,3333.333333
2100,4,4,7000000,150,1,1,2,1,1,3,3,3333.333333
2100,4,4,7000000,150,3,1,1,3,1,1,3,3333.333333
1200,2,3,4000000,77,1,1,2,1,2,2,3,3333.333333
2100,4,4,7000000,150,1,1,1,1,1,1,3,3333.333333
1440,3,3,6500000,41,4,1,1,2,5,3,3,4513.888889
2100,4,4,7000000,150,1,1,2,1,1,2,3,3333.333333
2100,4,4,7000000,150,1,1,1,1,1,3,3,3333.333333
1830,3,4,9300000,174,2,2,2,1,4,3,3,5081.967213
2100,4,4,7000000,150,1,1,2,1,1,3,3,3333.333333
2100,4,4,7000000,150,1,1,2,1,1,2,3,3333.333333
2150,4,4,7000000,150,1,2,3,1,1,1,3,3255.813953
800,2,2,3400000,118,1,1,3,1,1,3,4,4250
2100,4,4,7000000,150,1,1,2,1,1,3,3,3333.333333
2100,4,4,7000000,150,5,1,1,1,1,1,3,3333.333333
2100,4,4,7000000,150,1,1,2,1,1,3,3,3333.333333
2100,4,4,7000000,150,1,1,1,1,1,3,3,3333.333333
1150,2,3,3680000,150,1,1,2,1,1,3,3,3200
2100,4,4,7000000,150,1,1,2,1,1,3,3,3333.333333
2100,4,4,7000000,150,1,1,2,2,1,1,3,3333.333333
2100,4,4,7000000,150,1,1,2,1,1,2,3,3333.333333
1150,2,3,3680000,150,2,1,1,1,1,3,3,3200
2100,4,4,7000000,150,1,1,2,1,1,2,3,3333.333333
1050,2,2,3360000,150,1,1,2,1,1,2,3,3200
1050,2,2,3360000,150,2,1,1,1,1,1,3,3200
1050,2,2,3360000,150,1,1,2,1,1,3,3,3200
800,2,3,4000000,118,1,2,3,1,2,2,4,5000
1220,3,3,5600000,58,1,1,3,1,4,2,3,4590.163934
900,2,3,3800000,176,1,1,3,1,2,3,3,4222.222222
1450,4,3,10000000,37,1,2,2,1,4,3,4,6896.551724
1440,3,3,6500000,41,1,2,1,1,3,3,3,4513.888889
900,2,3,2900000,150,1,1,3,1,4,3,3,3222.222222
900,2,3,2900000,150,1,1,3,1,2,2,3,3222.222222
1370,3,3,8000000,104,2,2,3,1,3,3,4,5839.416058
1080,3,3,5500000,118,5,3,1,1,4,3,3,5092.592593
1557,3,3,4300000,41,4,1,1,1,1,3,3,2761.721259
1100,3,3,8000000,118,1,2,3,1,3,3,3,7272.727273
1300,2,2,10000000,118,1,2,3,1,3,3,4,7692.307692
1100,3,3,5720000,118,1,1,2,1,5,3,3,5200
1520,4,3,12500000,37,1,2,2,1,3,3,3,8223.684211
1425,3,3,11500000,118,1,2,3,1,3,2,4,8070.175439
2690,4,4,20000000,37,4,1,2,1,2,3,3,7434.944238
1100,3,3,5720000,118,1,1,2,1,5,2,3,5200
1425,3,3,11500000,118,2,2,3,1,3,3,4,8070.175439
1472,3,3,12000000,37,1,2,2,1,5,1,4,8152.173913
1555,3,3,6000000,41,1,1,2,1,1,4,3,3858.5209
1200,3,3,8000000,25,4,1,1,1,2,3,3,6666.666667
1720,3,3,13000000,37,1,2,3,2,4,2,5,7558.139535
1250,2,2,6875000,82,1,2,2,2,1,3,3,5500
1000,2,3,5750000,118,1,2,2,1,2,3,4,5750
1504,3,3,6500000,41,3,1,1,2,1,3,3,4321.808511
1650,3,3,12000000,15,1,1,3,1,4,3,3,7272.727273
750,2,2,4000000,178,1,1,1,2,3,3,3,5333.333333
1050,2,3,4800000,82,1,3,2,1,3,1,3,4571.428571
1350,4,3,6200000,150,1,1,2,1,1,3,3,4592.592593
890,2,3,5000000,101,1,2,1,2,2,3,4,5617.977528
1600,4,3,9500000,118,1,1,3,1,4,3,3,5937.5
1050,2,2,8400000,116,1,1,1,1,3,2,3,8000
1225,2,3,5513000,118,1,1,2,1,5,3,3,4500.408163
930,2,2,4650000,118,1,1,2,1,3,3,3,5000
930,2,2,5115000,118,1,2,2,2,3,3,3,5500
930,2,2,4464000,118,4,1,2,1,3,3,3,4800
930,2,2,5115000,118,1,1,2,1,3,3,3,5500
1000,2,2,2500000,176,1,1,3,1,2,2,3,2500
1225,3,3,5513000,118,1,1,2,1,5,3,3,4500.408163
1200,3,3,3800000,47,1,2,1,2,3,3,3,3166.666667
950,2,2,4275000,118,4,1,2,1,5,4,4,4500
1517,3,3,9200000,178,1,2,3,2,3,3,4,6064.601187
1230,3,3,6396000,6,1,1,2,1,1,3,3,5200
15682,10,40,35000000,150,1,2,3,1,3,1,2,2231.858181
1400,3,3,7280000,6,5,1,2,1,1,3,3,5200
1370,3,3,7124000,6,4,1,2,2,1,3,3,5200
1370,3,3,7124000,6,5,1,2,1,1,2,3,5200
1270,3,3,6604000,6,1,1,2,1,1,3,3,5200
1400,3,3,7280000,6,1,1,2,1,1,1,3,5200
1230,3,3,6396000,6,1,1,2,1,1,2,3,5200
850,2,2,4825000,102,2,1,2,2,1,3,4,5676.470588
1270,3,3,6604000,6,1,1,2,1,1,3,3,5200
1430,3,3,7436000,6,1,1,2,1,1,2,3,5200
1340,3,3,8040000,4,1,1,2,1,1,3,3,6000
1370,3,3,8220000,4,5,1,2,1,1,2,3,6000
1270,3,3,6604000,6,1,1,2,1,1,3,3,5200
1100,2,3,5800000,82,5,2,2,1,4,1,3,5272.727273
1200,3,3,7000000,118,3,2,1,1,4,3,3,5833.333333
650,2,2,3500000,118,1,2,1,3,2,2,3,5384.615385
2100,5,4,15000000,37,5,2,2,1,2,1,3,7142.857143
1100,2,3,9000000,37,1,1,1,1,3,3,2,8181.818182
900,2,3,3750000,176,1,1,3,1,2,3,3,4166.666667
1500,3,3,10500000,14,1,2,2,1,3,1,4,7000
900,2,3,3400000,176,1,1,3,3,2,2,3,3777.777778
1440,3,3,9800000,178,1,2,3,1,3,2,4,6805.555556
900,2,3,3600000,176,5,1,3,2,2,2,3,4000
1048,2,3,4600000,58,1,2,3,2,4,2,3,4389.312977
1800,3,4,6500000,122,1,2,1,1,3,3,3,3611.111111
1200,2,3,4000000,77,1,1,2,1,2,2,3,3333.333333
1200,2,3,4000000,77,1,1,2,1,2,1,3,3333.333333
1015,3,3,5567000,35,1,1,2,1,4,2,4,5484.729064
1420,3,3,7390000,35,1,1,2,4,4,3,4,5204.225352
1290,3,3,7450000,17,1,1,2,4,3,3,3,5775.193798
900,2,2,3500000,58,1,1,3,2,4,3,3,3888.888889
1510,3,3,9060000,118,1,2,3,3,3,3,4,6000
1100,3,3,5500000,178,1,1,1,1,1,2,3,5000
1250,4,4,12500000,118,1,2,3,1,4,3,3,10000
1100,3,3,5500000,178,1,1,1,1,1,3,3,5000
1075,2,3,5500000,7,1,1,2,1,3,3,3,5116.27907
800,2,3,5300000,118,1,2,2,1,3,2,3,6625
1700,3,4,7000000,58,5,1,3,1,3,3,3,4117.647059
1700,3,4,7000000,58,2,1,3,1,3,1,3,4117.647059
1050,3,3,4000000,118,1,1,1,1,5,3,3,3809.52381
1544,3,3,7148000,13,1,1,2,1,2,3,3,4629.533679
1410,3,3,7300000,65,1,2,2,1,1,3,5,5177.304965
900,2,3,4320000,118,1,1,3,1,5,3,3,4800
900,2,3,4320000,118,1,1,3,1,5,1,3,4800
900,2,3,4320000,118,1,2,3,1,5,3,3,4800
1220,3,3,5200000,118,1,1,1,1,1,3,4,4262.295082
8500,10,24,50000000,114,1,1,2,1,1,2,2,5882.352941
1100,2,3,6500000,82,1,1,3,1,2,3,4,5909.090909
1350,3,3,5000000,174,1,2,1,1,5,2,3,3703.703704
2000,3,3,12000000,104,1,1,2,1,1,2,3,6000
1300,3,3,6500000,118,4,1,1,1,2,1,3,5000
965,2,3,3474000,118,1,1,2,1,4,3,3,3600
965,2,3,3474000,118,1,3,2,2,4,2,3,3600
4200,4,4,50400000,37,2,2,2,1,4,2,3,12000
4200,4,4,50400000,37,1,1,1,2,4,2,3,12000
1100,2,3,4950000,20,1,2,1,1,2,2,3,4500
1600,3,3,8600000,118,1,1,3,1,4,2,3,5375
1055,2,3,5300000,58,2,1,3,1,4,2,3,5023.696682
1250,3,3,6875000,47,4,2,1,1,3,2,3,5500
1550,3,3,11500000,37,1,1,1,1,3,1,3,7419.354839
1070,2,3,4815000,118,1,2,2,1,5,3,3,4500
900,2,3,4500000,118,1,2,2,1,1,3,3,5000
1873,3,4,12700000,9,1,1,1,1,3,3,3,6780.565937
810,2,2,3402000,118,2,1,1,2,1,2,3,4200
1550,3,3,12000000,37,1,1,2,1,2,3,3,7741.935484
3000,4,4,29500000,37,1,1,2,1,2,2,3,9833.333333
930,2,2,5115000,118,1,1,2,1,3,3,3,5500
1050,2,3,4800000,82,1,2,2,1,3,3,3,4571.428571
1520,3,3,11500000,37,3,1,1,2,2,1,3,7565.789474
1870,4,4,13500000,122,1,1,2,1,3,3,4,7219.251337
1230,3,3,6396000,6,1,1,2,1,1,3,3,5200
1400,3,3,7280000,6,1,1,2,1,1,3,3,5200
1370,3,3,7124000,6,1,1,2,1,1,3,3,5200
1370,3,3,7124000,6,1,1,2,1,1,2,3,5200
1100,2,3,5800000,82,1,2,2,1,4,3,3,5272.727273
1270,3,3,6604000,6,1,1,2,1,1,3,3,5200
1340,3,3,8040000,4,1,1,2,1,1,3,3,6000
1370,3,3,8220000,4,1,1,2,1,1,3,3,6000
1100,2,3,4700000,82,1,1,2,1,4,3,3,4272.727273
1100,3,3,4000000,71,1,2,2,2,1,3,3,3636.363636
1200,3,3,5040000,118,4,1,1,1,3,3,3,4200
2020,3,3,14500000,37,1,1,1,2,3,3,3,7178.217822
1200,2,3,6500000,87,1,2,2,2,4,3,4,5416.666667
900,2,2,5500000,118,1,2,1,1,4,3,3,6111.111111
1550,3,3,11500000,37,1,1,1,1,3,2,3,7419.354839
1270,2,3,6604000,6,1,1,2,1,1,1,3,5200
900,2,3,3700000,176,1,3,3,1,2,2,3,4111.111111
900,2,3,3500000,176,1,1,3,1,2,3,3,3888.888889
1500,3,3,9000000,37,1,1,1,1,2,3,3,6000
900,2,2,4000000,21,3,3,1,3,1,3,3,4444.444444
1232,3,3,7360000,118,3,2,2,1,5,3,3,5974.025974
1510,3,3,9060000,118,2,2,3,1,3,3,4,6000
750,2,2,4750000,122,4,1,3,1,1,2,4,6333.333333
1358,3,3,8500000,58,1,1,3,1,4,1,3,6259.204713
1100,3,3,4500000,150,1,2,2,1,1,3,3,4090.909091
1165,3,3,4660000,118,1,2,2,1,2,2,4,4000
1200,3,3,6500000,118,4,2,2,1,2,3,4,5416.666667
1230,2,3,9500000,37,1,2,3,1,4,3,4,7723.577236
1712,4,3,13100000,37,1,2,2,1,3,2,3,7651.869159
1800,4,4,11700000,17,3,1,2,1,3,3,3,6500
1500,3,3,10500000,37,1,2,3,1,3,3,4,7000
1600,3,3,12000000,20,1,1,2,1,4,2,4,7500
1500,3,3,10500000,14,1,1,2,2,3,3,4,7000
1270,2,3,5600000,118,1,3,2,1,2,1,3,4409.448819
1500,3,3,10500000,14,1,2,2,3,3,3,4,7000
1800,3,3,16500000,37,2,1,3,1,3,3,3,9166.666667
1250,3,3,7500000,118,1,2,2,1,2,3,4,6000
1250,3,3,7500000,118,1,2,2,1,2,1,4,6000
1553,4,3,13000000,118,1,1,1,1,5,2,3,8370.895042
1250,3,3,7500000,118,1,2,2,1,2,3,4,6000
1050,3,3,4500000,118,1,1,1,1,3,2,3,4285.714286
1250,3,3,7500000,118,1,2,2,1,2,3,4,6000
1050,3,3,4500000,118,1,1,2,1,3,2,3,4285.714286
1385,3,3,10500000,37,1,2,3,1,3,2,4,7581.227437
1385,3,3,12000000,37,1,2,3,1,3,3,4,8664.259928
16200,10,29,150000000,124,1,1,3,1,3,2,4,9259.259259
1400,3,3,7300000,118,1,1,1,1,3,3,3,5214.285714
2670,4,4,23000000,37,1,2,3,2,4,3,5,8614.23221
2670,4,4,23000000,37,2,2,3,1,4,1,5,8614.23221
1200,2,3,7500000,118,1,2,3,2,3,1,4,6250
1000,2,3,3500000,118,5,1,1,1,3,1,4,3500
800,2,2,4445000,82,4,2,3,3,1,3,4,5556.25
750,2,2,3000000,90,1,1,2,1,3,3,4,4000
925,2,3,4440000,118,1,1,3,1,5,2,3,4800
925,2,3,4440000,118,3,1,3,2,5,1,3,4800
1872,3,3,15900000,118,1,2,2,1,5,2,3,8493.589744
800,2,2,4445000,82,1,2,3,2,1,2,4,5556.25
800,2,2,4445000,82,1,1,3,1,1,1,4,5556.25
1800,3,3,8800000,109,1,1,2,1,1,3,3,4888.888889
1500,3,3,8500000,118,1,1,2,1,3,2,4,5666.666667
1600,3,4,7400000,118,1,2,2,1,2,2,3,4625
1300,3,3,7500000,109,1,2,2,1,1,1,4,5769.230769
950,2,2,4370000,118,1,2,2,3,4,3,4,4600
1000,2,2,4800000,118,5,2,2,3,4,3,4,4800
700,2,2,2500000,118,1,2,2,1,1,3,3,3571.428571
1500,3,3,8000000,90,4,1,2,2,2,4,4,5333.333333
1450,3,3,9500000,37,1,1,1,4,2,3,3,6551.724138
700,2,2,2800000,118,1,1,2,1,1,2,3,4000
1050,3,3,3750000,118,1,1,2,1,5,1,3,3571.428571
1070,2,3,4815000,118,2,2,2,1,5,3,3,4500
1225,2,3,5513000,118,1,3,2,3,5,2,3,4500.408163
2150,3,3,19500000,37,5,1,1,1,2,3,3,9069.767442
1050,3,3,3750000,118,1,2,2,1,4,2,3,3571.428571
1375,3,3,8250000,118,1,2,3,2,3,3,4,6000
1070,2,3,4815000,118,3,2,2,2,5,2,3,4500
1550,3,3,12000000,37,2,1,1,1,2,3,3,7741.935484
1550,3,3,12000000,37,1,1,1,2,2,2,3,7741.935484
1550,3,3,12000000,37,1,1,1,1,2,3,3,7741.935484
1200,2,3,4000000,77,1,1,2,2,2,1,3,3333.333333
1800,3,4,6500000,122,2,2,1,2,3,3,3,3611.111111
1200,2,3,4000000,77,1,1,2,2,2,3,3,3333.333333
1200,3,3,4500000,41,1,1,3,1,4,3,4,3750
1400,3,3,6300000,118,1,1,2,1,4,2,3,4500
600,1,2,2000000,118,4,1,2,1,3,2,3,3333.333333
1200,3,3,5400000,118,1,3,2,2,4,3,3,4500
1000,2,2,4500000,118,1,1,2,1,4,1,3,4500
1580,3,3,7900000,9,1,2,3,1,1,1,3,5000
1680,3,3,8400000,9,1,2,3,1,1,1,3,5000
1680,3,3,8400000,9,1,2,1,1,1,3,3,5000
1580,3,3,7900000,9,1,2,3,1,1,1,3,5000
1050,3,3,5250000,9,3,2,3,1,1,3,3,5000
1800,4,3,15400000,37,1,2,3,1,4,1,4,8555.555556
1400,3,3,7280000,6,1,1,2,1,1,4,3,5200
1150,3,3,5750000,9,4,2,2,1,1,1,3,5000
1250,3,3,5250000,118,5,1,1,1,3,3,3,4200
1390,3,3,6950000,118,1,2,2,1,4,3,4,5000
3100,7,17,10500000,150,1,1,3,3,4,3,2,3387.096774
2061,4,4,14500000,13,1,1,2,1,2,3,4,7035.419699
1050,2,3,5500000,118,1,1,2,1,2,3,3,5238.095238
850,2,2,3700000,118,2,1,1,2,3,3,3,4352.941176
1580,3,3,8500000,109,1,1,2,1,1,2,4,5379.746835
1300,3,3,5200000,14,4,2,2,2,2,3,4,4000
650,2,2,4225000,118,1,3,2,1,2,2,3,6500
1050,3,3,6000000,118,1,1,2,1,2,2,3,5714.285714
1370,3,3,6500000,118,2,1,2,2,5,2,3,4744.525547
1200,2,3,6500000,87,1,2,2,3,4,3,4,5416.666667
1238,3,3,6500000,87,1,2,2,2,4,2,4,5250.403877
1000,2,3,3000000,118,1,4,1,1,3,2,4,3000
6400,8,7,26000000,118,1,1,3,1,5,2,3,4062.5
1390,3,3,6700000,118,1,2,1,2,3,3,4,4820.143885
1127,3,3,7500000,118,5,2,1,1,5,2,4,6654.835847
850,2,2,6000000,118,1,2,3,1,3,1,4,7058.823529
8850,10,18,55000000,25,5,2,1,1,2,3,2,6214.689266
880,2,2,5500000,122,1,1,3,1,4,1,4,6250
1000,2,2,3700000,118,5,1,1,1,4,3,4,3700
2200,4,4,17500000,37,1,2,3,1,4,3,4,7954.545455
1000,2,2,3700000,118,1,1,1,1,4,1,4,3700
1000,2,2,3700000,118,1,1,1,2,4,2,4,3700
1000,2,2,3700000,118,1,1,1,1,4,3,4,3700
850,2,2,5300000,118,1,2,1,1,1,2,4,6235.294118
1220,3,3,7000000,118,3,2,1,2,5,2,4,5737.704918
850,2,2,5300000,118,3,1,1,1,1,3,4,6235.294118
725,2,2,3663000,118,1,1,2,1,4,2,3,5052.413793
1692,3,3,12400000,140,1,2,3,1,2,2,4,7328.605201
1672,3,3,12300000,140,5,2,3,1,3,2,4,7356.45933
1550,3,3,12000000,37,1,1,1,1,2,3,3,7741.935484
1692,3,3,12400000,140,1,2,3,1,2,3,4,7328.605201
1550,3,3,12000000,37,1,1,1,1,2,2,3,7741.935484
3326,6,14,7000000,150,1,2,1,2,3,3,3,2104.630186
1075,3,3,5800000,82,1,1,1,1,5,3,4,5395.348837
1350,3,3,11500000,61,1,1,2,1,5,2,4,8518.518519
1650,3,3,10000000,37,1,2,3,2,2,3,3,6060.606061
1900,4,3,13000000,118,4,2,3,1,3,3,4,6842.105263
1100,2,2,8150000,37,1,2,3,1,4,3,4,7409.090909
1375,3,3,8250000,118,4,2,3,2,3,3,4,6000
1425,3,3,7500000,58,5,1,3,1,4,2,3,5263.157895
1712,4,3,11600000,37,3,2,2,1,2,3,3,6775.700935
930,2,3,4000000,118,1,2,3,1,3,2,4,4301.075269
1300,3,3,4800000,41,1,1,2,1,5,2,3,3692.307692
1508,3,3,11300000,37,1,1,2,1,3,2,3,7493.3687
1000,2,3,4300000,118,1,1,2,1,5,2,3,4300
2230,4,4,16000000,37,1,2,2,1,2,2,3,7174.887892
1570,3,3,11700000,37,1,1,1,2,3,3,3,7452.229299
2160,3,6,5000000,150,1,1,2,1,1,2,2,2314.814815
1440,3,3,6500000,41,1,1,1,1,1,2,3,4513.888889
1000,2,2,4500000,118,1,1,2,1,4,3,3,4500
1400,3,3,6300000,118,1,2,2,1,4,3,3,4500
1000,2,2,4500000,118,1,2,2,1,4,2,3,4500
1150,3,3,5750000,9,1,2,1,1,1,2,3,5000
1775,3,4,8875000,9,4,2,1,1,1,2,3,5000
1295,3,3,6475000,9,4,2,1,1,1,2,3,5000
1775,3,3,8875000,9,4,2,2,1,1,1,3,5000
2146,4,8,10500000,150,1,2,2,1,3,2,2,4892.823858
1635,3,3,12500000,104,1,1,2,1,1,3,3,7645.259939
1530,3,3,8000000,58,1,1,3,3,3,2,3,5228.75817
1400,3,3,7500000,122,1,1,2,1,1,2,3,5357.142857
1310,3,3,4585000,78,1,1,1,1,1,3,3,3500
1530,4,3,14000000,178,1,1,2,1,5,3,3,9150.326797
1450,3,3,7000000,118,1,1,2,2,3,1,5,4827.586207
1600,3,3,8000000,104,1,2,2,1,2,2,4,5000
1050,2,2,12000000,61,1,1,1,1,3,2,3,11428.57143
2650,5,5,19500000,174,2,2,3,1,3,3,3,7358.490566
24500,10,50,70000000,41,4,2,1,1,2,3,2,2857.142857
920,2,2,7000000,162,1,2,1,1,4,1,4,7608.695652
1525,4,3,11000000,178,1,1,2,1,5,3,4,7213.114754
990,2,2,7425000,124,1,3,2,1,5,1,3,7500
1200,3,3,6000000,118,1,1,1,1,4,2,3,5000
656,2,2,2600000,118,5,1,1,1,1,2,4,3963.414634
430,2,2,2100000,58,1,2,3,1,2,3,3,4883.72093
1050,3,3,4500000,150,1,1,1,5,4,2,3,4285.714286
932,3,2,3800000,58,1,1,3,2,4,3,3,4077.253219
1331,3,3,6500000,82,1,2,3,1,4,3,4,4883.546206
967,2,2,3800000,58,1,1,3,1,4,2,3,3929.679421
1050,2,3,5450000,118,1,1,2,1,3,1,3,5190.47619
750,2,2,3600000,60,1,1,1,1,2,2,4,4800
750,2,2,3600000,60,1,1,1,1,2,2,4,4800
1150,3,3,4600000,150,1,1,1,1,3,3,3,4000
1150,3,3,5500000,118,1,1,2,1,3,2,3,4782.608696
1150,3,3,4600000,150,1,1,1,1,3,2,3,4000
1620,3,3,16700000,92,1,4,1,1,5,2,3,10308.64198
1450,3,3,7350000,25,5,2,1,1,3,3,4,5068.965517
1620,3,3,16700000,92,5,1,1,1,5,3,3,10308.64198
1620,3,3,16700000,92,1,2,1,1,5,3,3,10308.64198
1700,4,4,9850000,122,1,2,2,1,3,1,4,5794.117647
710,2,2,4000000,92,2,1,1,2,4,3,4,5633.802817
1565,3,3,11000000,127,1,1,2,1,1,2,3,7028.753994
1650,3,4,9675000,104,1,1,2,1,1,1,3,5863.636364
1650,3,3,9675000,104,4,1,2,2,1,1,3,5863.636364
1650,3,3,9675000,104,1,1,2,1,1,2,3,5863.636364
1309,3,3,7200000,17,1,1,2,2,3,3,3,5500.381971
1150,2,3,4500000,118,1,1,2,1,3,3,5,3913.043478
1360,3,3,9000000,80,1,2,1,1,2,2,4,6617.647059
1050,3,3,6000000,118,2,1,1,1,2,3,3,5714.285714
1646,3,3,10000000,161,1,1,2,3,3,3,3,6075.334143
1644,3,3,9864000,161,1,1,2,1,3,1,3,6000
1544,3,3,9264000,161,2,1,2,2,3,3,3,6000
815,2,2,3423000,118,1,1,1,1,1,3,3,4200
650,2,2,2300000,118,2,1,2,1,3,3,4,3538.461538
1750,4,3,17500000,124,1,1,2,1,5,3,3,10000
1475,3,3,6638000,82,1,2,3,1,4,2,3,4500.338983
1950,5,8,9000000,58,1,3,3,2,2,3,2,4615.384615
1872,3,3,14500000,118,1,1,1,1,5,3,3,7745.726496
1750,3,3,12000000,37,4,1,3,1,3,3,3,6857.142857
1060,3,3,4770000,82,1,1,2,2,4,1,3,4500
1060,3,3,4770000,82,1,1,2,1,4,2,3,4500
1405,3,3,6000000,118,1,2,1,1,2,3,3,4270.462633
1140,3,3,6300000,118,1,1,1,1,3,3,3,5526.315789
1026,3,3,4309000,82,4,1,3,1,5,2,4,4199.805068
1440,3,3,6500000,122,1,1,1,1,2,3,3,4513.888889
1090,3,3,4578000,82,1,1,3,1,5,3,4,4200
1100,3,3,5000000,118,1,1,2,1,4,2,4,4545.454545
1690,3,4,9700000,118,1,1,2,1,5,3,3,5739.64497
1470,3,3,8000000,58,1,1,3,1,4,2,3,5442.176871
1258,3,3,5000000,118,1,1,2,1,2,3,3,3974.562798
1120,3,3,4400000,118,1,1,1,2,3,2,4,3928.571429
1050,3,3,10000000,159,1,2,3,1,4,2,4,9523.809524
1100,3,3,6500000,100,1,1,2,2,3,3,4,5909.090909
860,2,2,3200000,118,1,1,1,1,3,2,3,3720.930233
1090,2,3,4700000,118,1,2,2,1,5,2,3,4311.926606
1150,3,3,7500000,118,1,1,2,1,5,3,3,6521.73913
1200,3,3,4500000,41,1,1,2,1,3,2,3,3750
2230,4,4,16000000,37,1,2,2,1,2,2,3,7174.887892
2230,4,4,16000000,37,1,2,2,1,2,2,3,7174.887892
2230,4,4,16000000,37,1,2,2,2,2,3,3,7174.887892
1550,3,3,10000000,37,1,1,1,1,3,1,3,6451.612903
1300,4,3,6350000,122,1,2,1,1,2,1,3,4884.615385
1396,2,7,3500000,150,1,2,1,1,2,2,2,2507.163324
1050,3,3,5250000,9,1,2,2,1,1,3,3,5000
1295,3,3,6475000,9,1,2,1,1,1,3,3,5000
1085,3,3,5500000,114,1,1,2,1,2,1,3,5069.124424
1692,3,3,12400000,140,2,2,3,1,3,3,4,7328.605201
1310,3,3,7860000,14,1,1,2,1,3,3,4,6000
1692,3,3,12400000,140,1,2,3,1,2,3,4,7328.605201
1200,2,2,6800000,41,1,1,1,1,2,2,3,5666.666667
1270,3,3,4600000,58,1,2,3,1,4,1,3,3622.047244
2400,4,3,16500000,37,4,2,2,1,3,2,4,6875
1270,3,3,4600000,58,1,1,3,1,4,2,3,3622.047244
1270,3,3,4600000,58,1,1,3,2,4,3,3,3622.047244
1270,3,3,4600000,58,1,1,3,1,4,3,3,3622.047244
1500,4,3,7400000,118,1,2,2,1,2,2,3,4933.333333
1500,4,3,7400000,118,2,1,2,1,2,3,3,4933.333333
1270,3,3,4600000,58,1,2,3,1,4,2,3,3622.047244
656,2,2,2500000,118,1,1,1,3,1,2,4,3810.97561
900,2,2,4000000,58,1,1,3,1,5,2,3,4444.444444
1270,3,3,4600000,58,1,1,3,1,4,1,3,3622.047244
656,2,2,2500000,118,4,1,1,1,1,2,4,3810.97561
656,2,2,2600000,118,1,1,1,1,1,1,4,3963.414634
900,2,2,4300000,58,3,1,3,1,4,1,3,4777.777778
1180,3,3,11000000,162,4,1,1,1,4,3,4,9322.033898
1544,3,3,9264000,161,2,1,2,1,3,2,3,6000
1644,3,3,9864000,161,1,1,2,1,3,3,3,6000
1872,3,3,13500000,118,1,2,3,1,4,3,3,7211.538462
656,2,2,2500000,118,4,2,1,1,1,3,4,3810.97561
1644,3,3,9864000,161,1,1,2,2,3,3,3,6000
1644,3,3,9864000,161,1,1,2,1,3,3,3,6000
1544,3,3,9264000,161,1,1,2,1,3,3,3,6000
1644,3,3,9864000,161,4,1,2,1,3,3,3,6000
1544,3,3,9264000,161,1,1,2,1,3,2,3,6000
1285,3,3,6800000,118,1,1,1,3,4,1,4,5291.828794
1544,3,3,9264000,161,5,1,2,1,3,1,3,6000
1400,3,3,6300000,118,1,1,1,1,2,1,4,4500
1500,3,4,15200000,98,1,2,2,1,2,3,4,10133.33333
1050,2,3,4200000,41,1,1,1,1,1,1,3,4000
850,2,2,3150000,150,1,1,2,1,1,2,3,3705.882353
780,2,2,3000000,150,1,1,2,1,1,3,3,3846.153846
1350,3,3,6000000,118,4,2,1,2,4,3,3,4444.444444
1300,3,3,6000000,118,1,2,2,2,3,2,3,4615.384615
1650,3,3,12500000,37,1,1,3,1,3,3,3,7575.757576
2467,4,3,21800000,37,1,1,1,2,3,3,3,8836.643697
1218,3,3,4800000,47,1,1,1,1,3,2,3,3940.8867
1872,3,3,13500000,118,1,2,2,2,5,3,3,7211.538462
963,2,3,2600000,64,1,2,1,1,2,1,4,2699.896158
1046,2,3,2800000,64,3,2,3,2,2,3,4,2676.864245
1385,3,3,6233000,41,1,1,1,1,2,2,3,4500.361011
1045,2,2,4702000,41,1,2,1,3,2,3,3,4499.521531
1385,3,3,6233000,41,1,1,1,1,2,3,3,4500.361011
1375,3,3,12000000,118,1,2,2,1,4,3,4,8727.272727
1400,3,3,12000000,37,5,2,3,1,4,3,4,8571.428571
785,2,3,4300000,87,1,1,1,1,2,3,3,5477.707006
2750,4,4,20000000,178,3,2,1,1,4,3,3,7272.727273
750,2,2,3800000,80,1,3,1,1,1,2,4,5066.666667
1710,4,3,13000000,37,1,1,1,1,3,2,5,7602.339181
1090,3,3,7085000,118,2,1,2,1,3,2,3,6500
1100,3,3,7700000,162,1,1,1,1,4,3,4,7000
950,2,3,4000000,118,1,1,2,1,5,2,3,4210.526316
1050,2,3,5500000,118,1,3,2,2,2,3,3,5238.095238
1265,3,3,5900000,122,5,1,1,1,2,1,3,4664.031621
2374,3,3,23000000,37,2,2,2,2,5,3,4,9688.289806
1090,3,3,6540000,122,3,1,1,1,2,3,3,6000
1720,3,3,14000000,37,1,1,3,1,3,3,3,8139.534884
1200,3,3,5000000,17,5,1,2,1,3,3,3,4166.666667
1200,3,3,5400000,20,1,2,2,1,4,3,3,4500
1700,3,3,8384000,41,1,1,1,1,1,3,3,4931.764706
1100,3,3,6000000,118,2,1,1,1,3,3,3,5454.545455
1150,3,3,5900000,174,1,2,3,2,3,3,4,5130.434783
920,2,3,3700000,118,1,1,1,1,4,3,3,4021.73913
1150,3,3,5900000,174,1,2,3,1,3,1,4,5130.434783
1360,3,3,8300000,58,5,1,3,2,3,3,3,6102.941176
1150,2,3,4500000,118,3,1,1,1,3,3,3,3913.043478
4800,10,14,25000000,118,4,1,3,2,1,3,2,5208.333333
1258,3,3,8806000,118,1,2,3,1,3,2,4,7000
1258,3,3,8806000,118,1,2,3,1,3,1,4,7000
1258,3,3,8806000,118,3,2,3,2,3,3,4,7000
1258,3,3,8806000,118,1,2,3,2,3,3,4,7000
1258,3,3,8806000,118,1,2,3,2,3,3,4,7000
1258,3,3,8806000,118,1,2,3,1,3,1,4,7000
1258,3,3,8806000,118,1,2,3,1,3,1,4,7000
1258,3,3,8806000,118,1,2,3,1,3,3,4,7000
1258,3,3,8806000,118,1,2,3,1,3,3,4,7000
1258,3,3,8806000,118,2,2,3,2,3,1,4,7000
1650,3,3,11000000,37,1,1,2,1,2,1,3,6666.666667
750,2,2,4500000,122,4,1,2,1,1,3,4,6000
1425,3,3,7800000,118,1,1,3,2,1,1,4,5473.684211
2250,4,4,11200000,90,5,1,2,1,3,1,4,4977.777778
765,2,2,5208000,17,1,1,2,2,3,3,3,6807.843137
1100,2,3,6500000,118,4,1,2,1,2,3,4,5909.090909
1366,3,3,8500000,118,1,2,3,1,3,3,4,6222.547584
1675,3,3,8200000,118,1,1,2,1,2,2,3,4895.522388
2050,4,4,15000000,37,1,2,2,2,2,2,3,7317.073171
1366,3,3,8500000,118,1,2,3,1,3,3,4,6222.547584
1366,3,3,8500000,118,1,2,3,2,3,2,4,6222.547584
1452,3,3,11200000,162,1,1,1,1,4,3,4,7713.498623
1460,4,3,12000000,37,1,2,2,1,2,2,4,8219.178082
850,2,2,4500000,118,3,1,2,1,4,3,4,5294.117647
18360,10,36,48400000,96,1,1,2,2,1,2,3,2636.165577
1600,3,3,9500000,82,1,1,3,1,2,1,4,5937.5
3888,8,7,12000000,77,1,1,1,1,4,2,4,3086.419753
1398,3,3,7500000,118,1,2,2,1,5,3,3,5364.806867
9000,10,18,70000000,37,1,1,3,1,3,3,2,7777.777778
1872,3,3,15500000,118,4,2,3,3,5,2,4,8279.91453
1553,3,3,11000000,118,1,1,1,1,5,2,3,7083.065035
1150,3,3,4000000,118,2,1,1,3,1,3,4,3478.26087
1450,3,3,10000000,37,1,2,2,2,4,2,4,6896.551724
1375,3,3,11000000,37,1,2,2,2,4,3,5,8000
2100,4,4,14000000,37,5,2,2,1,2,1,3,6666.666667
1500,3,3,5000000,41,1,1,1,1,1,2,3,3333.333333
750,2,2,4000000,118,1,2,1,1,1,3,3,5333.333333
1650,3,3,6600000,41,1,2,1,1,1,3,3,4000
1050,2,3,5500000,118,4,2,2,1,3,2,4,5238.095238
750,2,2,4000000,118,1,2,2,1,1,2,3,5333.333333
2100,4,4,16000000,37,1,2,3,1,4,3,4,7619.047619
1200,3,3,8500000,37,1,2,3,1,4,3,4,7083.333333
950,2,2,5200000,25,5,1,1,1,1,1,4,5473.684211
1544,3,3,9264000,161,2,1,2,1,3,2,3,6000
1000,2,3,4000000,58,1,2,3,1,3,3,3,4000
1000,2,2,4500000,142,2,1,2,1,2,1,4,4500
1450,3,3,8500000,118,1,1,2,1,3,2,5,5862.068966
1620,3,3,6800000,41,4,1,1,2,2,2,4,4197.530864
900,2,3,3000000,150,4,1,1,1,2,2,3,3333.333333
900,2,3,3000000,150,1,1,1,1,2,3,3,3333.333333
1000,2,2,3500000,78,1,1,1,1,1,3,3,3500
900,2,2,3150000,78,1,1,1,1,1,1,3,3500
900,2,2,3150000,78,3,1,1,3,1,3,3,3500
950,2,2,3325000,78,1,1,1,1,1,3,3,3500
1270,3,3,4600000,58,1,3,3,1,4,2,3,3622.047244
1115,3,3,6133000,118,1,1,2,1,3,2,3,5500.44843
1270,3,3,4600000,58,1,1,3,1,4,3,3,3622.047244
1370,3,3,5800000,58,1,1,3,1,2,3,3,4233.576642
950,2,3,2850000,150,4,1,2,2,2,3,3,3000
1150,3,3,3450000,150,1,1,1,1,4,3,3,3000
1000,2,2,4500000,118,1,2,2,1,3,3,3,4500
1000,2,2,4500000,118,1,2,2,2,3,3,3,4500
1000,2,2,4500000,118,1,2,2,1,3,2,3,4500
1000,2,2,4500000,118,1,1,2,2,3,1,3,4500
1200,3,3,6500000,87,4,1,1,1,4,2,3,5416.666667
1000,2,3,4300000,101,4,1,2,2,2,2,4,4300
1150,3,3,5175000,20,2,2,2,1,4,3,3,4500
1580,3,3,7865000,41,1,1,1,1,1,2,3,4977.848101
1700,3,3,8384000,41,1,1,1,1,1,3,3,4931.764706
1000,2,3,3800000,118,1,1,2,1,1,3,3,3800
1200,2,3,4000000,118,1,2,2,1,5,2,3,3333.333333
970,2,2,4100000,101,1,1,3,1,2,3,4,4226.804124
1200,3,3,7500000,12,1,2,2,3,4,1,3,6250
650,2,2,2800000,118,1,1,2,1,4,1,3,4307.692308
1131,3,3,2941000,64,2,1,2,1,1,2,4,2600.353669
963,2,3,2504000,64,1,2,2,1,2,3,4,2600.207684
960,2,3,5300000,118,1,2,2,1,3,3,3,5520.833333
2410,3,3,22000000,37,1,2,2,1,4,3,4,9128.630705
2365,3,4,23000000,178,1,2,1,1,3,1,3,9725.158562
1140,2,2,7200000,61,4,1,1,1,3,2,3,6315.789474
1260,3,3,6000000,58,1,1,3,1,5,1,3,4761.904762
1000,2,3,4800000,41,1,3,1,1,2,3,3,4800
1050,3,3,4600000,47,1,1,1,1,3,2,3,4380.952381
1500,3,3,10500000,118,1,2,2,1,3,1,3,7000
1700,3,3,8000000,11,1,2,2,2,1,3,3,4705.882353
1700,3,3,11200000,122,4,1,2,1,3,2,5,6588.235294
1250,3,3,4750000,150,4,1,2,1,4,3,3,3800
1500,3,3,7500000,118,5,1,2,1,4,3,4,5000
1200,4,3,7500000,37,3,2,3,1,2,1,3,6250
3218,4,4,27500000,178,1,2,1,2,2,3,3,8545.680547
1150,2,3,4300000,150,1,1,1,1,1,2,3,3739.130435
850,2,2,4200000,118,1,1,2,1,3,2,3,4941.176471
1000,3,3,5000000,118,1,1,2,1,5,3,3,5000
2400,4,3,14500000,37,2,1,2,1,3,3,3,6041.666667
1200,2,3,6500000,122,1,1,2,1,3,1,4,5416.666667
1440,3,3,7700000,13,1,2,2,3,3,3,3,5347.222222
2500,3,3,22000000,37,1,2,2,1,4,3,4,8800
1075,2,3,5000000,118,4,2,1,1,5,2,3,4651.162791
950,3,3,7500000,122,1,1,2,1,3,2,3,7894.736842
1250,3,3,8000000,118,1,1,1,1,2,3,4,6400
750,2,2,3000000,122,1,1,2,1,1,3,4,4000
1250,3,3,6000000,47,1,1,1,1,3,3,3,4800
1250,3,3,6250000,47,1,1,1,1,3,1,3,5000
1250,3,3,6250000,47,1,1,1,1,3,2,3,5000
920,2,2,5000000,14,1,2,2,1,1,3,4,5434.782609
1300,3,3,8000000,21,1,1,1,1,3,3,3,6153.846154
950,2,3,4500000,118,1,2,2,1,5,3,3,4736.842105
950,2,3,4500000,118,2,2,2,1,5,3,3,4736.842105
950,2,3,4500000,118,5,1,2,1,3,3,3,4736.842105
950,2,3,4500000,118,1,2,2,1,3,1,3,4736.842105
950,2,3,4500000,118,1,2,2,2,3,2,3,4736.842105
950,2,2,4500000,118,1,1,2,2,3,2,3,4736.842105
950,2,2,4500000,118,1,2,2,5,3,2,3,4736.842105
950,2,2,4500000,118,1,1,2,1,3,2,3,4736.842105
1350,4,3,7500000,47,1,2,1,1,3,2,3,5555.555556
1150,3,3,5000000,118,2,2,2,1,3,3,3,4347.826087
1200,3,3,6500000,118,1,1,2,2,3,2,3,5416.666667
630,2,2,3000000,118,1,1,1,1,2,2,3,4761.904762
1240,3,3,8500000,37,1,2,3,1,4,3,4,6854.83871
1450,3,3,9200000,37,1,1,3,1,3,2,3,6344.827586
1550,3,3,9300000,63,1,1,1,1,1,3,3,6000
1900,4,3,18000000,37,1,1,1,1,4,3,2,9473.684211
1530,4,3,15000000,178,1,2,2,1,5,3,4,9803.921569
1388,3,3,5800000,122,1,2,2,2,3,3,3,4178.674352
1500,2,3,9500000,21,1,1,2,1,2,3,3,6333.333333
1350,3,3,4750000,41,1,2,1,2,1,3,3,3518.518519
1650,3,3,7500000,122,4,1,2,2,4,3,3,4545.454545
1580,3,3,7865000,41,1,1,1,1,1,3,3,4977.848101
1050,2,3,5500000,118,1,1,2,1,3,1,3,5238.095238
1050,3,3,4200000,47,1,2,1,2,3,1,3,4000
1150,3,3,4500000,118,1,1,2,2,3,2,3,3913.043478
1172,3,3,6500000,118,4,1,2,1,3,3,3,5546.075085
1400,3,3,8400000,118,1,2,2,1,5,2,3,6000
1630,3,3,9700000,118,1,1,2,1,3,3,3,5950.920245
1675,3,3,9713000,118,1,1,2,1,3,3,3,5798.80597
1956,3,3,9500000,0,1,2,2,1,2,3,3,4856.850716
1483,3,3,7800000,0,2,2,2,1,2,3,3,5259.608901
800,2,2,3600000,118,4,1,1,1,1,3,4,4500
950,2,2,3800000,122,1,1,2,1,3,3,5,4000
2200,4,4,19500000,118,1,2,1,1,1,3,3,8863.636364
1400,3,3,7000000,41,1,1,1,1,1,3,3,5000
875,2,2,4200000,118,3,2,2,1,2,2,4,4800
875,2,2,3700000,122,1,1,3,3,3,3,3,4228.571429
1150,2,2,4600000,63,1,2,1,2,2,2,3,4000
1500,3,3,5000000,41,1,1,1,1,1,3,3,3333.333333
1316,3,3,6200000,83,1,2,2,1,2,3,3,4711.246201
1150,2,2,4600000,63,1,1,1,1,2,1,3,4000
875,2,2,3700000,122,1,1,2,1,3,2,3,4228.571429
875,2,2,3700000,122,1,1,2,1,3,3,3,4228.571429
875,2,2,3700000,122,1,1,2,1,3,3,3,4228.571429
1000,2,2,4500000,99,1,1,2,2,3,3,3,4500
875,2,2,3700000,122,1,2,1,3,3,2,3,4228.571429
875,2,2,3700000,122,2,2,1,1,3,2,3,4228.571429
875,2,2,3700000,122,1,1,2,1,3,2,3,4228.571429
1200,3,3,6500000,87,2,1,1,1,4,3,3,5416.666667
875,2,2,3700000,122,1,1,2,2,3,3,3,4228.571429
1150,2,2,4600000,63,4,1,1,2,2,3,3,4000
1650,3,3,6600000,63,1,2,1,1,2,1,3,4000
1650,3,3,6600000,63,1,1,1,1,2,2,3,4000
1650,3,4,7000000,122,2,1,3,1,3,2,3,4242.424242
1150,2,2,4600000,63,1,1,1,2,2,3,3,4000
875,2,2,3700000,122,1,1,1,2,3,2,2,4228.571429
1460,4,3,12000000,37,5,2,2,1,2,3,4,8219.178082
1460,4,3,12000000,37,1,2,2,1,2,3,4,8219.178082
2200,4,3,22500000,118,1,2,3,1,3,2,3,10227.27273
1790,3,3,10000000,37,1,2,2,1,5,3,4,5586.592179
1290,3,3,5805000,82,1,2,2,1,4,3,3,4500
1290,3,3,5805000,82,1,1,2,1,4,1,3,4500
1290,3,3,5805000,82,1,1,2,1,4,2,3,4500
1265,2,2,7500000,159,5,2,1,1,1,1,4,5928.853755
1650,3,3,12000000,15,1,1,2,1,2,3,4,7272.727273
2100,4,3,18000000,37,1,2,3,1,4,2,4,8571.428571
1450,3,3,5500000,118,2,3,2,1,5,3,3,3793.103448
3600,8,7,32000000,114,1,2,2,1,3,3,2,8888.888889
1525,3,3,6800000,160,1,1,2,2,5,2,3,4459.016393
900,2,2,3600000,118,1,2,1,1,1,2,3,4000
1740,3,3,11500000,104,4,1,2,1,1,3,3,6609.195402
1653,3,3,12000000,118,2,1,2,1,4,3,3,7259.528131
800,2,2,3200000,122,1,1,1,1,1,3,3,4000
1250,3,3,5000000,122,1,1,1,1,1,3,3,4000
800,2,2,3200000,122,1,1,1,1,1,2,3,4000
1298,3,3,5841000,118,1,1,2,1,2,1,3,4500
1000,3,3,5000000,25,1,1,2,1,1,2,4,5000
1050,2,3,6000000,118,1,2,1,1,1,3,4,5714.285714
1050,2,3,5000000,118,4,2,1,1,1,2,4,4761.904762
1050,2,3,5500000,118,1,1,1,1,1,2,4,5238.095238
950,2,2,3325000,78,1,1,1,1,1,2,3,3500
1000,2,2,3500000,78,4,1,1,1,1,1,3,3500
1640,3,3,5740000,78,1,1,1,1,1,3,3,3500
1450,3,3,5075000,78,1,1,1,1,1,3,3,3500
1150,3,3,4025000,78,1,1,1,1,1,3,3,3500
1000,2,2,3500000,78,2,1,1,1,1,3,3,3500
900,2,2,3150000,78,1,1,1,2,1,3,3,3500
900,2,2,3150000,78,1,1,1,1,1,2,3,3500
2300,3,5,21000000,159,1,1,2,1,4,3,3,9130.434783
1120,3,3,6800000,20,1,1,2,1,4,1,3,6071.428571
1140,3,3,6188000,82,1,2,2,1,3,2,3,5428.070175
1200,2,3,4500000,47,1,1,1,2,3,3,3,3750
925,2,2,2960000,150,1,1,1,2,2,3,3,3200
925,2,2,2960000,150,1,1,1,5,2,2,3,3200
951,2,2,2473000,64,2,3,2,1,1,3,4,2600.42061
1248,3,3,3245000,64,2,1,1,1,2,1,4,2600.160256
1385,3,3,6233000,41,1,1,1,1,2,2,3,4500.361011
1046,2,3,2720000,64,1,1,2,1,2,3,4,2600.382409
951,2,2,2473000,64,1,1,1,1,1,1,4,2600.42061
1045,2,2,4702000,41,1,1,1,3,2,3,3,4499.521531
1045,2,2,4702000,41,1,2,1,1,2,1,3,4499.521531
1938,4,3,13500000,37,1,1,3,1,3,3,3,6965.944272
2100,4,4,16000000,37,1,2,3,1,4,2,4,7619.047619
1200,2,2,6800000,41,5,2,1,1,2,3,3,5666.666667
2100,4,4,16000000,37,1,2,3,1,4,2,4,7619.047619
1200,3,3,6200000,118,1,1,1,1,4,2,3,5166.666667
935,2,3,6610000,118,1,1,1,1,5,3,3,7069.518717
1350,3,3,6075000,118,1,2,2,1,5,3,3,4500
1644,3,3,9864000,161,1,1,2,2,3,3,3,6000
1544,3,3,9264000,161,1,1,2,1,3,2,3,6000
1644,3,3,9864000,161,4,1,2,1,3,3,3,6000
1644,3,3,9864000,161,1,1,2,2,3,3,3,6000
1000,2,2,4500000,118,5,1,2,1,5,3,3,4500
1000,2,2,4500000,118,1,1,2,1,5,3,3,4500
1470,3,3,7350000,102,1,1,1,1,4,1,4,5000
1200,3,3,6000000,41,4,2,1,2,5,1,3,5000
950,2,2,4500000,118,1,2,2,1,3,3,3,4736.842105
950,2,2,4500000,118,4,1,2,1,3,3,3,4736.842105
950,2,2,4500000,118,1,1,2,1,3,3,3,4736.842105
950,2,2,4500000,118,1,2,2,1,3,3,3,4736.842105
950,2,2,4500000,118,1,2,2,1,3,3,3,4736.842105
950,2,2,4500000,118,1,3,2,1,3,2,3,4736.842105
950,2,2,4500000,118,1,1,2,1,3,2,3,4736.842105
920,2,2,4150000,122,1,1,2,1,1,1,4,4510.869565
1080,2,3,3800000,122,5,1,1,2,2,1,3,3518.518519
1160,2,3,6000000,118,1,2,2,1,4,2,4,5172.413793
975,3,3,5363000,118,1,1,2,1,3,3,3,5500.512821
1000,2,2,4500000,118,1,3,2,2,3,1,3,4500
1265,3,3,6825000,118,1,2,2,2,5,2,3,5395.256917
750,2,2,3500000,47,1,1,1,1,3,3,3,4666.666667
1000,2,2,4500000,118,1,1,2,1,3,3,3,4500
800,2,3,2900000,118,1,1,1,1,1,2,3,3625
750,2,2,3500000,47,1,2,1,1,3,1,3,4666.666667
1125,2,3,4775000,58,1,1,3,1,5,1,3,4244.444444
950,2,2,4500000,118,1,2,2,1,3,2,3,4736.842105
650,2,2,3000000,118,1,1,3,1,2,3,3,4615.384615
650,2,2,3500000,118,1,1,1,1,1,3,3,5384.615385
950,2,2,4700000,41,4,1,1,1,1,1,3,4947.368421
650,2,2,2205000,118,1,2,1,1,4,3,3,3392.307692
1050,3,3,4200000,47,1,3,1,1,3,2,3,4000
750,2,2,3375000,122,1,1,2,1,1,2,5,4500
1700,3,3,8384000,41,1,1,1,1,1,3,3,4931.764706
1100,3,3,4400000,47,1,1,1,5,3,3,3,4000
1050,3,3,4200000,47,1,1,1,1,3,2,3,4000
1800,4,3,13600000,37,1,2,3,1,4,3,4,7555.555556
1200,3,3,5220000,122,1,2,2,1,3,2,4,4350
950,2,2,4500000,118,1,2,2,1,3,2,3,4736.842105
950,2,3,4500000,118,1,1,2,2,3,2,3,4736.842105
950,2,3,4500000,118,1,2,2,2,3,3,3,4736.842105
950,2,2,4500000,118,2,2,2,1,3,1,3,4736.842105
1050,3,2,5800000,92,1,1,1,1,3,1,3,5523.809524
3800,6,6,24000000,0,1,2,2,1,2,3,3,6315.789474
1350,4,3,8000000,47,1,1,1,1,3,1,3,5925.925926
1250,3,3,6300000,82,3,2,3,1,2,1,3,5040
600,2,2,2600000,58,1,2,3,3,3,2,3,4333.333333
1200,2,3,5500000,118,5,1,2,1,2,3,3,4583.333333
600,2,2,2600000,58,1,1,3,1,3,1,3,4333.333333
600,2,2,2600000,58,5,1,3,1,3,3,3,4333.333333
600,2,2,2280000,58,1,2,3,3,3,2,3,3800
1150,2,3,4870000,58,1,1,3,1,5,1,3,4234.782609
1125,2,3,4775000,58,2,2,3,1,5,3,3,4244.444444
1150,2,2,4600000,63,1,2,1,1,2,3,3,4000
1150,2,2,4600000,63,1,1,1,1,2,2,3,4000
1150,2,2,4600000,63,1,2,1,1,2,2,3,4000
1050,2,2,4200000,63,1,2,1,1,2,3,3,4000
1150,2,2,4600000,63,1,2,1,1,2,3,3,4000
1150,2,2,4600000,63,1,2,1,2,2,2,3,4000
1050,2,2,4200000,63,1,2,1,1,2,2,3,4000
950,2,3,4000000,122,1,1,3,1,3,3,3,4210.526316
1450,3,3,6525000,47,3,1,1,1,2,2,4,4500
875,2,2,3700000,122,1,2,1,1,3,3,3,4228.571429
875,2,2,3700000,122,1,1,3,1,3,2,3,4228.571429
1150,2,2,4600000,63,1,1,1,1,2,2,3,4000
1150,2,2,4600000,63,1,2,1,1,2,2,3,4000
900,2,2,4680000,137,1,1,1,1,3,3,4,5200
1050,2,3,4700000,122,1,1,1,2,3,1,3,4476.190476
905,2,3,3200000,21,1,1,2,1,1,3,3,3535.911602
1750,3,3,10000000,41,1,2,1,2,1,3,3,5714.285714
1050,3,3,4500000,122,1,2,3,1,3,4,3,4285.714286
2200,5,4,20000000,118,1,1,1,1,1,2,3,9090.909091
1750,3,3,10000000,41,1,2,1,2,1,2,3,5714.285714
1017,2,2,6000000,122,1,1,1,1,3,1,7,5899.705015
9900,8,8,40000000,21,2,2,1,1,1,3,3,4040.40404
800,2,2,3300000,122,1,2,2,1,3,3,3,4125
965,3,3,4342000,47,1,1,2,1,6,3,6,4499.481865
2289,4,3,19500000,104,1,1,2,1,1,2,3,8519.003932
1066,3,3,5117000,47,1,1,2,1,6,3,6,4800.187617
1021,3,3,4595000,47,1,1,2,1,6,2,6,4500.489716
1550,3,3,12000000,37,1,2,3,1,4,3,4,7741.935484
1000,2,3,5800000,122,1,1,3,1,3,3,5,5800
1616,3,3,7272000,47,1,1,2,1,6,3,6,4500
1200,3,3,7200000,118,1,1,1,1,3,3,2,6000
1000,2,3,5600000,122,1,4,3,1,3,3,5,5600
1000,2,3,5600000,122,4,3,3,1,3,3,5,5600
1000,2,3,7000000,58,1,1,3,1,5,3,3,7000
1160,3,3,7000000,37,1,2,3,1,4,2,4,6034.482759
900,2,2,5000000,98,1,1,1,2,1,2,3,5555.555556
930,2,2,4000000,122,1,1,2,1,1,3,5,4301.075269
930,2,2,4500000,122,1,2,2,1,1,2,5,4838.709677
1095,2,3,7500000,58,1,2,3,1,5,1,3,6849.315068
930,2,2,3700000,122,1,3,2,1,1,3,5,3978.494624
930,2,2,4000000,122,1,1,2,1,1,3,5,4301.075269
1000,2,3,5800000,122,1,1,3,1,3,2,5,5800
1300,3,3,7900000,118,1,1,1,1,4,3,5,6076.923077
1435,3,3,5740000,21,3,2,3,2,3,3,3,4000
1435,3,3,5740000,21,1,2,3,1,3,2,3,4000
1275,3,3,5100000,21,1,2,3,1,3,3,3,4000
1000,2,3,4000000,118,2,3,2,1,1,1,4,4000
1100,2,3,4300000,118,1,1,2,1,3,1,4,3909.090909
1335,3,3,5340000,21,1,2,3,2,3,3,3,4000
1100,2,3,4300000,118,1,2,2,1,3,2,4,3909.090909
1100,2,3,4300000,118,1,2,2,1,1,1,4,3909.090909
1300,3,3,7900000,118,4,1,1,1,4,3,5,6076.923077
1300,3,3,7900000,118,4,1,1,1,5,3,5,6076.923077
1300,3,3,7900000,118,1,1,1,3,5,1,5,6076.923077
1275,3,3,5100000,21,3,2,3,2,3,3,3,4000
1570,3,3,6280000,21,1,2,3,2,3,1,3,4000
1315,3,3,5260000,21,3,2,3,2,3,3,3,4000
1435,3,3,5740000,21,4,1,3,1,3,2,3,4000
1570,3,3,6280000,21,1,2,3,2,3,2,3,4000
1425,3,3,5740000,21,4,2,3,2,3,3,4,4028.070175
1570,3,3,6280000,21,1,2,3,2,3,3,3,4000
1315,3,3,5260000,21,1,2,2,2,3,1,3,4000
1325,3,3,5300000,21,1,2,3,2,3,3,3,4000
1435,3,3,5740000,21,1,1,3,1,3,2,3,4000
1150,2,2,3000000,11,5,1,3,1,1,2,3,2608.695652
1554,3,3,11500000,118,1,1,1,1,5,2,5,7400.2574
1100,2,3,4000000,122,1,1,3,1,2,2,4,3636.363636
1335,3,3,5340000,21,1,2,3,1,2,3,5,4000
944,2,3,6500000,118,1,1,3,1,3,3,3,6885.59322
1554,3,3,11500000,118,4,1,1,1,5,3,5,7400.2574
1554,3,3,11500000,118,4,1,1,2,5,3,5,7400.2574
1554,3,3,11500000,118,1,1,1,1,5,2,5,7400.2574
1325,3,3,5300000,21,1,1,3,3,3,2,5,4000
1554,3,3,11500000,118,1,1,1,2,5,2,5,7400.2574
1325,3,3,5900000,21,5,2,3,2,3,3,5,4452.830189
1335,3,3,5340000,21,1,2,3,1,3,1,5,4000
1335,3,3,5340000,21,1,2,3,2,3,3,5,4000
1435,3,3,5740000,21,1,2,3,1,3,3,3,4000
1335,3,3,5340000,21,5,2,3,2,3,3,5,4000
1275,3,3,5100000,21,1,2,2,1,4,1,5,4000
1570,3,3,6280000,21,1,2,3,2,3,3,3,4000
1325,3,3,5300000,21,1,2,3,2,3,1,3,4000
1570,3,3,6280000,21,1,2,3,2,3,2,3,4000
1110,3,2,4995000,11,5,1,3,1,1,3,3,4500
1110,3,2,4995000,11,1,1,2,1,1,3,3,4500
1265,3,3,5313000,63,1,2,1,2,2,3,3,4200
1337,3,3,6000000,122,1,1,1,2,3,2,3,4487.658938
1035,3,3,4347000,63,1,1,1,1,2,3,3,4200
1400,3,3,8400000,118,2,2,2,1,5,3,3,6000
1450,3,3,8675000,118,4,2,2,1,5,3,3,5982.758621
1290,3,3,7795000,118,1,2,2,1,5,2,3,6042.635659
1400,3,3,8400000,118,1,2,2,1,5,3,3,6000
1450,3,3,8675000,118,5,2,2,1,5,3,3,5982.758621
1350,3,3,8125000,118,2,2,2,1,5,3,3,6018.518519
1350,3,3,8125000,118,1,2,2,1,5,3,3,6018.518519
1350,3,3,8125000,118,1,2,2,1,5,2,3,6018.518519
1350,3,3,8125000,118,1,2,2,1,5,2,3,6018.518519
1350,3,3,8125000,118,4,2,2,1,5,3,3,6018.518519
1400,3,3,8400000,118,4,2,2,1,5,3,3,6000
1300,3,3,9000000,15,3,1,1,1,3,1,4,6923.076923
1300,3,3,9000000,15,4,1,1,1,3,3,4,6923.076923
1300,3,3,8400000,15,1,1,1,1,3,1,4,6461.538462
1250,3,3,7600000,15,1,1,1,1,3,1,4,6080
1554,3,3,11500000,118,1,1,1,2,5,1,5,7400.2574
1180,3,3,6500000,118,1,1,2,1,4,1,3,5508.474576
1140,2,3,6200000,118,1,2,2,1,2,1,4,5438.596491
1550,4,3,11000000,37,4,2,3,2,4,2,4,7096.774194
1600,3,3,6000000,118,1,1,1,1,3,3,3,3750
1180,3,3,6500000,118,1,1,2,1,4,3,3,5508.474576
1370,3,3,7500000,58,1,1,3,1,5,1,3,5474.452555
1850,5,4,19500000,37,1,1,2,2,4,3,6,10540.54054
935,3,3,6500000,122,4,1,2,1,3,2,4,6951.871658
1274,3,3,8500000,127,1,1,2,2,3,3,3,6671.899529
2120,3,3,16500000,178,1,2,3,1,3,2,3,7783.018868
2006,4,3,14000000,37,1,1,3,1,4,1,7,6979.062812
885,2,3,3700000,58,1,1,3,1,3,3,3,4180.79096
1320,3,3,5940000,11,1,1,2,1,1,3,3,4500
1320,3,3,5940000,11,1,1,1,1,1,1,3,4500
1100,2,3,4600000,58,1,1,3,1,3,1,3,4181.818182
1100,2,3,4600000,58,1,2,3,2,3,2,3,4181.818182
1100,3,3,2600000,47,1,1,1,1,3,1,3,2363.636364
1200,3,3,2600000,47,1,1,1,1,3,3,3,2166.666667
1200,3,3,2600000,47,1,2,1,1,3,3,3,2166.666667
1125,2,3,6188000,82,1,2,2,1,3,2,3,5500.444444
1250,3,3,6200000,47,5,1,1,1,3,3,3,4960
930,3,3,5500000,118,1,1,1,2,3,3,4,5913.978495
698,2,2,3000000,118,2,1,2,1,1,3,3,4297.994269
680,2,2,3060000,118,1,2,3,1,1,2,3,4500
698,2,2,3000000,118,1,2,2,1,1,3,3,4297.994269
680,2,2,3060000,118,5,1,3,1,1,3,3,4500
698,2,2,3000000,118,1,1,2,1,1,3,3,4297.994269
1500,4,3,10000000,178,5,1,1,1,1,2,3,6666.666667
1410,3,3,7000000,47,4,2,1,1,3,3,3,4964.539007
1254,3,3,5000000,47,1,1,1,1,3,1,3,3987.240829
8400,10,24,35000000,118,4,1,1,1,1,3,3,4166.666667
1300,3,3,5200000,118,1,2,2,1,1,2,3,4000
1300,3,3,5850000,118,1,1,3,1,1,3,3,4500
1300,3,3,5460000,118,1,1,1,1,3,3,3,4200
1250,3,3,6500000,47,1,1,1,1,3,1,3,5200
1350,3,3,7425000,118,2,1,2,1,3,3,3,5500
825,2,2,3000000,118,1,1,2,1,5,1,3,3636.363636
1350,3,3,7425000,118,1,1,2,1,3,1,3,5500
1350,3,3,7425000,118,1,1,2,2,3,3,3,5500
1350,3,3,7425000,118,1,1,2,2,3,3,3,5500
1070,2,2,4600000,174,1,1,3,2,3,3,4,4299.065421
1070,2,2,4600000,174,1,1,3,1,3,3,4,4299.065421
650,2,2,3100000,122,1,3,2,1,1,2,4,4769.230769
5200,10,16,40000000,118,1,2,2,1,2,2,2,7692.307692
1100,2,3,4000000,41,1,1,1,1,1,3,3,3636.363636
650,2,2,2600000,87,1,1,2,1,1,2,4,4000
1177,3,3,6500000,102,1,1,1,1,4,1,4,5522.514868
1300,3,4,7000000,118,1,1,2,2,3,2,3,5384.615385
1260,3,3,9500000,37,1,2,3,1,4,3,4,7539.68254
1250,3,3,6625000,90,1,1,2,1,2,2,4,5300
1250,2,3,4750000,118,1,1,1,1,2,2,3,3800
1250,2,3,6250000,118,1,1,1,1,2,1,3,5000
1550,4,3,7750000,118,1,2,1,2,2,1,3,5000
1050,2,3,4725000,118,1,2,1,2,1,3,4,4500
1400,4,4,9500000,82,1,2,1,1,1,3,3,6785.714286
950,2,2,4500000,118,5,2,2,1,3,2,3,4736.842105
850,2,2,4500000,174,1,1,1,1,3,3,3,5294.117647
1400,3,3,6300000,118,5,1,2,1,5,3,3,4500
780,2,2,3000000,150,1,2,3,1,1,3,3,3846.153846
1400,3,3,6300000,118,1,2,2,1,5,2,3,4500
1860,3,3,12000000,37,1,2,2,1,3,3,4,6451.612903
1004,3,3,3815000,71,1,1,2,1,1,3,4,3799.800797
2150,3,3,25000000,66,1,2,1,1,2,3,3,11627.90698
1000,3,3,3800000,71,1,1,2,3,1,1,4,3800
1000,2,3,6000000,118,3,2,2,3,3,3,3,6000
900,2,2,4500000,142,1,1,2,2,2,3,4,5000
950,4,3,9000000,98,4,1,1,1,5,3,3,9473.684211
839,2,2,3859000,118,1,1,2,2,5,2,3,4599.523242
1015,2,2,6000000,118,1,1,2,2,2,1,3,5911.330049
1200,3,3,4800000,17,1,1,2,1,3,3,3,4000
1050,3,3,4200000,47,1,1,1,1,3,3,3,4000
2180,3,3,9000000,11,1,2,1,3,2,4,3,4128.440367
1090,2,2,4500000,11,1,2,3,1,3,2,3,4128.440367
1800,4,3,13600000,37,1,2,3,1,4,2,4,7555.555556
650,2,2,2500000,118,4,1,1,1,2,1,4,3846.153846
1388,3,3,5800000,122,1,1,2,1,3,3,3,4178.674352
1463,3,3,5852000,118,1,1,1,2,3,3,4,4000
1235,3,3,5928000,88,1,1,2,1,3,2,4,4800
1200,3,3,4000000,118,4,2,2,2,4,3,3,3333.333333
600,2,2,2600000,58,1,2,3,1,3,2,3,4333.333333
1630,4,3,8000000,82,1,2,3,1,3,3,3,4907.97546
1300,3,3,6200000,21,1,3,3,2,1,3,3,4769.230769
1400,3,3,6300000,82,1,1,1,1,3,3,3,4500
1360,3,3,4760000,63,1,1,1,4,1,2,3,3500
1150,2,3,4870000,58,1,2,3,1,5,2,3,4234.782609
875,2,2,3700000,122,1,1,3,1,3,2,3,4228.571429
875,2,2,3700000,122,1,2,1,1,3,3,3,4228.571429
875,2,2,3700000,122,1,2,2,3,2,3,3,4228.571429
875,2,2,3700000,122,1,2,2,1,3,3,3,4228.571429
1150,2,2,4600000,63,1,2,1,2,2,1,3,4000
875,2,2,3700000,122,1,2,3,1,3,3,3,4228.571429
1050,2,2,4200000,63,1,1,1,1,2,3,3,4000
1150,2,2,4600000,63,1,2,1,1,2,2,3,4000
1050,2,2,4200000,63,5,1,1,1,2,3,3,4000
1260,3,3,5670000,47,2,1,1,2,2,2,3,4500
950,2,3,4000000,122,1,1,1,1,3,3,3,4210.526316
1110,3,2,4995000,11,1,1,2,2,1,3,3,4500
1350,3,3,8125000,118,5,2,2,1,5,3,3,6018.518519
1400,3,3,8400000,118,5,2,2,1,5,2,3,6000
1400,3,3,8400000,118,1,2,2,1,5,3,3,6000
1290,3,3,7795000,118,1,2,2,1,5,3,3,6042.635659
1400,3,3,8400000,118,1,2,2,1,5,2,3,6000
1450,3,3,8675000,118,1,2,2,2,5,3,3,5982.758621
1350,3,3,8125000,118,1,2,2,1,5,1,3,6018.518519
1075,2,3,4730000,118,2,1,1,3,1,2,3,4400
950,2,2,4000000,118,1,1,1,1,1,2,5,4210.526316
900,2,3,4500000,41,1,2,1,2,4,2,3,5000
1300,3,3,7900000,118,1,1,1,1,4,3,5,6076.923077
1720,3,3,11200000,118,1,1,1,1,4,2,5,6511.627907
1300,3,3,7900000,118,1,1,1,1,5,1,5,6076.923077
1350,3,3,7900000,118,1,2,2,2,2,2,4,5851.851852
1300,3,3,7900000,118,1,1,1,1,4,4,5,6076.923077
975,2,3,4500000,118,1,1,3,3,2,3,3,4615.384615
1500,3,3,6750000,118,1,3,2,1,4,2,3,4500
1350,3,3,7500000,118,3,2,2,1,2,1,4,5555.555556
1350,3,3,7500000,118,1,2,2,2,2,2,4,5555.555556
1300,3,3,5850000,118,1,2,2,1,4,2,3,4500
1400,3,3,6300000,118,1,2,2,3,4,3,3,4500
1515,3,3,7272000,77,1,1,1,1,1,1,4,4800
1300,3,3,5850000,118,1,1,2,1,4,3,3,4500
1200,3,3,3500000,71,1,1,1,1,2,3,3,2916.666667
1140,2,3,6200000,118,1,2,2,1,2,2,4,5438.596491
1880,4,3,12200000,37,1,2,3,1,4,3,4,6489.361702
885,2,3,3700000,58,1,2,3,1,3,2,3,4180.79096
970,2,2,4000000,58,2,1,3,1,3,1,3,4123.71134
885,2,3,3700000,58,3,2,3,2,3,3,3,4180.79096
1550,3,3,7900000,118,1,2,2,2,1,2,2,5096.774194
1320,3,3,5940000,11,1,1,1,1,1,2,3,4500
1250,3,3,11500000,37,1,2,2,1,3,3,3,9200
1725,3,3,7500000,13,1,2,2,1,2,3,3,4347.826087
1200,2,3,6050000,20,1,2,3,1,4,3,3,5041.666667
1200,2,3,6050000,20,1,1,3,1,4,2,3,5041.666667
1200,3,3,6050000,20,1,2,3,3,4,3,3,5041.666667
1200,2,3,6050000,20,4,2,3,1,4,2,3,5041.666667
1200,2,3,6050000,20,1,2,3,1,4,2,3,5041.666667
1200,2,3,6050000,20,3,1,3,1,4,3,3,5041.666667
1200,2,3,6050000,20,1,1,3,1,4,3,3,5041.666667
1100,3,3,6050000,20,1,1,3,1,4,3,3,5500
1108,3,3,6050000,20,1,1,3,2,4,1,3,5460.288809
1100,2,3,6050000,20,4,2,3,1,4,1,3,5500
1100,2,3,6050000,20,4,2,3,1,4,1,3,5500
1100,2,3,6050000,20,1,2,3,1,4,2,3,5500
1350,3,3,8400000,122,1,1,2,1,3,3,4,6222.222222
1620,3,3,7313000,58,1,2,3,2,5,3,3,4514.197531
1500,3,3,13500000,37,1,2,3,1,4,2,4,9000
1331,3,3,9500000,178,1,1,2,1,5,3,3,7137.490609
650,2,2,3500000,118,1,2,2,1,1,3,4,5384.615385
1820,4,4,13000000,162,1,1,1,1,4,2,4,7142.857143
1400,3,3,6500000,0,1,1,2,1,2,3,3,4642.857143
1300,3,3,7000000,122,1,1,2,1,1,2,5,5384.615385
1872,4,3,12500000,118,4,2,2,3,3,3,5,6677.350427
1400,3,3,10000000,120,1,1,2,2,4,2,3,7142.857143
1250,3,3,7000000,118,2,1,2,1,2,2,4,5600
900,2,3,4635000,118,2,1,2,1,2,2,4,5150
900,2,3,4700000,118,4,1,2,2,2,2,4,5222.222222
1553,3,3,10900000,118,4,2,2,3,3,3,5,7018.673535
1275,3,3,7200000,118,1,1,2,1,2,3,4,5647.058824
1620,3,4,6700000,58,3,1,3,1,5,3,3,4135.802469
1175,3,3,7400000,170,1,2,2,1,2,3,4,6297.87234
1872,4,3,15500000,118,4,2,2,3,3,2,4,8279.91453
1504,3,3,7520000,9,1,2,2,1,1,2,3,5000
1465,3,3,8800000,118,1,2,2,1,2,3,4,6006.825939
1700,4,4,9000000,122,1,1,1,1,3,2,7,5294.117647
1465,3,3,8800000,118,1,2,2,2,2,1,4,6006.825939
2700,3,3,32000000,73,1,2,2,1,2,3,4,11851.85185
1050,2,3,5450000,118,1,2,2,1,3,3,3,5190.47619
1050,2,3,5500000,118,1,2,2,2,3,2,3,5238.095238
1050,2,3,5450000,118,1,1,2,2,3,3,3,5190.47619
1050,2,3,5450000,118,1,1,2,1,3,3,3,5190.47619
1050,2,3,5450000,118,1,2,2,2,3,2,3,5190.47619
1100,2,2,5500000,104,1,1,2,1,1,3,4,5000
1050,2,3,5450000,118,1,1,2,1,3,3,3,5190.47619
1445,3,3,8800000,118,1,2,3,1,2,3,4,6089.965398
750,2,2,4200000,118,4,2,3,1,2,2,4,5600
9213,10,25,63000000,14,1,1,2,1,1,3,3,6838.163465
1100,2,2,6200000,118,1,2,3,1,2,1,4,5636.363636
1500,3,3,5500000,122,1,1,1,1,2,3,7,3666.666667
1500,3,3,9500000,118,2,2,3,1,2,3,4,6333.333333
1350,3,3,8500000,41,1,1,1,1,1,3,3,6296.296296
1500,3,3,5500000,122,3,2,2,1,3,2,4,3666.666667
1505,3,3,6772000,122,1,2,2,1,1,3,3,4499.667774
1500,3,3,6750000,122,1,3,2,2,1,3,3,4500
1140,2,3,6100000,118,1,2,2,1,2,1,4,5350.877193
1575,3,3,12000000,178,5,1,1,4,2,1,3,7619.047619
2082,4,4,23000000,122,1,2,2,1,1,3,1,11047.07012
1350,3,3,7900000,118,1,2,2,2,2,2,4,5851.851852
1600,3,3,13500000,37,1,1,1,1,3,2,3,8437.5
1750,3,3,12000000,104,1,1,2,5,1,3,3,6857.142857
1265,3,3,5900000,122,1,1,1,1,3,2,3,4664.031621
1043,3,3,8000000,79,2,2,2,1,1,3,5,7670.182167
2870,6,6,15000000,150,1,1,3,1,2,3,3,5226.480836
1298,3,3,7500000,118,1,1,2,1,4,3,3,5778.120185
1131,3,3,6000000,118,1,2,1,1,3,2,3,5305.039788
1470,3,3,7800000,150,1,1,2,2,2,2,3,5306.122449
1059,2,2,7500000,37,1,2,3,1,4,3,4,7082.152975
975,3,3,5363000,118,1,1,2,3,3,3,3,5500.512821
975,3,3,5363000,118,1,1,2,2,3,1,3,5500.512821
975,3,3,5363000,118,1,1,2,1,3,3,3,5500.512821
975,3,3,5375000,118,1,1,2,1,3,3,3,5512.820513
1050,2,3,5500000,118,1,1,2,1,3,3,3,5238.095238
1000,2,3,8000000,154,2,1,1,2,3,3,4,8000
1500,4,3,8250000,104,1,1,2,2,1,1,3,5500
1350,3,3,7900000,118,1,2,2,1,2,2,4,5851.851852
1350,3,3,7900000,118,1,2,2,1,2,1,4,5851.851852
1350,3,3,7900000,118,1,2,2,1,2,3,4,5851.851852
1350,3,3,7900000,118,1,2,2,1,2,2,4,5851.851852
1350,3,3,7500000,118,1,2,2,2,2,3,4,5555.555556
1870,4,4,19500000,37,1,2,3,1,4,3,4,10427.80749
1900,4,3,14500000,2,1,2,3,1,2,3,5,7631.578947
1535,3,3,8500000,82,1,1,2,1,1,3,4,5537.459283
1100,3,3,4500000,41,1,1,1,1,1,3,3,4090.909091
1085,3,3,5967000,118,1,2,2,1,2,3,4,5499.539171
855,2,2,4275000,118,4,2,2,1,1,3,4,5000
1085,3,3,5967000,118,2,2,2,3,2,3,4,5499.539171
1087,2,3,5200000,118,1,2,2,1,2,2,4,4783.808648
1200,3,3,5000000,118,1,2,2,2,4,3,3,4166.666667
1350,3,3,7250000,118,4,2,2,1,2,3,4,5370.37037
1350,3,3,7900000,118,1,2,2,1,2,1,4,5851.851852
1075,3,3,6500000,17,1,1,2,2,3,3,3,6046.511628
1350,2,3,6700000,118,1,1,1,1,3,3,3,4962.962963
1254,3,3,5500000,47,1,1,1,1,3,3,3,4385.964912
1400,3,3,7000000,118,1,1,1,1,1,1,3,5000
1400,3,3,7000000,118,1,1,1,1,1,2,3,5000
1120,3,3,5040000,0,1,1,2,1,2,2,3,4500
650,2,2,3000000,118,1,2,2,2,1,1,4,4615.384615
1350,3,3,7000000,118,1,2,2,1,3,3,3,5185.185185
1240,3,3,6500000,118,1,1,2,1,3,3,3,5241.935484
1470,3,3,11000000,154,1,1,3,1,4,3,4,7482.993197
650,2,2,2200000,118,1,1,1,1,3,3,3,3384.615385
1160,3,3,7500000,118,1,1,2,1,2,2,3,6465.517241
650,2,2,2800000,118,1,3,1,1,1,1,4,4307.692308
1400,3,3,8500000,104,1,1,2,1,1,2,2,6071.428571
1320,3,3,7500000,118,1,1,2,2,4,3,3,5681.818182
450,1,2,1600000,118,1,1,1,1,1,3,4,3555.555556
1470,3,3,12500000,98,1,1,1,1,6,3,3,8503.401361
1390,3,3,5282000,47,1,3,1,1,3,3,3,3800
1390,3,3,5282000,47,2,2,1,1,3,3,3,3800
1525,3,3,5795000,47,1,2,1,2,3,3,3,3800
1500,3,3,10000000,178,1,2,3,1,3,2,4,6666.666667
1510,3,3,7000000,63,1,1,1,1,1,3,3,4635.761589
1080,2,3,6000000,118,2,2,2,1,2,2,4,5555.555556
1400,3,4,9200000,118,4,1,1,1,2,1,4,6571.428571
2200,4,4,23000000,118,1,1,1,2,1,3,3,10454.54545
970,2,3,4500000,162,1,1,1,1,4,1,4,4639.175258
3600,8,24,9000000,77,1,1,1,1,1,2,2,2500
1019,2,3,6500000,114,1,2,2,1,5,3,3,6378.802748
750,1,2,4500000,124,1,1,2,1,1,3,3,6000
1300,3,3,5000000,47,1,2,1,1,3,2,3,3846.153846
1222,3,3,4888000,63,4,1,1,1,2,3,3,4000
1226,3,3,4904000,63,4,1,1,1,2,3,3,4000
750,2,2,2500000,118,1,1,1,1,1,4,4,3333.333333
750,2,2,2500000,118,4,2,1,2,1,3,4,3333.333333
1600,3,3,9500000,82,1,1,1,1,1,3,3,5937.5
1345,3,3,7500000,118,2,2,1,1,2,2,4,5576.208178
2500,4,4,22000000,178,1,2,3,1,3,1,4,8800
975,3,3,4500000,162,1,1,1,1,4,3,4,4615.384615
650,2,2,2200000,118,2,2,1,1,1,3,3,3384.615385
1380,4,3,10000000,118,1,1,1,3,3,3,3,7246.376812
1071,2,2,3427000,41,1,2,1,1,1,3,3,3199.813259
1050,3,3,4200000,47,1,1,1,1,3,3,3,4000
1345,3,3,7500000,118,1,1,1,1,2,3,4,5576.208178
1150,4,3,8500000,37,1,1,2,5,2,2,2,7391.304348
950,2,2,4500000,118,1,2,2,1,3,3,3,4736.842105
800,2,2,3600000,47,1,2,1,1,2,2,3,4500
1560,4,3,10000000,122,1,1,2,1,3,3,4,6410.25641
950,2,2,4200000,122,1,1,2,1,1,2,4,4421.052632
1560,4,3,10000000,122,1,1,2,1,3,3,4,6410.25641
1560,4,3,10000000,122,1,1,2,1,3,3,4,6410.25641
870,2,2,4500000,122,1,1,1,1,3,3,7,5172.413793
1622,3,3,12200000,14,1,1,2,1,2,2,4,7521.578298
1450,3,3,7500000,41,1,1,1,2,1,3,3,5172.413793
1240,3,3,10000000,37,1,1,3,1,5,3,5,8064.516129
1720,3,3,12900000,14,1,1,2,1,2,3,4,7500
1200,3,3,5500000,118,1,2,2,1,2,2,4,4583.333333
1300,3,3,7500000,118,1,1,1,1,1,3,3,5769.230769
1100,2,2,3600000,21,1,1,1,1,1,2,3,3272.727273
500,2,2,2500000,118,1,1,1,2,4,2,3,5000
1300,3,3,7000000,118,2,2,2,3,3,3,3,5384.615385
1280,3,3,5600000,47,1,1,1,1,3,2,3,4375
1550,3,3,7200000,178,1,2,3,1,3,2,4,4645.16129
1550,3,3,5000000,118,1,1,1,2,2,3,3,3225.806452
1230,3,3,4800000,47,1,1,1,1,3,2,3,3902.439024
1280,3,3,5600000,47,3,1,1,2,3,1,3,4375
1450,3,3,7685000,14,1,1,2,1,2,3,4,5300
1230,3,3,5000000,47,1,1,1,1,3,3,3,4065.04065
1400,3,3,8000000,14,4,2,2,1,2,3,4,5714.285714
720,2,2,5000000,122,1,1,2,2,2,3,4,6944.444444
850,2,2,5100000,122,1,1,2,1,2,3,4,6000
850,2,2,5100000,122,1,1,2,1,2,3,4,6000
850,2,2,5100000,122,1,1,2,1,2,3,4,6000
850,2,2,5100000,122,1,1,2,1,2,2,4,6000
1850,4,3,14000000,2,1,2,3,1,2,2,5,7567.567568
1350,3,3,8125000,118,2,2,2,1,5,2,3,6018.518519
1110,3,2,4995000,11,3,2,1,1,1,1,3,4500
1400,3,3,8400000,118,5,2,2,1,5,3,3,6000
1290,3,3,7795000,118,1,2,2,1,5,3,3,6042.635659
1400,3,3,8400000,118,4,2,2,1,5,2,3,6000
1250,3,3,6200000,17,2,1,2,1,3,3,3,4960
1035,3,3,4347000,63,1,1,1,1,2,3,3,4200
1170,2,2,8190000,159,2,1,1,1,2,1,3,7000
1620,3,3,16400000,178,1,2,1,2,3,2,3,10123.45679
2278,5,3,15000000,37,1,2,1,1,5,3,4,6584.723442
1330,3,3,9245000,109,1,1,2,1,3,1,4,6951.12782
800,2,2,4000000,82,1,1,2,1,5,2,5,5000
750,2,2,2800000,118,1,1,1,1,1,3,3,3733.333333
1100,3,3,6050000,20,1,3,3,1,4,2,3,5500
1100,2,3,6050000,20,1,1,3,1,4,3,3,5500
1100,3,3,6050000,20,1,1,3,1,4,3,3,5500
1100,2,3,6050000,20,5,1,3,1,4,3,3,5500
1200,2,3,6050000,20,1,2,3,1,4,2,3,5041.666667
1100,3,3,6050000,20,1,2,3,5,4,3,3,5500
1100,3,3,6050000,20,1,2,3,1,4,2,3,5500
1550,3,3,14500000,37,1,2,3,1,3,3,4,9354.83871
1700,4,3,9000000,83,1,1,2,1,2,3,3,5294.117647
1500,3,3,6999000,58,4,1,3,1,5,4,3,4666
1140,2,3,6200000,118,4,2,2,1,2,1,4,5438.596491
1692,3,3,11400000,140,5,2,3,1,2,2,5,6737.588652
1365,3,3,5800000,122,1,1,3,1,3,1,5,4249.084249
1140,2,3,5000000,14,1,2,2,1,2,2,4,4385.964912
1880,4,3,12200000,37,1,2,3,1,4,3,4,6489.361702
1100,2,3,8000000,37,2,2,3,2,4,1,4,7272.727273
1352,3,3,6760000,105,1,1,2,1,1,1,3,5000
1700,3,3,4600000,63,1,1,1,1,4,3,4,2705.882353
1432,3,3,7160000,105,1,2,3,2,1,3,3,5000
1550,3,3,11000000,37,4,1,2,1,2,2,2,7096.774194
1800,3,3,4600000,63,1,1,1,1,3,1,4,2555.555556
850,2,2,4800000,118,1,1,2,2,2,2,3,5647.058824
1100,2,3,4950000,118,1,2,2,1,4,1,3,4500
1100,2,3,4950000,118,1,2,2,1,4,3,3,4500
1100,2,3,4950000,118,1,2,2,1,4,1,3,4500
1100,2,3,4950000,118,1,2,2,1,4,1,3,4500
1100,2,3,4950000,118,1,2,2,1,4,3,3,4500
1100,2,3,4950000,118,1,2,2,1,4,3,3,4500
1100,2,3,4950000,118,2,2,2,2,4,3,3,4500
1100,2,3,4950000,118,1,2,2,1,4,3,3,4500
1405,3,3,6318000,122,1,2,2,2,1,3,3,4496.797153
650,2,2,2400000,118,1,2,3,1,1,1,4,3692.307692
1200,2,2,5000000,4,1,1,1,1,5,1,3,4166.666667
1691,3,3,8455000,9,4,2,1,1,1,2,3,5000
1007,2,2,5034000,9,1,1,2,2,1,3,3,4999.006951
755,2,2,5600000,122,1,1,1,1,4,3,7,7417.218543
1350,3,3,10000000,37,2,1,2,1,4,1,4,7407.407407
1700,3,3,6500000,63,1,1,1,1,1,3,3,3823.529412
2050,4,3,21000000,37,1,2,1,1,4,3,4,10243.90244
1330,3,3,4256000,150,1,1,1,1,1,2,3,3200
1330,3,3,4256000,150,1,1,2,1,1,3,3,3200
1330,3,3,4256000,150,1,1,3,2,1,1,3,3200
1450,2,3,4640000,150,1,1,1,1,1,2,3,3200
1350,3,3,5400000,82,1,1,2,1,3,3,4,4000
1570,2,3,11000000,37,2,1,2,1,3,3,3,7006.369427
922,2,2,3400000,176,1,2,3,1,5,2,3,3687.635575
1050,2,3,4500000,118,4,1,1,1,3,3,5,4285.714286
1570,3,3,11000000,37,1,1,3,1,3,2,3,7006.369427
1060,2,2,3500000,176,5,1,3,1,5,3,3,3301.886792
900,2,2,2475000,118,1,2,2,1,1,1,4,2750
1330,2,3,6000000,118,1,1,2,1,4,3,3,4511.278195
1160,3,4,4408000,58,4,2,3,1,5,2,3,3800
1650,3,4,9000000,118,1,2,2,1,2,3,4,5454.545455
1000,2,2,4000000,41,1,1,1,1,1,2,3,4000
1232,3,3,4800000,58,3,2,3,2,4,2,3,3896.103896
1300,4,4,6500000,118,1,1,1,1,1,3,3,5000
1200,3,3,5400000,118,1,2,2,3,4,3,3,4500
1200,3,3,5400000,118,1,2,2,1,4,3,3,4500
1100,2,3,4950000,118,2,2,2,1,4,3,3,4500
1200,3,3,5400000,118,4,2,2,1,4,2,3,4500
1150,2,3,6325000,17,1,1,2,1,2,1,3,5500
680,2,2,3000000,118,1,3,2,1,1,3,3,4411.764706
1000,2,2,6000000,118,1,1,1,1,3,2,3,6000
1080,2,2,5940000,17,1,1,2,1,2,2,3,5500
1080,2,2,5940000,17,1,1,2,2,2,3,3,5500
980,2,2,5390000,17,1,1,2,1,2,3,3,5500
1080,2,2,5940000,17,1,1,2,2,2,2,3,5500
980,2,2,5390000,17,1,1,2,1,2,2,3,5500
980,2,2,5390000,17,1,1,2,1,2,3,3,5500
980,2,2,5390000,17,1,1,2,1,2,3,3,5500
1250,3,3,6000000,90,1,1,2,1,3,3,4,4800
1400,3,3,9000000,118,1,1,2,3,4,3,3,6428.571429
1200,3,3,6600000,90,2,1,2,2,3,3,4,5500
850,2,2,3600000,14,1,1,2,4,1,1,4,4235.294118
1200,3,3,5000000,118,1,1,2,1,4,3,3,4166.666667
1250,3,3,6000000,90,4,1,2,1,3,1,4,4800
1420,3,3,6200000,82,1,1,2,2,3,2,4,4366.197183
850,2,2,3200000,14,1,4,2,1,2,3,4,3764.705882
740,2,2,4000000,118,2,2,3,1,2,3,4,5405.405405
1330,3,3,4256000,150,1,1,2,2,1,3,3,3200
1745,4,3,9000000,104,2,1,2,1,1,1,3,5157.593123
1132,2,3,4851000,82,5,1,2,1,3,3,4,4285.335689
1400,3,3,6500000,118,1,1,2,1,4,3,3,4642.857143
650,2,2,2300000,82,1,2,1,2,1,1,4,3538.461538
1310,3,3,6812000,118,1,2,2,1,2,3,4,5200
750,2,2,2700000,82,1,1,3,1,3,1,4,3600
1450,4,3,9500000,37,2,2,3,2,4,1,4,6551.724138
1100,3,3,8500000,118,1,2,3,1,2,3,4,7727.272727
1050,3,3,3750000,82,2,1,2,1,3,3,4,3571.428571
1050,3,3,4725000,88,1,1,2,1,2,3,4,4500
1150,3,3,5750000,118,1,2,2,2,2,2,4,5000
2250,4,3,18000000,37,1,1,2,1,4,3,5,8000
1375,3,3,5500000,20,1,1,2,3,3,2,5,4000
1600,3,3,6000000,118,1,1,1,1,3,2,3,3750
1950,3,3,19500000,37,1,2,2,1,4,2,4,10000
950,2,3,5800000,25,1,1,1,1,1,3,4,6105.263158
1850,3,3,9800000,118,1,1,1,1,3,3,3,5297.297297
1350,3,3,6750000,118,1,1,3,1,2,3,4,5000
950,2,3,3300000,150,1,2,3,1,3,3,3,3473.684211
13200,10,25,50000000,71,1,1,1,3,3,2,2,3787.878788
1250,3,3,7000000,118,4,2,3,1,2,3,4,5600
1550,3,3,13200000,37,1,2,3,2,4,2,4,8516.129032
1650,3,4,10000000,118,1,1,2,1,2,3,3,6060.606061
1250,3,3,7000000,118,2,2,3,1,2,3,4,5600
1275,3,3,8500000,17,4,1,2,1,3,2,3,6666.666667
2100,5,4,22000000,37,1,2,3,1,4,1,4,10476.19048
1055,3,2,4500000,118,1,2,2,1,4,3,3,4265.402844
1280,3,3,8700000,178,2,2,3,1,3,2,4,6796.875
1200,2,3,5500000,87,1,2,2,1,4,3,4,4583.333333
1280,3,3,8000000,14,1,1,2,1,2,3,4,6250
950,2,2,4500000,174,5,2,3,1,3,4,4,4736.842105
1310,3,3,7205000,118,1,2,2,2,2,2,4,5500
920,2,2,4500000,174,1,2,3,1,3,4,4,4891.304348
1800,4,4,20700000,37,1,2,1,1,4,3,4,11500
1100,2,2,5700000,17,1,1,2,1,1,1,3,5181.818182
3070,5,5,24600000,178,1,2,1,2,2,3,3,8013.029316
2024,3,3,19000000,178,1,1,2,1,5,2,3,9387.351779
1524,3,3,9800000,178,1,2,3,1,3,1,4,6430.446194
2290,3,3,22500000,37,1,1,1,1,4,3,6,9825.327511
2290,3,3,22500000,37,1,1,1,1,4,3,6,9825.327511
2290,3,3,22500000,37,1,1,1,1,4,3,6,9825.327511
1440,3,3,5900000,71,3,1,1,1,1,2,3,4097.222222
1350,3,3,7550000,118,1,2,2,1,5,3,3,5592.592593
1450,3,3,8050000,118,1,2,2,1,5,1,3,5551.724138
1860,4,3,15300000,15,1,1,1,1,1,2,4,8225.806452
1100,3,3,5500000,118,1,1,1,1,3,3,3,5000
1550,3,3,9500000,118,1,2,3,2,2,2,4,6129.032258
1050,3,3,6300000,90,2,1,2,1,3,3,4,6000
1550,3,3,10100000,37,1,1,1,1,2,1,3,6516.129032
1396,3,3,9674000,20,1,2,3,1,4,3,3,6929.799427
1140,3,3,5472000,47,1,1,1,2,3,3,3,4800
1200,3,3,6600000,47,1,1,1,1,3,3,3,5500
1253,3,3,7200000,20,2,2,2,1,5,3,5,5746.209098
1075,2,3,5500000,118,1,2,2,2,2,3,4,5116.27907
1250,3,3,6500000,15,1,1,1,1,3,3,4,5200
950,2,3,2950000,71,1,1,3,1,1,3,3,3105.263158
760,2,2,6000000,92,1,1,1,1,3,1,4,7894.736842
715,2,2,4200000,129,1,1,1,1,1,3,4,5874.125874
1575,4,3,11000000,178,1,2,3,1,3,3,3,6984.126984
1280,3,3,7500000,122,1,2,2,1,3,3,4,5859.375
1570,3,3,11000000,37,1,1,2,1,4,3,4,7006.369427
1207,3,3,12900000,20,1,1,2,1,4,2,4,10687.65534
1305,3,3,13900000,20,1,1,2,1,4,3,4,10651.341
1375,3,3,11800000,20,1,1,2,1,4,3,4,8581.818182
1443,3,3,15200000,20,1,1,2,1,4,3,4,10533.61053
1450,3,3,13500000,37,2,1,3,1,4,2,4,9310.344828
1050,2,3,4410000,118,3,2,3,1,3,3,4,4200
1523,3,3,9500000,145,1,1,1,1,4,1,4,6237.688772
2344,4,4,18500000,118,1,1,1,2,3,3,3,7892.491468
1050,2,3,5800000,118,2,2,2,1,2,2,4,5523.809524
1193,3,3,9200000,145,2,1,2,1,4,2,3,7711.651299
750,2,2,3300000,122,4,1,2,1,1,2,4,4400
1050,2,3,4500000,122,4,1,2,1,1,3,4,4285.714286
700,2,2,3100000,122,1,1,2,1,1,3,4,4428.571429
2000,3,3,13500000,178,1,1,2,1,2,3,4,6750
1225,2,3,8000000,118,1,1,1,1,3,3,3,6530.612245
2100,3,3,16500000,178,1,1,2,1,2,3,4,7857.142857
1611,4,3,15500000,118,2,2,3,1,3,3,5,9621.353197
1760,3,3,8800000,118,4,2,3,1,3,1,3,5000
1750,3,3,8575000,118,1,1,1,2,3,3,3,4900
1760,3,3,8600000,118,1,1,1,1,3,1,3,4886.363636
1250,3,3,7500000,63,4,1,2,1,1,1,3,6000
650,2,2,2310000,118,1,1,1,1,1,3,3,3553.846154
1720,3,3,12900000,14,1,3,2,1,1,3,4,7500
1370,3,3,8000000,104,1,1,2,1,1,2,3,5839.416058
1140,3,3,4560000,93,1,1,2,1,1,2,4,4000
2150,5,4,14500000,118,1,1,1,1,1,3,3,6744.186047
1260,4,3,14000000,88,1,1,2,1,3,3,4,11111.11111
1650,3,3,14000000,37,1,1,2,2,4,1,3,8484.848485
1510,4,4,7000000,145,1,1,2,1,1,1,4,4635.761589
1100,2,3,9500000,118,4,1,1,1,1,3,3,8636.363636
1330,2,3,7315000,17,1,1,2,1,3,3,3,5500
1100,3,3,5500000,118,1,1,2,1,3,3,3,5000
1796,3,3,14000000,37,1,1,3,1,5,3,5,7795.100223
1250,3,3,9500000,37,1,2,2,2,4,3,4,7600
650,2,2,2250000,118,1,1,1,2,3,1,3,3461.538462
1050,3,3,4200000,118,1,2,1,3,2,2,4,4000
960,2,2,4800000,122,1,1,2,1,2,4,4,5000
1000,3,3,3500000,118,1,2,3,2,1,3,3,3500
1398,3,3,5500000,118,1,2,2,1,5,3,3,3934.191702
1200,1,2,7500000,178,1,1,2,1,2,3,4,6250
850,2,3,3900000,41,1,2,1,2,3,3,3,4588.235294
19200,10,46,75000000,118,1,1,2,1,2,1,2,3906.25
1100,3,3,4950000,47,1,1,2,1,6,1,6,4500
1370,3,3,6165000,47,1,1,2,1,6,3,6,4500
1370,3,3,6165000,47,1,1,2,1,6,3,6,4500
1266,3,3,7500000,118,1,1,1,1,5,1,5,5924.170616
1266,3,3,7500000,118,1,1,1,1,5,3,5,5924.170616
1170,3,3,5265000,47,1,1,2,1,6,2,6,4500
650,2,2,3000000,118,1,1,1,2,2,3,4,4615.384615
650,2,2,3500000,118,1,2,1,2,2,3,4,5384.615385
1850,4,3,12000000,104,1,1,1,1,2,2,3,6486.486486
1210,3,3,9000000,178,1,2,1,2,1,3,4,7438.016529
1910,4,4,17000000,37,1,1,2,2,4,3,4,8900.52356
1780,3,3,14000000,104,1,1,2,1,1,3,3,7865.168539
1622,5,3,9300000,109,1,1,2,1,1,3,3,5733.662145
1650,3,3,11000000,37,1,1,2,1,4,3,4,6666.666667
1300,3,3,8000000,162,1,2,1,1,4,1,4,6153.846154
900,2,3,5000000,118,1,2,2,2,2,3,3,5555.555556
1500,3,4,7500000,82,1,1,2,1,2,3,4,5000
1200,3,3,5000000,150,4,1,2,1,4,2,3,4166.666667
650,2,2,2500000,118,1,2,1,2,1,3,3,3846.153846
1300,4,4,5500000,118,1,1,1,1,1,3,3,4230.769231
650,2,2,2700000,118,1,1,1,2,1,3,3,4153.846154
1638,4,3,12000000,37,1,1,2,1,1,3,2,7326.007326
1350,3,3,13100000,154,1,2,1,3,4,1,4,9703.703704
1071,2,3,4284000,58,1,1,3,2,2,1,4,4000
1200,3,3,7500000,122,1,1,1,1,4,1,7,6250
3650,5,4,33000000,37,1,1,2,1,4,1,4,9041.09589
1300,3,3,10000000,37,4,2,2,1,4,3,5,7692.307692
1715,4,3,16500000,37,1,1,2,1,2,3,2,9620.991254
3150,4,4,31000000,37,1,2,3,1,4,3,5,9841.269841
1450,3,3,6090000,58,1,1,1,1,3,3,3,4200
625,2,2,2500000,118,1,1,2,1,5,3,4,4000
1759,4,3,11300000,104,1,1,2,1,1,1,3,6424.104605
1390,3,3,5300000,118,1,1,2,1,3,2,3,3812.94964
1250,3,3,5000000,63,1,1,1,3,2,1,3,4000
1250,3,3,5000000,63,1,1,1,1,2,3,3,4000
1080,3,3,4200000,118,1,1,2,1,3,3,3,3888.888889
1300,3,3,8190000,14,2,2,2,1,2,2,4,6300
1692,3,3,10200000,140,3,2,3,1,2,3,5,6028.368794
1200,2,3,4800000,58,1,2,3,1,5,3,3,4000
1210,3,3,9000000,106,1,1,2,1,3,3,3,7438.016529
1370,3,3,8500000,15,1,1,1,1,3,3,4,6204.379562
1400,3,3,6300000,118,1,1,2,1,4,3,3,4500
1762,4,3,10500000,25,4,2,2,2,5,2,3,5959.137344
1400,3,3,7500000,9,1,1,2,2,2,3,3,5357.142857
1175,2,3,6500000,14,2,1,1,1,2,3,4,5531.914894
1265,2,3,12600000,124,1,1,2,2,5,3,3,9960.474308
755,2,2,2341000,150,2,1,1,2,4,3,3,3100.662252
1000,3,2,9000000,178,1,1,2,3,2,3,4,9000
1000,2,3,3600000,118,1,1,2,1,4,2,4,3600
1460,3,3,14500000,134,1,2,2,1,4,3,4,9931.506849
1000,3,2,9000000,178,1,2,2,1,2,2,4,9000
1496,3,3,12500000,37,1,2,3,1,4,2,5,8355.614973
1000,3,2,9000000,178,4,3,2,2,2,2,4,9000
750,2,2,3500000,122,1,1,2,1,1,3,5,4666.666667
1580,4,3,10000000,37,1,1,2,1,4,2,4,6329.113924
875,3,3,3700000,1,4,1,3,1,4,3,3,4228.571429
825,3,3,3700000,1,1,1,3,1,2,2,3,4484.848485
825,3,3,3700000,1,2,2,1,1,4,3,3,4484.848485
650,2,2,3500000,118,1,2,2,1,1,3,4,5384.615385
1000,2,3,2200000,71,4,2,1,1,1,3,3,2200
1470,4,3,8500000,118,1,1,1,2,3,3,3,5782.312925
1950,3,3,17000000,37,5,1,3,1,4,1,4,8717.948718
650,2,2,3500000,118,1,2,2,1,1,2,4,5384.615385
2000,3,3,11500000,118,2,1,2,1,3,2,3,5750
1550,3,3,14000000,37,1,1,3,1,3,1,3,9032.258065
1250,3,3,8200000,118,4,1,1,1,4,3,3,6560
1335,3,3,10000000,162,1,2,1,1,4,3,4,7490.636704
1580,3,3,7900000,105,1,1,3,1,1,2,3,5000
1370,3,3,6850000,105,1,1,2,1,1,3,3,5000
2170,3,3,25000000,61,4,2,1,2,4,3,3,11520.73733
1450,3,3,12500000,37,1,2,2,2,4,2,5,8620.689655
800,2,2,4000000,118,1,1,1,1,3,2,3,5000
1450,3,3,12500000,37,2,2,2,1,4,3,5,8620.689655
980,2,2,4508000,118,1,1,1,1,2,3,4,4600
1450,3,3,8000000,118,1,1,1,1,4,3,3,5517.241379
1120,3,3,6160000,145,4,1,1,2,3,3,3,5500
1450,3,3,7000000,118,1,1,1,2,3,1,4,4827.586207
1220,3,3,6710000,145,5,1,1,1,3,2,3,5500
1300,3,3,6500000,118,4,2,2,1,3,3,3,5000
1872,4,3,13100000,118,1,2,2,3,3,1,4,6997.863248
1100,3,3,5000000,118,2,1,1,1,4,2,3,4545.454545
425,1,1,3300000,25,1,1,2,1,3,3,3,7764.705882
2000,3,3,15500000,118,1,1,1,1,4,2,3,7750
1350,3,3,6500000,118,1,1,1,1,3,1,3,4814.814815
978,2,2,5000000,0,1,2,2,2,2,3,3,5112.474438
1350,3,3,6500000,118,1,1,1,1,3,3,3,4814.814815
2400,5,4,22000000,31,1,1,1,1,2,3,3,9166.666667
1346,3,3,7403000,162,1,1,1,1,4,2,4,5500
1250,2,3,7500000,122,1,1,2,1,2,1,5,6000
1152,3,3,5500000,101,5,2,1,2,3,3,4,4774.305556
1155,3,3,7430000,122,5,1,2,1,3,1,4,6432.900433
1000,3,3,6000000,37,1,1,1,1,4,3,4,6000
800,2,2,4800000,37,1,1,1,1,1,4,4,6000
1100,2,3,4950000,118,4,2,2,1,4,3,3,4500
1100,2,3,4950000,118,1,2,2,3,4,2,3,4500
1100,2,3,4950000,118,1,2,2,2,4,3,3,4500
1000,3,3,6000000,37,2,1,1,2,3,2,4,6000
1100,2,3,4950000,118,1,2,2,1,4,3,3,4500
1280,3,3,6700000,122,1,1,1,1,2,3,6,5234.375
1100,2,3,4950000,118,1,2,2,1,4,3,3,4500
1200,3,3,5400000,118,1,2,2,1,4,2,3,4500
1200,3,3,5400000,118,4,2,2,1,4,3,3,4500
1200,3,3,5400000,118,1,2,2,1,4,3,3,4500
1200,3,3,5400000,118,1,2,2,1,4,2,3,4500
1200,3,3,5400000,118,5,2,2,1,4,3,3,4500
1100,2,3,4950000,118,4,2,2,2,4,3,3,4500
1100,2,3,4950000,118,1,2,2,1,4,2,3,4500
1100,2,3,4950000,118,1,2,2,1,4,1,3,4500
1100,2,3,4950000,118,1,2,2,1,4,3,3,4500
1100,2,3,4950000,118,1,2,2,1,4,3,3,4500
1100,2,3,4950000,118,1,2,2,1,4,1,3,4500
1100,2,3,4950000,118,1,2,2,1,4,2,3,4500
1100,2,3,4950000,118,1,2,2,1,4,2,3,4500
1100,2,3,4950000,118,1,2,2,1,4,2,3,4500
1100,2,3,4950000,118,1,2,2,1,4,1,3,4500
1441,3,3,5764000,176,3,1,3,1,5,1,3,4000
950,2,2,4800000,145,1,1,1,1,3,2,4,5052.631579
990,2,2,3960000,5,1,1,2,3,2,3,3,4000
1035,2,3,3726000,11,1,1,3,2,3,3,3,3600
2350,4,4,22000000,37,1,2,3,1,4,3,5,9361.702128
825,2,2,3500000,118,1,1,2,1,3,3,3,4242.424242
1100,2,2,5000000,25,1,2,2,2,5,2,3,4545.454545
6120,8,14,50000000,122,1,1,1,1,1,3,3,8169.934641
1228,3,3,4912000,176,1,1,3,2,5,3,3,4000
1000,2,2,6500000,170,1,2,2,1,2,2,4,6500
1430,3,3,7000000,104,1,1,2,2,1,2,3,4895.104895
1350,3,3,6575000,122,1,1,1,1,3,3,5,4870.37037
1250,3,3,6125000,122,1,1,1,1,3,3,5,4900
1350,3,3,5586000,82,1,2,2,1,3,3,4,4137.777778
1250,3,3,5800000,122,1,1,1,1,3,3,7,4640
1235,3,3,5928000,88,1,1,2,1,3,2,4,4800
1445,3,3,6936000,88,1,1,2,1,3,3,4,4800
1445,3,3,6936000,88,1,1,2,1,3,3,4,4800
1320,3,3,6336000,88,1,1,2,2,3,3,3,4800
900,2,2,4950000,122,2,2,3,1,3,3,5,5500
1350,2,4,7425000,17,5,1,2,2,2,2,3,5500
1828,4,4,10500000,122,1,1,3,1,3,1,5,5743.982495
1360,3,3,5000000,77,1,1,2,1,1,2,3,3676.470588
1150,2,3,6325000,17,1,1,2,1,2,2,3,5500
1150,2,3,6325000,17,1,1,2,2,2,4,3,5500
1150,2,3,6325000,17,1,1,2,1,2,3,3,5500
1150,2,3,6325000,17,1,1,2,1,2,3,3,5500
1150,2,3,6325000,17,1,1,2,1,2,2,3,5500
650,2,2,3200000,118,1,1,1,1,1,2,3,4923.076923
1026,3,3,4309000,82,1,1,2,1,3,2,4,4199.805068
1700,3,3,8500000,118,1,1,1,1,2,2,3,5000
1090,3,3,4578000,82,4,1,2,1,3,1,4,4200
1313,3,3,6000000,41,1,2,2,2,1,4,3,4569.687738
1040,2,3,5000000,118,1,2,2,2,2,3,4,4807.692308
1265,2,3,5500000,118,5,1,1,1,4,2,3,4347.826087
1160,2,3,6000000,118,4,1,1,1,3,3,3,5172.413793
1280,2,3,6000000,118,1,3,3,5,1,2,4,4687.5
816,2,2,4080000,82,3,1,2,1,3,3,4,5000
1310,3,3,6812000,118,1,2,2,1,2,3,4,5200
850,2,2,3570000,118,1,1,2,1,3,3,4,4200
850,2,2,3570000,118,1,1,2,2,5,1,4,4200
2200,5,4,21000000,118,1,4,2,1,1,3,4,9545.454545
1454,3,3,7100000,88,1,1,2,1,3,3,4,4883.081155
1250,3,3,6000000,88,1,1,2,1,2,3,4,4800
1470,3,3,6500000,41,1,1,1,3,2,2,3,4421.768707
1040,3,3,4264000,82,1,1,2,1,2,2,4,4100
1450,4,3,11000000,37,1,2,3,1,4,1,4,7586.206897
1207,3,3,10500000,20,1,1,2,1,4,3,4,8699.25435
1475,3,3,15500000,20,1,1,2,1,4,2,4,10508.47458
950,2,2,3895000,82,1,1,2,2,2,3,4,4100
1375,3,3,14600000,20,1,1,2,1,4,3,4,10618.18182
1208,3,3,10500000,20,1,1,2,1,4,3,4,8692.05298
1050,3,3,7500000,118,1,1,3,1,2,2,4,7142.857143
1256,3,3,5700000,63,1,2,1,2,1,2,4,4538.216561
1600,3,3,6500000,77,1,1,1,1,1,2,3,4062.5
1300,2,2,9300000,122,1,2,1,2,5,1,4,7153.846154
650,2,2,2100000,118,5,2,3,1,2,2,3,3230.769231
1700,4,3,15000000,37,1,2,3,1,4,3,4,8823.529412
1550,3,3,10100000,37,1,1,1,1,2,3,3,6516.129032
1000,2,2,4500000,58,5,2,3,1,2,2,4,4500
1253,3,2,11000000,37,3,1,1,1,4,3,3,8778.930567
1851,4,3,13900000,37,1,2,3,1,4,3,4,7509.454349
1000,2,2,4500000,58,1,2,3,1,2,2,3,4500
1175,3,3,6463000,118,1,2,2,1,2,3,4,5500.425532
1268,3,3,9700000,122,1,1,2,2,3,2,4,7649.842271
855,2,2,4702000,118,1,2,2,1,2,3,4,5499.415205
2200,5,4,12500000,118,1,1,1,1,3,3,3,5681.818182
3900,6,11,25000000,118,4,2,1,1,1,3,3,6410.25641
2300,3,3,22000000,61,1,2,3,3,5,1,3,9565.217391
24000,10,21,60000000,109,1,1,2,1,4,2,4,2500
2200,4,3,20000000,118,1,1,1,1,3,3,3,9090.909091
905,2,2,4073000,118,5,1,1,1,3,3,3,4500.552486
850,2,2,3825000,118,5,1,1,2,3,1,3,4500
850,2,2,3570000,118,1,1,1,1,3,3,3,4200
1200,4,3,6600000,118,1,1,1,1,3,1,3,5500
1200,3,3,6500000,87,1,1,2,1,3,3,4,5416.666667
1350,3,3,6500000,118,1,1,1,2,3,3,3,4814.814815
645,2,2,2600000,118,1,1,1,1,1,3,4,4031.007752
1470,3,3,9800000,20,1,1,3,1,4,2,3,6666.666667
1515,3,3,7272000,77,1,2,1,1,1,2,4,4800
1240,3,3,6200000,58,2,2,3,3,2,2,3,5000
1100,3,3,6200000,118,1,1,1,1,3,1,3,5636.363636
1450,4,3,11500000,37,2,2,3,2,3,3,4,7931.034483
1173,3,3,6230000,88,4,2,2,1,2,2,4,5311.167945
1154,3,3,6500000,118,1,2,1,2,3,2,3,5632.582322
1200,3,3,6000000,118,1,1,1,2,3,3,3,5000
1467,3,3,7102000,118,4,1,2,2,3,1,3,4841.172461
1200,3,3,7500000,118,2,2,2,2,3,3,3,6250
600,2,2,2880000,58,1,2,3,1,2,3,3,4800
1114,3,3,4456000,58,1,2,3,2,2,3,3,4000
2250,3,3,12000000,65,1,2,3,1,2,2,5,5333.333333
1000,3,3,4800000,58,1,2,3,2,2,3,4,4800
600,2,2,2880000,58,1,2,3,1,2,2,4,4800
2200,4,3,17000000,118,1,1,1,1,3,2,3,7727.272727
2300,4,3,18000000,118,3,1,1,1,3,3,3,7826.086957
1045,2,2,4702000,41,1,1,1,1,1,3,3,4499.521531
2200,5,4,18000000,118,1,2,1,1,3,2,3,8181.818182
1450,4,3,11500000,37,1,2,3,1,3,2,4,7931.034483
1400,3,3,9000000,15,1,1,2,2,3,3,3,6428.571429
1275,3,3,7000000,118,1,2,2,1,3,2,4,5490.196078
2250,4,4,19000000,37,1,1,1,2,3,2,3,8444.444444
1165,3,3,6900000,118,2,1,3,1,4,3,5,5922.746781
1320,4,4,6000000,118,3,1,3,1,1,2,4,4545.454545
1380,3,3,9000000,118,3,1,1,1,3,2,3,6521.73913
1300,3,3,9200000,82,1,2,2,1,2,2,4,7076.923077
1232,3,3,7300000,20,5,1,2,1,1,1,3,5925.324675
1000,2,3,5000000,122,4,1,2,1,5,3,3,5000
1075,2,3,4100000,118,1,2,2,2,2,1,4,3813.953488
1600,4,3,11000000,37,1,3,1,3,3,3,3,6875
800,2,2,2800000,58,1,2,3,2,2,1,3,3500
1083,2,2,5000000,118,1,2,2,2,3,3,4,4616.805171
1135,3,3,7500000,58,1,2,3,1,2,1,3,6607.929515
1129,3,3,6345000,58,1,2,3,1,2,3,3,5620.017715
1687,4,4,7592000,118,1,1,3,1,2,2,4,4500.296384
1500,3,3,13500000,37,1,2,1,1,3,3,3,9000
1329,3,3,6645000,58,1,2,3,1,2,3,3,5000
1054,3,3,5270000,58,2,2,3,1,2,2,3,5000
1325,3,3,8200000,162,1,1,2,3,4,2,3,6188.679245
1250,3,3,6600000,118,1,2,2,1,2,2,3,5280
1200,2,3,5000000,118,1,1,2,2,3,3,2,4166.666667
1230,3,3,7400000,118,1,2,2,1,2,1,4,6016.260163
1250,3,3,6000000,118,1,1,2,2,1,2,3,4800
1645,3,3,11200000,118,1,1,1,3,3,1,2,6808.510638
1913,5,3,16300000,178,1,1,3,2,2,2,3,8520.648197
985,2,3,5500000,118,1,2,3,1,2,3,3,5583.756345
2175,4,3,19500000,118,4,2,1,3,3,3,2,8965.517241
1650,3,3,12500000,37,1,1,1,1,3,1,2,7575.757576
1600,3,3,12500000,37,1,1,1,2,3,3,2,7812.5
1221,3,3,8200000,118,1,2,2,2,3,3,2,6715.806716
2200,4,4,14000000,118,1,1,1,1,3,1,2,6363.636364
1650,4,3,11500000,15,1,1,2,1,3,3,2,6969.69697
1400,3,3,8500000,109,1,2,2,1,3,3,4,6071.428571
1550,3,3,14500000,37,1,3,1,1,3,3,3,9354.83871
1574,3,3,7500000,118,1,1,1,1,3,3,2,4764.930114
1390,3,3,8000000,109,3,2,2,1,1,3,4,5755.395683
2200,5,4,21000000,118,1,1,1,2,3,1,2,9545.454545
1400,3,3,7000000,13,1,1,1,2,1,3,3,5000
1400,3,3,8140000,118,1,1,1,1,3,3,2,5814.285714
1400,3,3,7500000,118,1,1,1,1,3,3,2,5357.142857
800,2,2,4200000,118,3,1,3,1,2,3,3,5250
800,2,2,4200000,118,1,1,3,1,2,1,3,5250
1400,3,3,7500000,118,1,1,1,1,3,3,2,5357.142857
1400,3,3,7500000,118,1,1,1,1,3,1,2,5357.142857
1455,3,3,10000000,118,1,1,3,1,2,4,3,6872.852234
1150,2,3,5000000,118,1,1,2,1,1,3,2,4347.826087
938,2,2,4000000,162,2,2,2,1,1,1,4,4264.392324
4350,6,6,39000000,37,1,1,1,2,3,1,2,8965.517241
1296,3,3,5800000,20,3,1,3,1,4,3,3,4475.308642
1010,2,2,7400000,37,1,1,2,1,2,1,1,7326.732673
1170,2,2,8600000,116,1,1,2,1,4,3,3,7350.42735
2100,3,4,16000000,37,1,1,1,1,3,3,2,7619.047619
1470,3,3,7000000,14,1,1,2,1,5,1,2,4761.904762
830,2,2,4700000,122,1,1,2,1,3,1,2,5662.650602
1570,4,3,16500000,178,1,1,1,1,2,3,2,10509.55414
2390,3,3,28000000,22,1,2,2,1,3,1,3,11715.48117
950,2,3,4000000,118,1,2,2,1,2,1,4,4210.526316
856,2,2,3500000,118,1,1,1,1,1,3,4,4088.785047
1078,2,3,5000000,161,1,2,3,1,2,3,5,4638.218924
1100,2,3,9500000,118,1,1,1,1,3,2,3,8636.363636
1438,3,3,7190000,118,5,1,2,1,3,3,3,5000
1375,3,3,5775000,174,1,2,3,1,3,3,4,4200
2950,5,4,32000000,37,1,2,3,2,4,3,5,10847.45763
800,2,3,5000000,106,1,1,2,2,1,3,4,6250
1650,3,3,10000000,178,1,1,2,1,3,1,4,6060.606061
1000,2,3,3600000,118,1,1,1,1,3,1,5,3600
1900,4,4,14300000,37,1,2,2,1,4,3,5,7526.315789
850,2,2,3300000,118,1,1,1,1,2,3,3,3882.352941
1756,4,3,16000000,37,1,2,3,1,4,1,5,9111.617312
850,2,2,3500000,118,4,1,1,1,2,1,3,4117.647059
920,3,3,5060000,93,1,1,2,1,3,1,4,5500
1150,3,3,6000000,118,1,1,2,1,3,3,3,5217.391304
800,2,3,1900000,118,2,1,3,1,1,3,3,2375
1580,3,3,6000000,118,1,2,2,2,2,3,4,3797.468354
1400,3,4,7700000,122,4,2,1,3,2,3,3,5500
1375,3,3,8250000,37,1,2,3,1,4,3,4,6000
1400,3,3,6300000,118,2,2,2,1,3,1,3,4500
1400,3,3,6300000,118,4,1,2,5,4,1,3,4500
2350,4,4,25800000,37,1,2,3,1,4,4,5,10978.7234
2350,4,4,25800000,37,1,2,3,1,4,2,5,10978.7234
1330,3,3,4200000,122,1,1,1,1,3,2,7,3157.894737
1200,3,3,6000000,118,1,2,2,1,3,3,3,5000
700,2,2,3200000,118,1,1,1,1,3,3,3,4571.428571
1800,3,3,18000000,122,1,1,1,1,4,3,4,10000
1350,3,3,8500000,118,1,1,1,1,3,3,3,6296.296296
2200,4,4,16500000,37,1,2,3,1,4,3,4,7500
1250,3,3,8000000,14,1,1,2,1,2,1,4,6400
1250,3,3,8000000,14,1,1,2,1,2,3,4,6400
1250,3,3,8000000,14,4,1,2,1,2,3,4,6400
1245,3,3,7300000,145,5,2,1,2,3,1,3,5863.453815
950,2,2,5500000,99,1,1,1,1,1,2,3,5789.473684
1900,4,3,13500000,37,4,2,3,2,4,1,5,7105.263158
1450,3,3,8700000,118,1,2,3,1,2,1,4,6000
1230,3,3,7700000,17,4,1,2,1,3,1,3,6260.162602
1100,2,3,5500000,17,4,1,2,1,3,3,3,5000
850,2,2,3700000,14,1,1,2,1,1,2,4,4352.941176
1550,3,3,9500000,15,1,1,1,1,1,3,4,6129.032258
950,2,3,4800000,25,1,2,2,1,5,3,3,5052.631579
650,2,2,3000000,118,1,1,3,1,1,1,4,4615.384615
1750,4,3,12000000,178,1,2,3,1,3,3,4,6857.142857
1775,3,3,13300000,118,5,2,3,1,3,3,4,7492.957746
900,2,2,5600000,159,1,2,2,1,2,3,4,6222.222222
1250,3,3,10000000,37,4,2,2,1,4,2,5,8000
1430,3,3,9000000,116,1,2,2,1,3,2,4,6293.706294
1150,2,2,5800000,161,2,2,3,1,2,3,5,5043.478261
1015,3,3,5000000,118,1,1,1,1,3,3,3,4926.108374
1035,2,2,4658000,99,1,1,2,2,1,3,3,4500.483092
1250,3,3,8700000,14,4,1,2,1,2,2,4,6960
1260,3,3,9000000,118,1,2,3,1,3,3,4,7142.857143
2240,3,3,20200000,37,5,2,3,1,4,2,5,9017.857143
1550,3,3,9500000,15,2,1,1,3,1,1,4,6129.032258
1775,4,3,12500000,104,1,1,2,1,1,3,3,7042.253521
2240,3,3,20200000,37,1,2,3,3,4,3,5,9017.857143
2240,3,3,20200000,37,4,2,3,1,4,1,5,9017.857143
2240,3,3,20200000,37,1,2,3,1,4,1,5,9017.857143
2240,3,3,20200000,37,3,2,3,2,4,2,5,9017.857143
650,2,2,2800000,118,4,1,2,1,1,3,4,4307.692308
1200,3,3,7000000,118,5,1,1,1,3,1,3,5833.333333
1300,4,4,8450000,122,1,1,1,1,4,2,3,6500
800,2,2,4000000,14,1,2,2,1,1,3,4,5000
860,2,2,3800000,177,1,1,2,1,1,3,3,4418.604651
1700,3,3,14600000,162,1,2,1,1,2,1,3,8588.235294
3300,3,3,16500000,104,1,1,2,1,2,2,3,5000
1100,2,3,5500000,47,1,1,1,3,3,2,3,5000
550,1,2,2310000,88,1,2,2,1,1,2,4,4200
1500,3,3,7500000,82,1,1,2,1,2,2,4,5000
1500,3,3,7500000,82,1,1,2,1,2,2,4,5000
650,2,2,3700000,118,1,1,1,1,3,3,3,5692.307692
1800,4,3,15000000,61,1,1,1,1,2,3,3,8333.333333
1250,3,3,13000000,37,1,2,3,1,4,1,5,10400
900,2,2,4000000,122,1,1,2,1,4,3,4,4444.444444
1550,4,3,11000000,37,3,2,3,1,4,1,4,7096.774194
2525,3,3,25000000,104,1,1,2,1,1,3,4,9900.990099
1856,3,3,12000000,118,1,1,1,1,4,3,3,6465.517241
1500,3,3,9500000,122,1,2,3,1,3,3,5,6333.333333
1600,4,4,9000000,118,1,1,1,1,4,3,5,5625
1200,2,2,8400000,58,1,2,3,1,2,3,3,7000
1300,2,3,9100000,58,1,2,3,1,2,3,3,7000
1600,4,4,9000000,118,4,1,1,3,4,3,5,5625
1600,3,3,12500000,37,1,2,1,1,3,2,4,7812.5
1225,2,3,4500000,104,1,1,2,2,2,3,3,3673.469388
1385,3,3,9000000,90,1,1,2,1,2,3,4,6498.194946
1200,2,3,3600000,41,1,1,1,1,1,3,3,3000
1600,3,4,8000000,88,3,2,3,1,3,2,3,5000
1500,4,3,12000000,37,4,2,3,1,4,3,4,8000
1115,3,3,5000000,118,1,1,1,1,3,3,3,4484.304933
910,2,2,4200000,118,1,1,1,1,3,2,3,4615.384615
1739,4,3,9000000,104,1,1,2,1,1,2,3,5175.388154
1581,4,3,8500000,104,1,1,2,1,1,2,3,5376.344086
1235,4,3,10500000,122,1,1,2,1,2,2,4,8502.024291
1548,3,3,6966000,90,2,1,2,1,2,3,4,4500
1548,3,3,6966000,90,2,1,2,1,2,3,4,4500
1548,3,3,6966000,90,1,1,2,1,2,3,4,4500
865,2,2,4200000,118,1,1,1,1,3,1,5,4855.491329
1450,4,3,11500000,101,1,2,1,1,3,3,4,7931.034483
1500,3,3,9000000,162,4,2,2,1,4,3,4,6000
1320,3,3,6600000,118,1,2,2,1,2,3,4,5000
1320,3,3,6600000,118,1,2,2,1,2,3,4,5000
750,2,2,3000000,118,2,1,1,1,3,1,3,4000
888,2,3,3500000,58,4,1,2,1,2,3,3,3941.441441
1003,2,2,4012000,58,1,1,3,1,2,2,4,4000
1071,2,3,4284000,58,1,1,3,1,2,2,4,4000
995,2,2,3980000,58,2,2,3,1,2,2,4,4000
1400,3,3,9000000,178,2,2,2,1,3,2,3,6428.571429
1003,2,2,4012000,58,1,1,3,1,2,1,4,4000
1125,3,3,7000000,178,1,2,3,2,3,1,4,6222.222222
888,2,3,3500000,58,1,3,2,2,1,2,2,3941.441441
2075,3,3,10000000,90,2,1,2,1,3,3,4,4819.277108
2075,3,3,10000000,90,1,1,2,1,3,2,4,4819.277108
1570,3,3,8250000,90,1,1,2,1,2,2,4,5254.77707
1455,3,3,7675000,90,1,1,2,1,3,3,4,5274.914089
1490,3,3,7850000,90,3,1,2,1,3,2,4,5268.456376
1490,3,3,7850000,90,1,1,2,1,3,3,4,5268.456376
1200,3,3,5500000,58,1,1,3,1,2,3,3,4583.333333
1500,3,3,11000000,37,1,2,2,2,4,2,4,7333.333333
1200,3,3,6000000,58,4,1,3,1,2,1,3,5000
1450,3,3,11000000,37,1,2,2,1,4,2,4,7586.206897
860,2,3,3200000,122,1,1,1,1,3,3,3,3720.930233
522,2,2,2300000,118,1,1,1,2,1,1,4,4406.130268
1530,3,3,10700000,37,4,1,1,1,3,2,3,6993.464052
500,1,1,1700000,122,2,1,1,1,3,3,3,3400
1010,2,3,4800000,118,2,1,1,1,3,3,3,4752.475248
1180,3,3,6500000,178,1,2,3,1,3,3,4,5508.474576
1420,3,3,8000000,118,1,1,1,1,2,1,3,5633.802817
1250,3,3,8500000,37,1,2,3,1,4,2,5,6800
1420,3,3,8000000,118,5,1,1,1,2,2,3,5633.802817
1400,3,3,7200000,104,1,1,2,2,1,3,3,5142.857143
975,2,3,4095000,118,1,3,2,1,2,2,3,4200
1500,3,3,9500000,118,1,1,1,1,3,2,3,6333.333333
1500,3,3,10000000,118,3,1,1,1,3,3,3,6666.666667
1154,3,3,6500000,137,2,2,3,1,4,3,4,5632.582322
1320,3,3,8000000,118,1,1,1,1,3,3,3,6060.606061
1155,3,3,6000000,118,1,1,1,1,3,3,3,5194.805195
1100,2,3,6000000,58,1,2,3,1,2,2,3,5454.545455
1040,2,3,4000000,58,1,2,3,1,2,3,3,3846.153846
740,2,2,3330000,122,1,1,2,2,3,3,3,4500
1010,2,3,4500000,118,1,1,1,2,4,3,3,4455.445545
1124,2,3,7000000,118,1,1,1,1,3,1,3,6227.758007
800,2,2,4000000,118,2,1,1,1,2,1,3,5000
750,2,2,3500000,122,1,1,2,1,1,3,3,4666.666667
1124,2,3,7000000,118,1,1,1,1,3,1,3,6227.758007
650,2,2,2400000,118,1,1,1,1,2,3,3,3692.307692
710,1,2,3500000,118,1,1,1,1,3,1,5,4929.577465
1200,3,3,6500000,118,4,1,1,2,3,3,3,5416.666667
1310,3,3,7200000,118,4,1,1,2,2,3,3,5496.183206
1100,3,3,5000000,118,1,1,1,1,3,2,3,4545.454545
1200,2,3,6200000,118,1,2,3,1,2,2,4,5166.666667
1050,3,2,5000000,118,1,1,1,3,3,1,3,4761.904762
1310,3,3,7500000,118,1,1,1,1,3,3,3,5725.19084
1310,3,3,7500000,118,3,1,1,1,3,3,5,5725.19084
1310,3,3,7500000,118,2,1,1,1,3,2,5,5725.19084
1310,3,3,7500000,118,1,1,1,1,3,3,5,5725.19084
1310,3,3,7500000,118,1,1,1,1,4,3,5,5725.19084
850,2,2,3500000,118,1,1,1,1,3,2,3,4117.647059
1280,3,3,7000000,118,1,1,1,3,2,3,3,5468.75
850,2,2,3500000,118,1,1,1,1,2,2,3,4117.647059
1180,3,3,6500000,118,5,1,1,3,4,3,5,5508.474576
1500,3,3,15000000,178,1,1,2,2,2,3,4,10000
1575,3,3,6500000,118,1,1,2,2,3,3,3,4126.984127
1316,4,4,7896000,118,3,2,3,2,2,3,4,6000
1316,4,4,7895000,118,1,1,3,2,2,3,4,5999.240122
1575,3,3,6500000,118,3,1,2,1,3,3,3,4126.984127
1400,3,3,7000000,118,1,1,1,1,3,1,2,5000
1268,3,3,13000000,37,1,2,1,1,4,3,5,10252.36593
1375,3,3,14600000,20,1,1,2,1,4,3,4,10618.18182
1375,3,3,14600000,20,1,1,2,2,4,2,4,10618.18182
1375,3,3,14600000,20,1,1,2,2,4,3,4,10618.18182
1500,3,3,12800000,20,1,1,2,1,4,2,4,8533.333333
1500,3,3,12800000,20,1,1,2,1,4,2,4,8533.333333
1475,3,3,15500000,20,1,1,2,1,4,3,4,10508.47458
1133,3,3,4532000,118,1,1,2,1,4,3,3,4000
1495,3,3,15700000,20,1,1,2,3,4,2,4,10501.67224
1208,3,3,12900000,20,1,1,2,1,4,3,4,10678.80795
1208,3,3,12900000,20,1,1,2,2,4,3,4,10678.80795
1495,3,3,12800000,20,1,1,2,2,4,3,4,8561.87291
1495,3,3,15700000,20,2,1,2,1,4,1,4,10501.67224
1300,3,3,6000000,129,1,1,2,1,3,3,4,4615.384615
1207,3,3,10500000,20,2,2,2,1,3,2,4,8699.25435
1750,3,3,11100000,20,1,1,2,1,4,1,4,6342.857143
1750,3,3,11100000,20,1,1,2,1,4,1,4,6342.857143
1750,3,3,10800000,20,1,1,2,1,4,1,4,6171.428571
1550,4,3,12500000,178,1,2,1,1,2,3,3,8064.516129
1235,3,3,9000000,37,1,1,1,2,4,2,5,7287.449393
1200,3,3,6500000,118,1,1,2,1,5,2,5,5416.666667
940,3,3,5200000,118,1,1,2,1,4,3,5,5531.914894
1575,3,3,9000000,118,4,1,2,1,4,2,5,5714.285714
1200,3,3,6000000,109,1,1,2,1,1,2,3,5000
2400,8,7,10000000,141,1,1,1,1,2,1,2,4166.666667
800,2,2,3500000,118,1,1,2,1,3,2,5,4375
921,2,3,7500000,168,1,1,1,2,2,1,4,8143.322476
1220,3,3,6600000,118,4,1,2,1,3,3,3,5409.836066
1305,3,3,13900000,20,4,1,2,1,4,1,4,10651.341
1305,3,3,11200000,20,1,1,2,1,4,3,4,8582.375479
1730,3,4,13000000,37,1,2,1,2,4,2,4,7514.450867
1800,3,3,9540000,118,1,1,2,1,5,2,3,5300
850,2,2,4250000,118,3,1,3,1,3,2,3,5000
1120,3,3,7000000,118,1,2,3,3,2,2,4,6250
1275,3,3,7650000,118,1,1,3,3,2,2,4,6000
1140,2,3,5000000,118,1,1,2,1,4,2,5,4385.964912
1496,4,3,12500000,122,1,1,2,2,6,1,4,8355.614973
1545,4,4,7000000,118,4,2,1,3,2,3,3,4530.744337
1500,3,3,9000000,178,1,2,3,1,3,1,3,6000
1660,4,3,9000000,104,1,1,1,2,3,1,3,5421.686747
1010,2,3,5500000,17,1,1,1,1,3,3,4,5445.544554
1189,2,3,6539000,168,1,1,1,1,4,2,4,5499.579479
1100,2,3,8000000,17,2,2,1,1,3,3,4,7272.727273
1050,3,3,5000000,118,5,1,3,1,3,1,3,4761.904762
1050,3,3,5000000,118,1,2,1,1,2,3,3,4761.904762
2200,4,3,16000000,178,1,1,1,1,3,3,3,7272.727273
1100,3,3,4800000,118,5,1,1,1,3,3,3,4363.636364
900,2,2,4700000,178,1,1,2,1,5,3,3,5222.222222
1187,3,3,6000000,118,2,1,3,1,1,3,4,5054.759899
2224,3,3,10500000,104,2,1,2,1,1,3,3,4721.223022
1180,3,3,7500000,37,1,1,2,1,1,3,3,6355.932203
1100,2,3,3800000,118,1,1,3,1,3,3,3,3454.545455
900,2,2,4800000,118,4,1,3,1,3,1,3,5333.333333
1010,3,2,5000000,122,4,2,2,1,3,2,4,4950.49505
1273,3,3,6000000,118,1,1,3,1,3,2,3,4713.275727
1460,4,3,11000000,118,1,2,3,1,2,3,4,7534.246575
838,2,2,4500000,118,1,1,3,1,3,3,3,5369.928401
2100,4,4,16500000,37,1,2,3,1,4,3,5,7857.142857
900,2,2,3000000,58,1,1,2,2,1,2,4,3333.333333
1440,3,3,9500000,122,1,2,2,2,5,2,5,6597.222222
1460,4,3,11000000,118,2,2,3,1,2,3,4,7534.246575
2100,4,3,18000000,37,4,2,3,3,4,2,5,8571.428571
1112,2,3,5782000,118,1,2,3,1,1,1,4,5199.640288
1560,4,4,6500000,63,1,1,2,1,1,1,3,4166.666667
1850,4,3,17000000,37,1,1,1,1,3,3,3,9189.189189
1300,3,3,12000000,178,1,3,2,1,2,3,4,9230.769231
1050,2,2,5500000,122,2,1,2,1,1,3,4,5238.095238
1500,3,3,8800000,178,1,1,2,1,3,3,3,5866.666667
1000,2,2,3700000,41,1,1,2,1,1,1,5,3700
1584,4,3,12000000,118,1,2,3,1,2,1,4,7575.757576
1578,4,3,12000000,118,1,2,3,1,2,3,4,7604.562738
1380,3,3,6200000,63,1,1,2,1,1,2,3,4492.753623
1335,3,3,8800000,118,1,1,1,1,3,3,3,6591.7603
1590,3,3,7700000,104,1,2,3,1,2,3,5,4842.767296
1250,3,3,7000000,145,1,1,1,1,4,3,4,5600
1500,4,3,9000000,178,1,1,2,1,5,3,3,6000
1190,4,3,5200000,118,1,2,3,1,3,3,4,4369.747899
630,2,2,2500000,118,1,2,1,1,1,1,4,3968.253968
630,2,2,3000000,118,1,2,1,2,1,2,4,4761.904762
1450,3,3,8700000,118,1,1,3,1,2,3,4,6000
1450,3,3,8700000,118,1,3,3,1,2,3,4,6000
1075,3,3,5052000,63,1,1,2,1,1,2,3,4699.534884
1450,3,3,8700000,118,2,1,3,3,2,3,4,6000
1600,3,4,8500000,118,1,2,3,1,3,2,4,5312.5
1635,3,3,12500000,104,1,2,3,1,2,4,5,7645.259939
956,2,2,5800000,122,4,1,2,2,1,2,4,6066.945607
1230,3,3,6000000,63,1,1,2,1,1,2,3,4878.04878
1000,2,3,4800000,41,1,2,1,2,1,2,3,4800
1000,2,3,4800000,41,1,2,1,2,1,1,3,4800
905,2,2,3801000,118,1,1,1,1,3,3,3,4200
780,2,2,2500000,118,1,2,1,1,1,2,4,3205.128205
1110,3,3,5500000,118,1,2,2,2,1,2,4,4954.954955
1820,3,3,16000000,178,1,2,2,1,2,2,4,8791.208791
650,2,2,2575000,118,1,2,3,2,1,3,4,3961.538462
740,2,2,2800000,129,4,1,2,1,3,3,4,3783.783784
1370,3,3,7500000,116,1,1,1,1,4,1,3,5474.452555
850,2,2,3200000,118,1,2,1,1,2,1,3,3764.705882
3070,5,4,26000000,104,1,2,3,1,2,3,5,8469.055375
1400,3,3,7000000,63,1,1,2,1,1,3,3,5000
2150,4,3,16000000,37,1,2,1,1,3,3,3,7441.860465
2363,4,4,22000000,37,1,1,1,1,3,3,3,9310.1989
1000,2,2,4000000,118,1,1,3,1,3,3,4,4000
1495,3,3,10500000,114,1,1,2,2,4,2,4,7023.411371
950,2,2,4000000,118,4,1,3,1,3,3,4,4210.526316
1140,3,3,5244000,118,1,1,3,1,1,3,4,4600
1395,3,3,8091000,118,1,2,3,3,3,3,4,5800
950,2,2,4800000,145,1,1,3,1,3,3,4,5052.631579
630,2,2,2500000,118,2,2,3,1,1,1,4,3968.253968
1000,2,2,4500000,58,4,2,3,2,2,2,3,4500
1200,3,3,5000000,118,1,2,1,1,2,3,3,4166.666667
1365,3,3,7000000,118,3,1,3,1,3,3,4,5128.205128
1850,4,3,17000000,37,1,1,1,2,3,1,3,9189.189189
1650,4,3,13500000,37,1,2,1,1,3,2,3,8181.818182
1400,3,3,10500000,37,1,2,3,2,4,3,5,7500
1430,3,3,10500000,116,1,1,2,2,4,3,4,7342.657343
855,2,2,4702000,118,4,2,2,1,2,1,4,5499.415205
1100,2,3,4200000,118,1,2,3,2,3,3,4,3818.181818
850,2,2,3700000,118,1,2,3,3,1,2,4,4352.941176
1130,3,3,7200000,118,1,2,2,1,2,1,4,6371.681416
1131,2,3,5600000,118,1,2,3,1,3,1,4,4951.370469
1162,2,2,6700000,25,4,1,3,1,5,3,3,5765.920826
900,2,2,5400000,145,3,1,1,1,4,2,2,6000
650,2,2,2300000,118,1,1,1,1,2,3,3,3538.461538
1378,3,3,11000000,162,1,2,2,1,4,2,3,7982.583454
1270,3,3,8400000,145,1,1,1,1,4,2,4,6614.173228
1250,4,4,5000000,118,1,3,1,1,2,1,3,4000
1200,3,3,8000000,118,1,1,1,1,3,1,3,6666.666667
2000,4,4,20500000,118,1,1,1,3,3,3,3,10250
1550,3,4,7000000,118,3,1,1,1,2,3,3,4516.129032
1350,3,3,6500000,90,1,2,2,1,2,1,4,4814.814815
1100,2,2,5500000,118,1,1,1,1,3,2,3,5000
1250,3,3,6500000,118,1,2,2,2,3,2,3,5200
1300,3,3,6480000,118,5,1,2,2,3,2,3,4984.615385
650,2,2,2000000,118,2,2,1,3,2,3,3,3076.923077
650,2,1,2400000,118,1,2,1,1,3,3,3,3692.307692
1400,3,3,8000000,118,1,1,1,1,3,3,3,5714.285714
1300,4,4,4500000,118,1,1,3,1,1,2,4,3461.538462
1000,2,3,4500000,118,1,1,1,1,3,3,3,4500
1000,2,3,4700000,118,1,1,1,2,3,3,3,4700
1200,2,3,6000000,118,1,1,1,1,3,2,3,5000
1100,2,3,11000000,118,1,1,1,1,3,2,3,10000
1150,2,3,6000000,118,1,2,2,1,2,1,4,5217.391304
1050,2,3,7875000,162,4,2,2,3,3,3,4,7500
650,2,2,2000000,118,1,1,3,2,1,3,4,3076.923077
1385,3,3,6925000,41,4,1,1,1,1,2,3,5000
1300,3,3,8060000,82,1,2,2,1,2,3,4,6200
1034,2,3,4636000,118,1,1,2,2,3,3,4,4483.558994
1350,3,3,10500000,47,1,1,1,1,3,2,3,7777.777778
670,2,2,2400000,118,1,1,1,1,3,3,3,3582.089552
800,2,2,3700000,118,1,2,3,1,2,2,4,4625
650,2,2,2000000,118,1,2,3,3,1,2,4,3076.923077
1325,3,3,7275000,118,1,1,3,1,2,3,4,5490.566038
909,2,2,4500000,118,1,1,3,1,2,2,4,4950.49505
850,2,2,6000000,92,1,1,1,1,3,3,4,7058.823529
1485,3,3,8316000,118,1,2,3,1,2,3,4,5600
650,2,2,4600000,118,2,1,1,2,2,2,3,7076.923077
800,2,2,4445000,82,1,2,2,2,2,1,4,5556.25
1075,2,3,4730000,118,1,1,1,1,3,1,3,4400
1400,3,3,8000000,109,2,2,2,2,2,1,5,5714.285714
1200,2,3,5000000,63,1,1,2,3,2,1,2,4166.666667
2150,4,3,21000000,118,1,1,1,1,3,2,2,9767.44186
2200,4,4,20600000,118,1,1,1,1,3,3,2,9363.636364
1200,2,3,4800000,63,1,1,2,1,2,3,2,4000
1450,3,3,7000000,118,1,1,1,3,3,3,2,4827.586207
650,2,2,2200000,118,1,1,1,1,2,3,2,3384.615385
900,2,2,3000000,118,1,1,1,1,3,1,2,3333.333333
1400,4,4,7000000,118,1,1,1,1,2,1,2,5000
1450,3,3,8000000,41,1,1,1,1,1,2,2,5517.241379
1000,2,3,4800000,41,1,1,1,1,1,1,2,4800
1250,3,3,6500000,118,1,1,2,2,2,3,2,5200
1100,2,3,9000000,118,1,1,1,1,3,1,2,8181.818182
1400,3,3,8500000,118,2,1,1,1,3,3,3,6071.428571
2200,4,3,23000000,118,4,1,1,1,3,3,2,10454.54545
1000,2,2,3200000,63,3,1,2,2,1,3,2,3200
1260,3,3,4158000,58,2,2,3,1,2,3,4,3300
680,2,2,3400000,118,1,1,1,1,3,1,2,5000
2200,4,4,18000000,118,1,1,1,1,3,2,2,8181.818182
850,2,2,3800000,118,1,1,1,1,2,1,3,4470.588235
1800,3,3,19700000,122,3,2,2,2,3,3,4,10944.44444
1330,3,3,9245000,109,1,2,2,3,4,1,5,6951.12782
1340,3,3,7200000,118,3,1,1,1,3,2,2,5373.134328
1400,3,3,14000000,22,1,2,2,1,4,1,4,10000
1400,3,3,7000000,118,1,1,1,2,3,3,2,5000
1500,3,3,13000000,178,1,1,2,1,2,3,3,8666.666667
1262,3,3,6500000,41,2,2,1,1,1,1,3,5150.554675
1075,2,3,3800000,118,1,1,1,1,3,2,2,3534.883721
2000,4,3,16000000,37,1,2,1,3,3,2,2,8000
2320,4,4,23000000,37,1,1,1,2,3,2,2,9913.793103
2380,4,3,21500000,37,1,1,1,1,3,3,2,9033.613445
1150,3,3,8000000,37,1,1,1,2,3,1,2,6956.521739
1500,3,3,11000000,178,1,2,2,1,2,2,2,7333.333333
1180,3,3,6500000,14,1,1,2,1,5,2,2,5508.474576
2000,4,3,16000000,37,1,1,1,1,3,3,2,8000
1100,2,3,6500000,118,2,1,1,1,3,3,2,5909.090909
1256,3,3,5000000,63,1,1,2,1,1,2,2,3980.89172
1310,3,3,6600000,14,1,1,2,2,5,3,2,5038.167939
1880,4,3,15000000,2,1,1,1,1,3,2,2,7978.723404
1265,3,3,8200000,118,1,1,1,1,3,2,2,6482.213439
4556,5,4,34000000,178,1,1,2,1,1,3,2,7462.686567
1500,3,3,9000000,82,1,2,2,1,2,2,3,6000
1710,3,3,13000000,37,1,1,2,1,1,3,2,7602.339181
1625,3,3,11000000,162,1,2,2,1,3,3,2,6769.230769
1250,3,3,6500000,118,1,1,2,2,2,1,2,5200
1590,3,3,15100000,178,5,1,1,1,2,2,2,9496.855346
2400,5,4,24000000,37,1,1,1,2,3,2,2,10000
2100,4,3,18000000,37,2,1,1,1,3,2,2,8571.428571
1100,2,3,4000000,47,1,1,1,2,3,3,2,3636.363636
1100,2,3,3800000,47,1,1,1,1,3,3,2,3454.545455
1450,3,3,10500000,37,1,1,1,1,3,3,3,7241.37931
1234,3,3,5000000,47,1,1,2,1,3,1,2,4051.863857
2520,5,4,22500000,178,1,2,2,1,3,2,2,8928.571429
1250,2,3,5000000,58,1,2,3,1,2,3,2,4000
1225,4,3,6800000,61,1,1,2,1,2,2,2,5551.020408
1850,3,3,15000000,37,1,1,1,1,3,2,2,8108.108108
1882,4,3,15000000,178,1,1,2,1,1,3,2,7970.244421
1725,4,3,12500000,178,1,1,2,2,4,3,2,7246.376812
1677,3,3,17000000,178,1,1,2,1,1,3,2,10137.14967
900,2,2,2475000,118,1,1,3,2,1,3,3,2750
1900,3,4,14000000,178,1,1,3,1,1,1,1,7368.421053
1025,2,2,6501000,37,2,1,2,1,2,3,2,6342.439024
1800,3,3,19500000,37,1,1,2,1,2,1,2,10833.33333
1150,2,3,5000000,118,1,1,2,1,3,2,3,4347.826087
935,2,2,6500000,37,1,1,2,1,2,1,2,6951.871658
935,2,2,7500000,37,1,1,2,1,2,3,2,8021.390374
900,2,3,4800000,118,3,2,2,1,2,3,3,5333.333333
1460,3,3,10500000,37,1,1,2,1,3,3,2,7191.780822
1700,3,3,12000000,178,2,1,2,1,3,3,2,7058.823529
868,2,3,6200000,178,5,1,2,2,3,1,2,7142.857143
2150,4,4,17500000,178,3,1,2,1,1,2,2,8139.534884
1550,3,3,10100000,37,4,1,1,1,3,2,2,6516.129032
950,2,2,4275000,118,1,1,1,2,3,1,2,4500
1710,3,4,8600000,178,1,2,2,1,5,1,2,5029.239766
1200,2,2,7500000,37,2,1,2,1,2,3,3,6250
1250,3,3,7500000,104,2,2,2,2,3,2,4,6000
1494,4,3,13000000,178,1,1,2,1,2,2,3,8701.472557
820,2,2,3500000,118,1,2,1,2,2,2,2,4268.292683
1100,3,3,3800000,118,1,2,1,2,2,1,2,3454.545455
650,2,2,2600000,118,1,2,1,1,2,3,2,4000
800,2,2,3000000,118,2,2,2,1,1,1,4,3750
1400,2,2,9500000,118,2,1,1,1,2,3,2,6785.714286
2200,5,4,20000000,118,1,1,1,1,3,3,2,9090.909091
650,2,2,2500000,118,4,1,1,1,2,3,2,3846.153846
1100,3,3,10000000,118,1,1,1,1,3,3,2,9090.909091
1275,3,3,6375000,118,1,1,1,1,3,2,2,5000
650,2,2,3800000,114,3,2,2,1,3,2,3,5846.153846
950,2,3,4200000,118,1,3,3,1,1,1,3,4421.052632
1200,3,3,12000000,37,1,2,1,1,3,3,2,10000
1088,3,3,5500000,118,1,2,2,2,2,3,2,5055.147059
1245,3,3,4500000,118,1,1,1,2,3,3,2,3614.457831
665,2,2,3600000,118,1,1,1,1,2,3,2,5413.533835
1300,3,3,6500000,118,4,1,2,2,1,3,3,5000
1357,2,3,5500000,63,2,1,2,1,1,3,2,4053.058217
1100,2,3,4500000,118,1,1,2,1,1,3,3,4090.909091
1500,3,3,11000000,178,1,2,3,2,3,3,2,7333.333333
1150,2,2,6600000,168,1,1,2,2,1,3,2,5739.130435
1254,3,3,5000000,63,5,2,3,5,5,3,11,3987.240829
1800,3,3,10000000,41,1,1,1,1,1,3,2,5555.555556
1200,3,3,5500000,118,4,1,1,1,2,1,2,4583.333333
850,2,2,3500000,118,1,1,2,1,1,2,2,4117.647059
700,2,2,4200000,20,3,1,3,2,5,1,3,6000
1000,2,3,4800000,41,1,1,1,1,1,2,2,4800
800,2,2,3200000,118,4,1,1,1,3,1,2,4000
850,2,3,2500000,118,1,1,3,1,2,2,3,2941.176471
1254,3,3,6300000,47,1,1,1,2,3,3,2,5023.923445
1688,3,3,14000000,37,4,2,1,1,3,2,2,8293.838863
1180,2,3,6500000,118,4,1,3,1,2,3,3,5508.474576
1486,3,3,8500000,161,1,2,1,2,5,2,2,5720.053836
1000,2,3,4500000,118,1,1,3,1,1,3,3,4500
1090,2,3,6000000,118,1,1,2,1,1,1,2,5504.587156
1100,2,3,9000000,37,1,1,2,1,1,1,2,8181.818182
2400,5,5,12000000,58,2,1,3,2,2,3,3,5000
1200,3,3,6800000,118,1,2,3,2,2,2,3,5666.666667
1700,4,4,8500000,118,1,2,3,1,2,2,3,5000
1100,3,3,6000000,118,5,1,2,1,1,2,3,5454.545455
1000,2,3,3200000,118,1,1,2,1,5,1,3,3200
950,2,2,6000000,145,1,1,2,1,4,3,2,6315.789474
1010,2,3,6800000,25,1,1,2,1,2,2,2,6732.673267
800,2,2,4200000,118,1,1,2,1,4,3,3,5250
1050,3,3,5500000,63,4,2,1,2,1,3,3,5238.095238
800,2,2,4200000,118,1,1,2,1,2,2,3,5250
1115,3,3,6000000,118,1,2,1,1,3,3,2,5381.165919
1133,3,3,5000000,118,1,1,3,2,2,3,3,4413.062665
1115,3,3,6000000,118,1,1,1,1,3,3,2,5381.165919
1427,4,3,7500000,118,1,1,1,1,3,3,2,5255.781359
1100,3,3,5500000,118,1,2,2,2,2,2,3,5000
1650,3,3,12000000,37,4,1,2,1,2,2,2,7272.727273
1125,3,3,7364000,118,1,1,2,2,2,1,3,6545.777778
1300,3,3,7600000,90,1,2,1,1,3,1,2,5846.153846
1850,4,3,11000000,178,1,2,1,1,1,2,1,5945.945946
1100,3,3,4800000,58,1,2,3,1,2,3,3,4363.636364
800,2,2,3200000,118,4,1,2,1,1,3,1,4000
1050,3,3,6000000,118,1,1,1,2,2,2,2,5714.285714
1490,3,3,11000000,37,1,1,2,1,2,1,2,7382.550336
1426,3,3,6417000,77,1,1,2,2,4,3,3,4500
1570,3,3,12500000,25,5,2,2,1,2,3,2,7961.783439
1083,3,3,4700000,58,1,2,3,1,2,2,2,4339.796861
1245,2,3,7500000,118,1,2,2,1,1,3,3,6024.096386
1184,3,3,5500000,14,1,2,2,1,3,3,4,4645.27027
1000,2,2,4700000,118,1,2,2,3,2,2,3,4700
1382,3,3,7200000,162,1,1,2,1,1,3,2,5209.84081
850,2,2,4300000,118,4,2,3,1,2,3,3,5058.823529
1495,3,3,8000000,6,5,1,2,1,3,3,2,5351.170569
1400,4,3,12500000,122,1,1,2,2,2,1,2,8928.571429
950,2,3,3500000,118,1,1,2,1,2,3,3,3684.210526
630,2,2,2000000,118,1,2,2,1,1,3,2,3174.603175
2500,3,3,8000000,176,2,1,2,1,3,3,2,3200
650,2,2,2000000,118,1,1,2,1,2,3,2,3076.923077
1090,2,3,5500000,118,1,1,2,1,1,3,2,5045.87156
950,2,3,4500000,118,1,1,2,1,2,2,3,4736.842105
650,2,2,2300000,118,1,1,2,1,1,2,2,3538.461538
1200,3,3,6000000,118,1,1,3,3,2,3,3,5000
622,2,2,3000000,118,1,2,3,1,1,3,3,4823.151125
1600,4,3,17000000,37,4,1,2,1,2,1,2,10625
1094,2,3,4376000,58,1,1,3,2,2,3,3,4000
650,2,2,2800000,118,1,1,3,1,1,3,3,4307.692308
1695,4,3,13500000,37,1,1,2,1,3,3,3,7964.60177
1500,3,3,14000000,37,2,2,2,1,2,1,3,9333.333333
1500,3,3,11000000,178,1,1,2,1,1,3,1,7333.333333
900,2,2,5000000,118,5,1,3,1,2,2,3,5555.555556
1850,3,4,8500000,0,1,2,2,1,2,2,4,4594.594595
1074,2,3,4800000,118,1,1,3,1,3,3,2,4469.273743
1040,2,3,5000000,118,1,1,3,1,3,1,2,4807.692308
1600,4,3,12200000,118,1,2,3,2,2,2,3,7625
1108,2,3,5500000,118,1,1,3,2,3,1,2,4963.898917
1250,2,3,4000000,118,4,2,2,1,3,1,3,3200
1700,3,3,14000000,37,1,1,2,1,2,1,2,8235.294118
1370,3,3,8500000,20,1,1,2,2,3,1,3,6204.379562
1850,3,4,8500000,0,1,1,1,1,1,3,3,4594.594595
876,2,2,3500000,20,1,1,3,1,5,2,3,3995.43379
1325,3,3,6500000,118,1,2,2,1,4,3,3,4905.660377
875,2,2,3675000,118,1,2,2,1,1,1,3,4200
1250,3,3,9500000,37,4,1,2,1,2,3,2,7600
950,2,3,4200000,118,4,1,3,1,1,2,3,4421.052632
1713,3,3,9000000,99,2,1,2,1,3,1,2,5253.940455
1900,3,3,12500000,118,1,1,3,1,2,3,3,6578.947368
1630,3,3,9800000,178,1,1,2,1,2,2,2,6012.269939
1000,2,3,5100000,118,1,1,1,1,3,3,2,5100
840,2,2,4000000,122,1,1,2,1,3,3,2,4761.904762
1250,2,3,4500000,58,1,2,3,1,2,2,2,3600
650,2,2,2300000,118,1,1,1,1,1,3,5,3538.461538
1575,3,3,7000000,47,1,2,1,2,2,3,2,4444.444444
902,2,2,3337000,58,1,2,3,1,2,1,2,3699.556541
1425,3,3,9000000,145,1,2,2,1,5,2,5,6315.789474
1390,3,3,8500000,162,4,1,3,1,2,3,3,6115.107914
855,2,2,4702000,118,1,1,2,1,2,2,2,5499.415205
650,2,2,2300000,118,1,1,1,1,2,3,2,3538.461538
1200,3,3,6000000,118,1,1,2,1,1,3,3,5000
1350,2,3,7000000,118,1,2,3,2,2,3,3,5185.185185
1450,3,3,12000000,178,4,4,2,1,1,3,1,8275.862069
1000,2,2,4800000,58,1,1,3,1,2,3,2,4800
1090,2,3,5500000,118,1,1,2,1,1,2,3,5045.87156
1650,3,3,11000000,104,4,1,3,1,3,3,5,6666.666667
800,2,2,4000000,118,1,2,2,2,2,3,3,5000
1530,3,3,10900000,37,2,1,1,1,3,1,2,7124.183007
2270,3,3,22000000,37,4,1,1,1,3,3,3,9691.629956
2105,4,3,13700000,178,1,2,3,2,3,2,2,6508.313539
1090,3,3,7700000,37,1,1,1,2,3,1,2,7064.220183
1100,3,3,4500000,58,1,2,3,1,2,2,3,4090.909091
1090,3,3,7700000,37,1,2,2,1,3,2,4,7064.220183
1340,3,3,6700000,118,1,1,1,1,3,2,2,5000
8400,10,14,29000000,118,1,1,1,1,2,3,2,3452.380952
1230,3,3,6450000,118,4,2,2,1,2,2,3,5243.902439
1250,3,3,6500000,118,4,2,2,1,2,3,3,5200
950,2,2,4700000,118,1,1,3,1,1,3,4,4947.368421
1175,3,3,4700000,63,1,1,2,1,1,1,2,4000
940,2,2,4230000,63,1,1,2,1,1,3,2,4500
1215,3,3,5200000,58,1,2,3,2,2,1,2,4279.835391
1350,3,3,7500000,118,1,1,1,1,3,1,3,5555.555556
1800,4,3,20000000,178,1,1,1,1,3,1,3,11111.11111
1640,3,4,11000000,14,1,2,2,1,3,2,4,6707.317073
2602,4,5,16000000,11,1,1,1,1,1,2,3,6149.116065
1150,3,3,5000000,118,1,2,1,1,2,3,2,4347.826087
2350,5,4,20000000,118,1,1,1,1,3,3,3,8510.638298
1600,3,3,12000000,37,1,2,3,1,3,2,4,7500
2287,4,3,16000000,37,1,1,1,2,2,3,3,6996.064714
900,2,2,3150000,58,1,2,3,1,2,2,3,3500
2876,4,3,31000000,37,2,2,1,2,3,1,3,10778.85953
967,2,2,3325000,58,1,2,3,2,2,3,3,3438.469493
1680,3,3,16500000,122,1,2,2,1,3,3,4,9821.428571
1600,3,3,10000000,104,1,2,2,2,2,2,5,6250
1482,4,3,11100000,118,2,2,3,1,2,1,4,7489.878543
2200,4,3,20900000,118,1,1,1,1,3,3,3,9500
1140,3,2,8550000,118,1,1,1,1,3,3,3,7500
1370,4,3,6965000,47,1,1,1,1,3,2,3,5083.941606
1170,2,3,5500000,118,1,1,1,1,3,1,3,4700.854701
1211,2,3,5000000,118,1,1,3,1,3,1,4,4128.819158
1310,3,3,7205000,118,3,1,3,3,3,3,4,5500
1120,2,3,9000000,118,4,1,1,1,3,3,3,8035.714286
1050,2,3,5500000,90,1,1,2,1,2,3,3,5238.095238
1250,3,3,7000000,118,1,1,1,1,3,2,3,5600
1050,3,3,7500000,118,1,1,3,1,2,2,4,7142.857143
1260,3,3,8000000,118,1,2,3,1,3,2,4,6349.206349
1150,2,3,7500000,170,1,1,2,1,2,3,3,6521.73913
1250,3,3,5000000,41,1,2,1,1,1,3,3,4000
1030,2,2,4700000,58,1,1,2,1,1,3,4,4563.106796
1050,2,3,5330000,118,2,3,3,2,3,2,3,5076.190476
1620,3,4,8500000,118,1,2,3,2,2,3,4,5246.91358
1300,3,3,7000000,20,1,1,2,1,1,3,3,5384.615385
1430,3,3,8580000,118,1,2,2,1,5,2,3,6000
650,2,2,3000000,118,1,1,3,2,1,3,4,4615.384615
1845,4,4,9000000,118,2,1,2,1,4,3,3,4878.04878
1350,3,3,7000000,168,1,1,1,1,4,2,4,5185.185185
1050,3,3,7500000,14,1,1,1,1,2,1,4,7142.857143
1000,2,3,4800000,41,1,1,1,1,1,2,3,4800
1235,3,3,9000000,37,1,1,1,1,4,1,5,7287.449393
3400,5,5,28000000,178,1,2,2,1,2,3,3,8235.294118
1600,3,3,12000000,37,1,2,3,1,4,1,4,7500
1750,3,3,11100000,20,1,1,2,2,4,3,4,6342.857143
1305,3,3,13900000,20,1,1,2,1,4,2,4,10651.341
1700,2,2,9300000,122,1,2,1,1,5,1,4,5470.588235
1207,3,3,12900000,20,4,1,2,1,4,2,4,10687.65534
1372,3,3,7200000,109,1,1,2,1,1,2,3,5247.813411
1000,2,3,3700000,58,1,2,3,1,2,3,4,3700
1796,4,3,14000000,37,1,2,3,1,4,3,5,7795.100223
800,2,2,5000000,37,4,2,3,1,4,1,4,6250
2222,3,2,25000000,104,1,1,2,1,1,1,3,11251.12511
1000,2,2,3700000,58,4,2,3,2,2,3,4,3700
1000,2,2,3700000,58,1,2,3,1,2,3,4,3700
2000,4,3,14000000,104,1,1,2,1,1,3,3,7000
1200,3,3,6500000,118,1,1,1,2,4,2,3,5416.666667
1050,3,3,4500000,58,1,2,3,1,2,3,3,4285.714286
850,3,3,4000000,14,1,4,1,1,1,2,4,4705.882353
1381,3,3,6000000,118,1,1,2,1,1,2,3,4344.67777
961,2,2,4500000,118,1,1,1,1,2,2,3,4682.622268
2020,4,4,18200000,124,2,1,2,1,5,3,3,9009.90099
850,2,2,3300000,118,1,1,1,1,2,2,3,3882.352941
1250,3,3,8200000,133,1,2,2,1,3,3,4,6560
1500,4,3,11000000,37,1,1,3,1,4,2,4,7333.333333
935,2,3,5000000,122,1,2,2,1,1,2,3,5347.593583
1850,3,3,14000000,37,1,2,3,1,4,3,5,7567.567568
1110,2,3,6000000,20,1,1,2,4,4,2,4,5405.405405
1500,3,3,11000000,37,4,2,2,1,4,3,4,7333.333333
900,3,3,4000000,118,1,2,2,1,1,1,3,4444.444444
1500,3,3,11000000,37,1,2,2,1,4,2,4,7333.333333
1100,3,3,6000000,118,1,2,2,1,2,3,4,5454.545455
1360,3,3,7752000,178,1,2,3,1,3,2,4,5700
700,2,2,4800000,122,1,1,2,1,2,3,4,6857.142857
1750,3,4,11000000,37,5,2,3,2,4,1,4,6285.714286
700,2,2,3500000,122,5,4,2,1,3,2,3,5000
1250,3,3,7200000,162,1,2,1,1,3,1,4,5760
1300,3,3,5800000,118,1,1,1,1,4,2,3,4461.538462
1400,3,3,6500000,118,1,1,1,2,4,3,3,4642.857143
1276,2,3,4000000,118,1,2,2,1,2,2,3,3134.796238
650,2,2,2200000,118,1,1,3,1,1,2,4,3384.615385
1860,3,3,17000000,122,1,2,1,1,2,3,3,9139.784946
1200,3,3,6500000,122,1,1,1,1,4,3,7,5416.666667
1850,4,3,15500000,37,1,2,3,1,4,2,5,8378.378378
1000,2,2,6000000,178,1,1,2,1,1,2,4,6000
1150,2,3,6325000,145,1,2,1,2,3,2,3,5500
1150,2,3,6325000,145,1,2,1,1,3,1,3,5500
1170,3,3,4600000,21,1,1,1,1,1,2,2,3931.623932
1750,3,3,11000000,104,1,1,2,4,1,1,3,6285.714286
1880,3,3,9000000,104,1,1,2,1,1,3,3,4787.234043
1554,3,3,13500000,178,1,1,2,2,3,3,4,8687.258687
1200,3,3,6000000,118,1,1,1,2,3,3,3,5000
1670,3,3,8000000,118,1,1,1,1,3,1,3,4790.419162
1250,4,3,9500000,37,1,2,2,1,4,2,5,7600
650,2,2,2700000,118,1,1,1,2,1,2,3,4153.846154
1190,3,3,5950000,118,1,2,2,1,3,2,3,5000
990,3,3,4700000,118,1,1,1,2,4,3,3,4747.474747
1400,3,3,7000000,118,1,1,2,1,4,3,3,5000
2400,4,3,14500000,37,1,1,1,1,3,2,3,6041.666667
2455,3,4,19000000,37,1,2,1,1,3,1,2,7739.307536
1000,2,3,6800000,14,1,1,2,1,5,3,2,6800
1455,3,3,9800000,14,2,1,2,1,6,3,2,6735.395189
1296,3,3,6750000,118,1,2,2,1,2,2,2,5208.333333
1775,3,3,14200000,104,1,2,3,2,1,3,4,8000
1600,3,3,12000000,25,1,1,2,1,3,2,2,7500
2320,4,4,23000000,37,1,3,1,1,3,3,3,9913.793103
2100,4,3,24000000,118,1,1,1,1,3,1,3,11428.57143
1600,3,4,7500000,118,1,1,1,1,3,2,3,4687.5
1250,3,3,5500000,118,1,1,1,1,3,3,3,4400
1750,3,3,15000000,37,1,3,1,2,3,3,3,8571.428571
1425,3,3,9000000,145,1,2,2,2,4,3,6,6315.789474
1705,3,3,12000000,20,5,2,3,1,4,3,3,7038.123167
980,3,3,5200000,118,1,2,3,1,3,2,4,5306.122449
1650,3,3,15000000,37,1,2,1,1,3,1,3,9090.909091
1450,3,3,7000000,20,2,2,2,1,3,3,5,4827.586207
1850,4,3,16000000,37,1,1,1,1,3,3,3,8648.648649
628,2,2,2826000,90,1,1,2,1,1,2,4,4500
1300,3,3,5000000,41,1,2,1,2,1,1,3,3846.153846
750,2,2,3200000,122,1,1,2,1,1,3,4,4266.666667
1560,3,4,8580000,118,1,2,2,1,2,3,4,5500
1400,3,3,7000000,63,1,1,1,1,1,3,4,5000
1305,3,3,13900000,20,1,1,2,1,4,2,4,10651.341
1305,3,3,11200000,20,1,1,2,1,4,2,4,8582.375479
1200,3,3,6600000,47,1,1,1,1,3,1,3,5500
1851,3,3,13900000,37,1,2,1,2,4,1,5,7509.454349
1450,3,3,13400000,122,1,1,2,1,5,3,4,9241.37931
1851,4,3,13900000,37,3,2,3,1,4,3,4,7509.454349
850,2,2,3300000,118,1,1,1,5,2,3,3,3882.352941
850,2,2,3300000,118,1,1,1,1,2,2,3,3882.352941
1400,3,3,8000000,118,1,1,1,4,3,1,3,5714.285714
1850,3,3,9800000,118,1,1,1,3,3,1,3,5297.297297
1450,4,3,11000000,37,1,2,3,2,4,3,4,7586.206897
1420,3,3,8200000,118,2,1,1,2,3,3,3,5774.647887
1400,3,3,8000000,118,2,1,1,1,3,3,3,5714.285714
1275,3,3,7500000,82,1,1,2,1,2,1,4,5882.352941
1050,3,3,4725000,88,1,1,2,1,2,3,4,4500
1450,3,3,11000000,14,3,1,2,1,2,3,4,7586.206897
1050,3,3,3750000,82,1,1,2,1,3,3,4,3571.428571
1350,2,4,7425000,17,1,1,2,1,2,3,3,5500
1287,3,3,5791000,82,1,1,2,1,3,1,4,4499.6115
1090,3,3,4578000,82,1,1,2,2,3,3,4,4200
1332,3,3,7326000,82,1,1,2,1,3,2,4,5500
1332,3,3,5791000,82,1,1,2,1,2,1,4,4347.597598
2535,5,4,17000000,37,1,2,2,1,4,2,5,6706.114398
1026,3,3,4309000,82,1,1,2,1,3,3,4,4199.805068
1287,3,3,5791000,82,1,1,2,1,3,2,4,4499.6115
2257,5,4,20500000,37,1,2,2,2,4,3,5,9082.853345
1445,3,3,6936000,88,1,1,2,1,2,3,4,4800
1800,3,3,10800000,118,1,2,3,1,2,2,4,6000
1538,3,3,13000000,2,1,2,3,1,2,3,5,8452.535761
690,2,2,3000000,118,1,1,1,1,4,2,4,4347.826087
1200,3,3,5400000,118,1,1,2,5,4,3,3,4500
1400,3,3,6300000,122,2,1,2,4,1,2,3,4500
1408,3,3,5632000,122,1,2,1,1,1,2,3,4000
1687,3,3,7592000,77,1,1,1,1,1,3,3,4500.296384
1700,3,3,10500000,25,1,1,1,1,3,1,4,6176.470588
1450,3,3,10500000,37,1,1,1,1,4,2,4,7241.37931
1300,3,3,6500000,118,1,1,2,3,3,3,3,5000
650,2,2,4500000,122,4,1,2,1,3,3,4,6923.076923
1300,3,3,6500000,118,1,2,2,1,3,3,3,5000
1300,3,3,6500000,118,2,2,2,2,3,1,3,5000
1300,3,3,6500000,118,1,1,2,1,3,2,3,5000
1280,3,3,6500000,122,1,1,2,1,3,3,5,5078.125
1220,3,3,6710000,145,1,1,1,1,3,2,3,5500
1275,4,3,6000000,118,1,1,1,1,3,2,3,4705.882353
1500,3,3,9500000,37,1,2,3,2,3,1,4,6333.333333
1600,4,3,13000000,37,1,1,2,3,4,2,4,8125
750,2,2,3000000,168,1,1,1,1,1,2,3,4000
1850,4,3,15000000,178,1,1,2,1,1,3,3,8108.108108
1098,2,3,4000000,122,4,2,2,1,4,3,4,3642.98725
1098,2,3,4000000,122,4,2,2,1,4,2,4,3642.98725
1500,4,3,12000000,118,1,2,2,1,3,3,4,8000
1645,3,3,8500000,104,1,1,2,1,1,3,3,5167.173252
850,2,2,3315000,58,1,1,1,1,3,2,3,3900
1242,3,3,6500000,118,3,1,1,1,4,1,3,5233.494364
1230,2,3,7000000,58,1,1,3,1,5,3,3,5691.056911
1000,2,2,4000000,87,1,1,2,1,4,2,4,4000
1450,3,3,9500000,82,2,1,2,2,5,2,5,6551.724138
1395,3,3,8500000,178,2,2,3,3,3,3,4,6093.189964
1150,3,3,8000000,118,1,2,2,1,2,3,4,6956.521739
1450,3,3,8000000,118,1,1,1,2,4,1,5,5517.241379
1520,4,3,7500000,178,5,2,3,2,3,1,4,4934.210526
950,2,2,4400000,118,1,1,1,1,4,1,4,4631.578947
700,2,2,2700000,118,1,1,1,1,3,2,3,3857.142857
2019,3,3,14100000,162,1,2,1,1,4,2,4,6983.655275
2000,3,3,10000000,21,1,3,1,1,2,1,3,5000
1550,3,3,11600000,178,5,2,3,2,3,1,4,7483.870968
1200,2,3,5000000,162,1,2,1,2,4,3,4,4166.666667
1230,2,3,4500000,118,1,1,2,1,3,2,3,3658.536585
850,2,2,4200000,118,1,1,1,2,4,1,5,4941.176471
1622,3,3,12200000,14,1,2,2,1,2,3,4,7521.578298
2820,4,4,19000000,47,1,1,1,3,3,2,3,6737.588652
650,2,2,3400000,118,1,1,1,1,2,3,3,5230.769231
1800,3,3,18000000,122,1,1,3,1,5,3,5,10000
1050,3,3,4700000,122,1,2,2,3,3,1,4,4476.190476
1485,3,3,8167000,118,1,2,2,2,2,2,4,5499.6633
900,2,3,4550000,118,1,2,2,1,2,3,4,5055.555556
1475,3,3,15500000,20,1,1,2,1,4,3,4,10508.47458
1184,3,3,7000000,37,1,1,2,1,2,2,2,5912.162162
1170,2,2,10500000,159,1,2,2,1,3,2,4,8974.358974
1400,3,3,7800000,118,2,1,1,1,3,2,2,5571.428571
1851,4,3,13900000,37,1,2,3,2,4,3,4,7509.454349
1400,3,3,7800000,118,1,1,1,1,3,1,2,5571.428571
1400,3,3,5500000,71,1,1,2,1,2,3,3,3928.571429
600,2,2,2400000,118,4,1,1,1,1,3,4,4000
1420,3,3,8200000,118,1,1,1,1,3,2,3,5774.647887
1800,4,4,14500000,37,1,2,3,1,4,2,4,8055.555556
1400,3,3,5500000,71,2,1,2,1,2,1,3,3928.571429
1850,3,3,9800000,118,1,1,1,1,3,2,3,5297.297297
950,2,3,3990000,118,1,1,2,1,4,2,4,4200
1550,3,3,12000000,37,1,2,3,1,4,1,4,7741.935484
986,2,3,6200000,178,3,1,2,1,2,3,4,6288.032454
1887,4,3,15000000,37,1,2,3,2,4,3,5,7949.125596
650,2,2,3700000,118,1,1,1,1,3,2,3,5692.307692
1325,3,3,12500000,37,1,2,3,1,4,1,5,9433.962264
1140,2,3,6000000,118,1,2,2,1,4,3,3,5263.157895
900,2,2,4950000,122,1,2,3,1,3,3,5,5500
928,2,2,5104000,122,1,3,3,1,3,1,5,5500
1330,3,3,4256000,150,1,1,3,2,1,3,3,3200
915,2,3,4575000,90,1,1,2,3,2,3,4,5000
900,2,3,4500000,90,4,1,2,1,3,3,4,5000
1100,3,3,4200000,122,1,1,1,1,1,3,4,3818.181818
1100,2,3,4950000,118,2,2,2,2,4,3,3,4500
1100,2,3,4950000,118,1,2,2,1,4,3,3,4500
1100,2,3,4950000,118,4,2,2,1,4,3,3,4500
780,2,2,2730000,150,1,1,2,1,5,3,3,3500
860,2,2,3360000,150,4,1,1,1,1,3,3,3906.976744
760,2,2,2780000,150,1,1,2,1,2,2,3,3657.894737
1000,3,2,9000000,178,1,2,2,1,2,2,4,9000
1100,3,3,6050000,20,1,2,3,1,4,3,3,5500
1430,3,3,7150000,105,1,1,2,1,1,1,3,5000
1550,3,3,11000000,37,5,1,2,1,2,1,2,7096.774194
1320,3,3,6000000,11,1,2,3,1,1,3,3,4545.454545
1400,3,3,5680000,122,1,1,1,1,3,3,5,4057.142857
1230,3,3,5000000,47,1,1,1,2,2,3,4,4065.04065
2000,3,3,16000000,37,1,1,1,1,2,2,3,8000
1150,2,3,10000000,162,1,1,1,1,4,3,4,8695.652174
800,2,2,5000000,162,1,1,1,2,4,2,4,6250
1150,3,3,6500000,47,1,1,1,1,3,3,3,5652.173913
650,2,2,2520000,118,1,1,1,2,2,3,3,3876.923077
1065,2,3,3400000,41,1,1,1,1,1,2,3,3192.488263
1315,3,3,7500000,47,1,1,1,1,3,3,3,5703.422053
1300,3,3,6850000,14,1,4,2,1,2,2,4,5269.230769
1490,3,3,9000000,37,3,2,2,2,5,2,4,6040.268456
1800,3,3,9000000,99,1,1,1,2,2,3,3,5000
5600,4,3,56000000,37,5,2,2,1,4,3,3,10000
1260,3,3,6800000,118,1,2,3,1,1,3,4,5396.825397
1510,4,4,7000000,145,1,1,2,3,1,3,4,4635.761589
1260,3,3,6800000,118,1,2,2,1,1,1,4,5396.825397
1550,3,3,10500000,104,1,1,2,1,1,2,3,6774.193548
1004,3,3,3815000,71,1,1,2,1,1,3,4,3799.800797
1300,3,4,4500000,118,4,2,1,1,1,2,3,3461.538462
650,2,2,2800000,118,1,3,2,1,1,1,3,4307.692308
1300,2,3,4400000,118,1,2,3,1,3,3,3,3384.615385
1200,3,3,7200000,20,1,2,2,2,6,3,4,6000
2200,4,4,16000000,118,1,1,1,1,3,2,3,7272.727273
1625,3,3,7513000,11,1,2,2,1,3,3,4,4623.384615
1012,2,2,6000000,61,1,1,1,1,2,3,3,5928.853755
1350,3,3,7900000,118,1,2,2,1,2,3,4,5851.851852
1200,3,3,6500000,118,1,2,2,1,5,1,3,5416.666667
1500,3,3,10800000,82,1,1,2,2,3,3,4,7200
1180,3,3,6300000,58,1,2,3,2,4,3,3,5338.983051
9500,9,18,20000000,71,1,2,1,1,3,3,2,2105.263158
1050,2,3,5500000,118,1,2,2,1,3,3,3,5238.095238
1050,2,3,5500000,118,1,1,2,1,3,3,3,5238.095238
1050,2,3,5500000,118,1,1,2,1,3,1,3,5238.095238
850,3,3,6000000,122,1,1,2,1,3,2,5,7058.823529
1397,3,3,7000000,0,1,2,2,1,2,2,3,5010.737294
1150,2,3,7500000,122,4,1,3,1,3,3,4,6521.73913
850,2,2,3800000,118,1,1,3,1,1,3,4,4470.588235
1510,3,3,6795000,122,1,2,1,1,1,3,3,4500
1850,3,3,14500000,37,1,2,3,1,4,2,4,7837.837838
1560,3,3,9200000,118,1,2,2,1,2,1,4,5897.435897
1465,3,3,8800000,118,1,2,2,2,2,3,4,6006.825939
1465,3,3,8800000,118,1,2,2,1,2,2,4,6006.825939
1325,3,3,9500000,118,1,1,1,1,3,3,3,7169.811321
1300,3,3,12800000,37,2,2,1,1,4,3,5,9846.153846
1300,3,3,7000000,118,4,2,2,1,4,3,3,5384.615385
1350,3,3,8000000,118,1,1,2,1,3,2,3,5925.925926
1672,3,3,11500000,140,1,2,1,1,2,3,5,6877.990431
1350,3,3,7250000,118,1,2,2,2,2,3,4,5370.37037
1260,3,3,7000000,178,2,2,3,1,3,3,4,5555.555556
1350,3,3,7900000,118,1,2,2,1,2,2,4,5851.851852
1350,3,3,7900000,118,2,2,2,1,2,2,4,5851.851852
1110,3,2,4995000,11,1,2,2,2,1,2,3,4500
1110,3,2,4995000,11,1,1,2,1,1,2,3,4500
1320,3,3,5940000,11,1,2,3,2,1,3,3,4500
1110,3,2,4995000,11,2,2,3,1,1,3,3,4500
1320,3,3,5940000,11,4,2,3,2,1,3,3,4500
1250,3,3,8750000,159,1,1,1,1,1,1,3,7000
975,3,3,4500000,118,1,1,2,1,2,3,3,4615.384615
1250,3,3,8750000,159,1,1,1,1,2,2,3,7000
1170,2,2,8190000,159,1,1,1,2,2,1,3,7000
900,2,2,5400000,20,1,1,2,2,4,1,4,6000
930,2,2,4500000,122,2,2,2,1,1,3,5,4838.709677
1320,3,3,6336000,88,1,1,2,1,3,2,4,4800
1055,3,3,3800000,1,1,1,1,1,3,2,3,3601.895735
950,2,2,4500000,118,1,2,2,1,3,4,3,4736.842105
1500,3,3,8100000,17,1,1,2,4,3,1,3,5400
950,2,2,4500000,118,1,2,2,5,3,3,3,4736.842105
950,2,2,4500000,118,1,1,2,1,3,3,3,4736.842105
950,2,2,4500000,118,1,1,2,1,3,3,4,4736.842105
950,2,2,4500000,118,2,1,2,1,3,3,3,4736.842105
950,2,2,4500000,118,1,2,2,1,3,3,3,4736.842105
1000,2,3,4500000,118,1,2,1,1,1,1,4,4500
950,2,2,4500000,118,1,1,2,1,3,3,3,4736.842105
1000,2,3,4500000,118,1,1,1,1,1,3,4,4500
1000,2,3,4500000,118,1,2,1,3,1,2,4,4500
1070,2,2,4600000,174,1,1,3,1,3,1,4,4299.065421
1250,3,3,6250000,118,1,2,1,1,2,3,3,5000
1250,4,3,7750000,118,1,2,1,1,2,3,3,6200
1200,3,3,4700000,47,1,1,1,1,3,1,3,3916.666667
1250,3,3,6250000,118,1,2,1,1,2,2,3,5000
1550,4,3,7750000,118,2,4,1,1,2,3,3,5000
1254,3,3,5500000,47,1,2,1,2,3,2,3,4385.964912
1350,3,3,7425000,118,1,1,2,3,3,2,3,5500
900,3,3,4050000,106,1,1,2,2,1,3,4,4500
650,2,2,3500000,118,1,2,1,2,1,3,3,5384.615385
2750,4,3,25000000,178,1,2,1,1,1,1,2,9090.909091
1520,3,3,11500000,37,1,1,1,1,2,3,3,7565.789474
1500,3,3,9000000,77,1,2,1,1,2,3,3,6000
1400,3,3,6000000,21,1,1,1,1,1,3,3,4285.714286
1500,3,3,9000000,77,1,1,1,2,3,2,3,6000
600,2,2,2700000,118,1,1,1,1,2,3,3,4500
1255,3,3,5020000,20,1,1,1,1,1,2,3,4000
1350,3,3,8500000,118,1,1,1,4,3,2,3,6296.296296
1315,3,3,5260000,21,1,2,3,1,2,1,3,4000
1315,3,3,5260000,21,1,2,3,2,3,2,3,4000
1325,3,3,5300000,21,1,2,3,2,3,2,5,4000
1275,3,3,5100000,21,3,2,3,2,3,3,3,4000
1275,3,3,5100000,21,1,2,3,1,3,3,3,4000
1375,3,3,6788000,20,1,1,3,1,1,2,4,4936.727273
1315,3,3,5260000,21,1,2,3,1,3,3,3,4000
1325,3,3,5300000,21,1,2,3,2,2,3,5,4000
1335,3,3,5340000,21,1,2,3,2,3,1,3,4000
1083,3,2,5000000,118,1,1,2,3,4,3,5,4616.805171
1400,3,3,9100000,122,1,1,2,1,3,3,4,6500
1300,3,3,7500000,118,2,2,2,2,3,2,3,5769.230769
1359,3,3,11000000,124,1,1,2,1,4,3,3,8094.186902
1300,3,3,7500000,118,1,1,2,1,3,3,3,5769.230769
1300,3,3,7500000,118,1,1,2,2,3,3,3,5769.230769
1650,3,3,6600000,63,1,1,1,1,2,3,3,4000
1050,2,2,4200000,63,2,1,1,1,2,2,3,4000
1050,2,2,4200000,63,1,2,1,1,2,2,3,4000
1150,2,2,4600000,63,1,2,1,2,2,2,3,4000
1689,3,3,16500000,61,1,1,1,1,6,3,3,9769.094139
1400,3,3,8000000,47,1,1,1,1,3,3,3,5714.285714
1125,2,3,4775000,58,1,1,3,1,5,3,3,4244.444444
1125,2,3,4775000,58,1,2,3,1,5,3,3,4244.444444
1150,2,3,4870000,58,1,1,3,1,5,3,3,4234.782609
1125,2,3,4775000,58,2,2,3,1,5,3,3,4244.444444
950,2,2,4500000,118,5,1,2,1,3,3,3,4736.842105
950,2,2,4500000,118,1,2,2,1,3,3,3,4736.842105
1125,2,3,4775000,58,1,2,3,1,5,2,3,4244.444444
760,2,2,2780000,150,1,2,2,2,2,2,3,3657.894737
950,2,2,4500000,118,1,1,2,3,3,3,3,4736.842105
950,2,2,4500000,118,1,1,2,3,3,3,3,4736.842105
760,2,2,2780000,150,1,1,2,1,5,3,3,3657.894737
1050,2,2,6000000,3,2,2,3,1,4,2,5,5714.285714
1400,3,3,6300000,118,1,1,2,1,5,3,3,4500
1131,3,3,2941000,64,1,3,3,1,2,3,4,2600.353669
1650,3,3,9675000,104,1,1,2,3,1,3,3,5863.636364
1000,3,3,3800000,71,3,3,2,2,1,2,4,3800
1050,2,3,4725000,118,3,2,2,3,3,3,3,4500
2580,5,4,17500000,37,5,2,2,2,5,3,4,6782.945736
1500,3,3,10500000,37,1,1,2,1,2,1,3,7000
1000,3,3,3800000,71,1,1,2,1,1,2,4,3800
2530,4,3,19000000,37,1,1,2,1,2,2,3,7509.881423
820,2,2,5000000,61,2,1,1,3,3,3,3,6097.560976
1050,2,2,5250000,82,2,2,2,1,1,2,4,5000
2600,5,4,30000000,118,1,1,1,1,3,3,4,11538.46154
1440,3,3,6300000,122,2,1,2,1,1,3,3,4375
1290,3,3,5805000,82,1,2,2,1,4,3,3,4500
1900,3,3,9000000,177,1,2,2,1,3,3,4,4736.842105
1550,3,3,8300000,109,1,1,1,1,4,2,4,5354.83871
875,2,2,3700000,122,4,1,3,1,3,3,3,4228.571429
1600,3,3,12000000,37,1,1,3,1,5,3,5,7500
1125,2,3,4775000,58,1,1,3,1,5,3,3,4244.444444
1280,3,3,4500000,47,2,1,1,1,3,1,3,3515.625
850,2,2,2700000,118,1,1,2,1,3,3,3,3176.470588
1550,3,3,8835000,63,4,2,1,1,1,3,3,5700
1350,3,3,6500000,118,1,2,2,1,3,1,3,4814.814815
1550,3,3,9335000,63,1,2,1,1,1,2,3,6022.580645
1050,2,3,6000000,118,1,1,2,1,3,2,3,5714.285714
1524,3,3,10500000,20,1,1,2,2,1,3,4,6889.76378
950,2,2,4500000,118,1,1,2,2,3,2,3,4736.842105
1422,3,3,9812000,20,1,1,1,1,1,2,4,6900.140647
1184,3,3,8170000,20,1,1,2,1,1,3,4,6900.337838
950,2,2,4500000,118,1,2,2,1,3,2,3,4736.842105
2500,3,3,22000000,37,1,2,2,1,5,3,5,8800
900,2,2,4500000,9,1,1,2,1,3,1,3,5000
1700,4,3,8600000,174,1,1,1,1,3,1,3,5058.823529
750,2,2,3000000,122,5,1,2,1,3,2,3,4000
1550,3,3,12000000,37,1,1,1,2,1,2,3,7741.935484
750,2,2,3500000,82,2,1,2,1,1,1,4,4666.666667
1412,3,3,6354000,41,1,1,1,1,2,3,3,4500
1000,3,3,5000000,21,1,1,2,1,2,3,3,5000
835,2,2,3841000,118,2,2,2,2,5,3,3,4600
2100,4,4,16000000,37,4,2,3,1,5,1,4,7619.047619
2100,4,4,16000000,37,1,2,3,2,4,2,4,7619.047619
2100,4,4,16000000,37,1,2,3,5,4,3,4,7619.047619
2100,4,4,16000000,37,1,2,3,1,4,3,4,7619.047619
2100,4,4,16000000,37,1,2,3,2,4,3,4,7619.047619
2252,4,4,11300000,7,1,1,2,1,3,1,3,5017.761989
900,2,2,4000000,88,1,1,2,1,2,2,4,4444.444444
1050,3,3,9975000,159,1,2,2,1,4,3,4,9500
1200,3,3,4500000,118,1,1,1,2,2,1,3,3750
1200,3,3,4400000,118,1,1,1,1,2,3,3,3666.666667
900,2,2,4800000,118,1,2,3,1,3,3,4,5333.333333
1455,3,3,9500000,162,1,1,1,2,4,1,4,6529.209622
1150,3,3,6720000,118,1,1,1,1,2,3,3,5843.478261
1250,3,4,12000000,37,2,2,2,1,4,3,4,9600
1000,2,3,3094000,118,5,2,2,1,1,3,4,3094
960,2,3,5200000,118,2,2,3,1,3,3,4,5416.666667
1258,3,3,8806000,118,1,2,3,1,3,3,4,7000
1258,3,3,8806000,118,1,2,3,1,3,2,4,7000
1265,3,3,5900000,122,1,1,1,2,3,3,3,4664.031621
1575,3,3,15000000,178,3,2,2,1,4,3,4,9523.809524
850,2,2,3150000,150,1,1,2,2,1,1,3,3705.882353
1350,3,3,8000000,104,1,1,2,2,1,2,3,5925.925926
850,2,2,3150000,150,1,1,2,1,3,3,3,3705.882353
760,2,2,2780000,150,2,1,2,1,1,3,3,3657.894737
2100,4,4,16000000,37,1,2,3,1,4,3,4,7619.047619
1250,3,3,5200000,118,4,1,1,1,5,2,3,4160
1250,3,3,5625000,82,4,1,2,1,3,3,3,4500
1250,3,3,5800000,122,1,3,1,1,2,2,4,4640
1350,3,3,7500000,41,5,1,1,1,2,1,3,5555.555556
1553,3,3,10500000,118,2,2,3,2,4,3,3,6761.107534
967,2,2,3800000,58,1,1,3,1,4,3,3,3929.679421
2898,4,3,22000000,41,1,2,1,3,3,2,3,7591.442374
967,2,2,3800000,58,1,1,3,1,4,1,3,3929.679421
950,3,3,5500000,185,4,1,1,1,1,3,4,5789.473684
932,3,2,3800000,58,1,1,3,3,4,3,3,4077.253219
1228,3,3,8700000,178,1,2,3,2,3,2,3,7084.690554
950,2,2,3325000,78,1,1,1,2,1,3,3,3500
1320,2,3,6100000,58,2,1,3,1,4,1,3,4621.212121
1150,2,3,4500000,118,1,1,2,2,3,1,5,3913.043478
990,2,2,5800000,25,1,2,1,2,1,3,4,5858.585859
1260,3,3,4500000,102,1,2,2,1,4,3,4,3571.428571
1050,2,3,5800000,118,1,2,1,5,1,2,4,5523.809524
1150,3,3,5500000,118,1,1,2,2,4,3,3,4782.608696
2252,4,4,11300000,7,1,1,2,1,3,3,3,5017.761989
800,2,2,4445000,82,1,3,3,2,1,3,4,5556.25
1335,3,3,6008000,176,1,1,3,1,4,2,3,4500.374532
1500,3,3,10500000,37,1,2,3,1,3,3,4,7000
1500,3,3,10500000,37,1,2,3,1,3,3,4,7000
1800,4,3,13600000,37,1,2,3,1,4,3,4,7555.555556
1500,3,3,10500000,37,3,2,3,2,3,3,4,7000
880,2,2,5500000,122,3,1,3,1,4,3,4,6250
1250,3,3,10000000,37,1,1,2,2,2,2,3,8000
1010,2,3,6324000,15,1,1,1,1,3,3,4,6261.386139
1475,3,3,6638000,82,1,2,3,1,4,3,3,4500.338983
1475,3,3,6638000,82,1,2,3,3,4,2,3,4500.338983
1060,2,3,3400000,118,1,3,2,1,1,3,3,3207.54717
1000,2,2,4000000,88,1,2,2,1,4,3,4,4000
1544,3,3,9264000,161,1,1,2,1,3,3,3,6000
1264,3,3,8000000,162,1,2,2,1,4,1,3,6329.113924
900,2,3,3500000,118,1,1,2,1,2,3,3,3888.888889
1006,2,2,5000000,25,4,2,2,1,5,2,3,4970.178926
2105,4,3,13700000,178,1,2,3,1,5,2,3,6508.313539
975,2,3,5000000,118,1,2,2,1,2,3,4,5128.205128
930,2,2,4700000,82,2,2,1,1,1,2,3,5053.763441
1400,3,3,16800000,37,1,2,2,2,4,3,4,12000
1050,2,3,5500000,118,5,1,1,2,2,3,3,5238.095238
750,2,2,3000000,118,1,1,2,1,3,3,3,4000
1599,3,3,6500000,13,1,1,2,1,1,3,4,4065.04065
1550,3,3,12000000,37,1,2,1,1,3,3,3,7741.935484
1712,4,3,13100000,37,1,2,2,1,3,3,3,7651.869159
1672,3,3,12300000,140,1,2,3,1,3,3,4,7356.45933
780,2,2,5000000,178,1,2,1,1,2,2,4,6410.25641
900,2,2,4600000,58,1,2,3,1,4,2,3,5111.111111
1425,3,3,7400000,58,1,1,3,1,4,3,3,5192.982456
1672,3,3,12300000,140,1,2,3,1,3,3,4,7356.45933
3000,6,4,22500000,178,1,1,2,1,2,3,3,7500
700,2,2,2800000,118,1,1,2,1,1,3,3,4000
1500,3,3,8400000,37,1,2,1,1,4,2,5,5600
1100,2,2,6050000,90,1,1,2,1,3,3,4,5500
1225,2,3,5513000,118,1,2,2,2,5,1,3,4500.408163
1600,3,3,8500000,118,1,2,1,1,4,1,4,5312.5
960,3,3,4900000,118,3,1,2,2,4,3,4,5104.166667
1100,2,3,9000000,37,1,1,2,2,3,3,2,8181.818182
1550,3,3,11500000,37,1,1,1,1,3,3,3,7419.354839
850,2,3,4500000,118,1,2,2,1,5,2,4,5294.117647
1244,4,3,8000000,118,4,2,2,1,3,3,3,6430.868167
850,2,2,3570000,118,1,2,2,1,4,3,3,4200
1700,3,3,8500000,118,1,2,3,2,1,3,4,5000
1550,3,3,12000000,37,1,1,3,1,2,3,3,7741.935484
1550,3,3,12000000,37,4,1,2,1,2,2,3,7741.935484
3000,4,4,29500000,37,1,1,3,1,2,2,3,9833.333333
1380,3,3,5000000,71,1,2,2,1,1,3,4,3623.188406
1250,3,3,6500000,118,2,1,2,4,4,1,4,5200
1000,2,2,5500000,118,2,2,2,1,4,3,3,5500
2500,4,4,21000000,37,1,2,2,2,3,2,3,8400
1412,3,3,7500000,118,1,2,2,1,5,2,3,5311.614731
1600,3,3,6000000,118,1,1,1,1,2,1,3,3750
1700,3,4,12500000,20,3,3,2,1,2,2,4,7352.941176
1700,3,4,13500000,20,3,1,2,1,2,3,4,7941.176471
1077,2,3,6200000,25,1,1,2,1,3,2,4,5756.731662
1000,2,3,5800000,118,1,1,1,1,3,3,3,5800
1150,3,3,5800000,41,1,1,1,1,1,1,3,5043.478261
1800,4,3,13600000,37,5,2,3,1,4,1,4,7555.555556
1450,3,3,6500000,118,1,1,2,1,4,2,3,4482.758621
1140,3,3,5500000,118,2,1,2,2,3,3,3,4824.561404
1800,4,3,13600000,37,4,2,3,1,4,3,4,7555.555556
1300,2,2,6500000,168,1,1,2,1,1,3,3,5000
900,2,2,3800000,118,1,1,1,1,5,2,3,4222.222222
1370,3,3,10000000,118,1,2,1,1,3,2,3,7299.270073
850,2,2,3570000,118,2,2,2,1,4,3,3,4200
1430,3,3,7436000,6,1,1,2,1,1,2,3,5200
850,2,2,4700000,118,2,2,1,1,1,2,3,5529.411765
850,2,2,4700000,118,1,2,2,1,1,3,3,5529.411765
1100,2,3,4620000,118,1,1,2,1,5,3,3,4200
1080,2,3,4536000,118,1,1,2,1,4,2,3,4200
1100,2,3,4000000,118,1,2,2,4,5,3,3,3636.363636
1450,3,3,9500000,37,4,1,1,1,2,2,3,6551.724138
2150,3,3,19500000,37,1,2,2,2,2,2,3,9069.767442
1380,3,3,5000000,71,1,2,2,1,1,2,4,3623.188406
1225,3,3,5513000,118,1,2,2,1,5,3,3,4500.408163
1380,3,3,5000000,71,1,2,2,1,1,3,4,3623.188406
1050,2,3,5000000,118,2,2,2,2,3,3,3,4761.904762
1165,2,2,5200000,41,3,1,1,1,1,3,3,4463.519313
1325,3,3,4500000,47,5,2,1,1,3,3,3,3396.226415
1960,3,4,15500000,37,1,2,2,2,2,1,3,7908.163265
1500,4,3,12000000,61,1,2,3,1,3,1,4,8000
900,2,3,3600000,176,1,1,3,1,2,2,3,4000
1150,2,3,6100000,174,1,1,1,1,2,3,3,5304.347826
1315,3,3,9205000,118,1,1,1,1,2,2,3,7000
1315,3,3,9135000,118,1,2,1,1,2,3,3,6946.768061
1100,2,3,8000000,106,1,1,1,1,4,3,3,7272.727273
1175,3,3,8000000,118,1,2,2,1,4,3,3,6808.510638
1100,2,3,5040000,118,1,2,2,1,5,3,3,4581.818182
965,2,3,3474000,118,1,2,2,1,4,2,3,3600
4200,4,4,50400000,37,1,1,3,2,4,1,3,12000
1250,3,3,5200000,118,1,2,2,1,2,2,4,4160
4200,4,4,50400000,37,1,1,3,1,4,2,3,12000
1250,3,3,5200000,118,1,2,2,3,2,3,4,4160
1250,3,3,5000000,118,1,2,2,1,2,4,4,4000
1301,3,3,6115000,118,1,1,2,1,5,3,3,4700.230592
1301,3,3,6115000,118,1,1,2,5,5,1,3,4700.230592
1250,3,3,5000000,118,1,2,2,1,2,3,4,4000
1214,3,3,7600000,174,1,2,2,5,4,3,3,6260.29654
1264,3,3,7800000,174,1,2,2,2,4,1,3,6170.886076
2100,4,4,7000000,150,1,1,1,3,1,3,3,3333.333333
2100,4,4,7000000,150,1,1,2,1,1,3,3,3333.333333
2100,4,4,7000000,150,1,1,1,1,1,1,3,3333.333333
2100,4,4,7000000,150,1,1,2,2,1,2,3,3333.333333
2100,4,4,7000000,150,1,1,2,5,1,1,3,3333.333333
2100,4,4,7000000,150,2,1,2,1,1,2,3,3333.333333
2100,4,4,7000000,150,1,1,2,1,1,2,3,3333.333333
2100,4,4,7000000,150,1,1,2,2,1,3,3,3333.333333
2100,4,4,7000000,150,2,1,2,1,1,3,3,3333.333333
2100,4,4,7000000,150,1,1,2,2,1,3,3,3333.333333
2100,4,4,7000000,150,1,1,2,2,1,3,3,3333.333333
1200,3,3,4500000,41,1,1,2,1,1,3,3,3750
2100,4,4,7000000,150,1,1,3,1,1,3,3,3333.333333
1040,2,3,6400000,102,1,1,1,1,4,2,4,6153.846154
675,2,2,3400000,118,1,1,3,1,2,3,3,5037.037037
900,2,2,3500000,58,1,1,3,1,4,3,3,3888.888889
1232,3,3,7600000,118,2,2,2,2,5,2,3,6168.831169
1500,3,3,8000000,118,1,2,3,4,3,1,4,5333.333333
1170,2,3,7450000,118,1,2,3,3,3,3,4,6367.521368
1245,3,3,7850000,118,1,2,3,1,3,3,4,6305.220884
1250,3,3,5500000,47,1,1,1,3,3,3,3,4400
1879,3,3,19000000,37,4,2,2,1,5,3,4,10111.76158
1500,3,3,8250000,15,4,1,2,2,1,3,4,5500
1180,3,3,6490000,118,2,1,1,3,3,2,5,5500
1160,3,3,6380000,118,1,1,2,1,2,3,4,5500
1412,3,3,6200000,41,1,1,1,1,1,1,3,4390.934844
1132,3,3,4868000,82,1,1,2,1,3,3,4,4300.353357
1550,3,3,8500000,178,1,1,3,1,3,2,4,5483.870968
1300,3,3,8000000,178,1,2,3,1,3,3,4,6153.846154
1300,3,3,7500000,178,1,2,3,2,3,3,4,5769.230769
2300,4,3,25000000,178,1,1,2,1,5,3,3,10869.56522
1133,3,3,5098000,118,1,1,1,2,4,3,3,4499.558694
1180,3,3,7500000,58,1,1,3,2,4,3,3,6355.932203
1260,3,3,5670000,118,1,1,1,1,4,1,3,4500
1375,3,3,6500000,118,1,1,1,1,2,2,4,4727.272727
1525,3,3,7200000,178,1,1,2,1,4,2,3,4721.311475
1050,2,3,4725000,118,1,1,2,2,5,2,3,4500
860,2,2,4500000,118,1,2,3,1,3,1,4,5232.55814
1096,3,3,6600000,118,1,1,1,2,3,2,4,6021.89781
1100,3,3,5720000,118,1,1,2,1,5,1,3,5200
1100,3,3,5720000,118,1,1,2,3,5,3,3,5200
1000,2,3,4500000,118,1,1,2,1,2,3,4,4500
1350,2,3,6900000,174,1,1,1,1,6,1,3,5111.111111
1350,2,3,6900000,174,2,1,1,1,2,2,3,5111.111111
1337,3,3,8100000,118,2,2,2,1,5,1,3,6058.339566
1150,2,3,6100000,174,1,1,1,2,2,1,3,5304.347826
1350,2,3,6900000,174,3,1,1,1,3,2,3,5111.111111
1350,2,3,6900000,174,2,1,1,1,1,3,3,5111.111111
1145,3,3,7000000,122,1,1,3,1,2,1,3,6113.537118
900,2,3,4000000,118,1,2,3,1,3,3,4,4444.444444
1235,3,3,6800000,20,1,1,2,1,4,2,4,5506.072874
1569,3,3,13500000,7,1,1,2,1,2,2,3,8604.206501
1800,4,4,9000000,122,1,2,1,1,3,3,4,5000
775,2,2,4938000,118,1,3,2,1,3,3,3,6371.612903
1520,4,3,12500000,37,2,1,2,1,3,3,3,8223.684211
1350,3,3,5000000,174,2,1,1,2,3,2,3,3703.703704
1520,4,3,12500000,37,1,2,1,1,3,1,3,8223.684211
940,2,3,6000000,174,1,1,1,2,3,2,3,6382.978723
1225,3,3,7500000,174,1,2,1,1,3,3,3,6122.44898
1654,4,3,8600000,178,1,2,2,2,5,1,3,5199.516324
3600,6,11,32000000,150,1,2,2,1,3,3,2,8888.888889
1060,2,3,5000000,118,1,2,1,1,4,3,3,4716.981132
1650,3,3,13500000,178,5,1,2,1,4,1,3,8181.818182
1500,3,3,10000000,25,1,2,2,1,4,2,3,6666.666667
1250,2,3,6250000,25,1,1,1,3,3,3,3,5000
860,2,2,4500000,118,1,2,3,1,3,1,4,5232.55814
1465,3,3,8000000,118,1,1,2,1,2,3,3,5460.750853
860,2,2,4500000,118,1,2,3,2,3,3,4,5232.55814
860,2,2,4500000,118,2,2,3,2,3,2,4,5232.55814
1500,3,3,11000000,15,4,3,2,1,1,1,4,7333.333333
900,2,3,5000000,118,3,2,2,1,3,2,3,5555.555556
1075,2,3,5085000,118,5,1,1,2,4,2,3,4730.232558
1600,3,3,12600000,37,1,1,1,1,3,3,3,7875
875,2,2,5113000,118,1,2,1,1,3,2,3,5843.428571
1955,3,3,13000000,178,1,1,2,1,2,1,4,6649.616368
725,2,3,4800000,122,1,1,2,1,4,2,4,6620.689655
894,2,3,4700000,58,1,1,1,1,1,3,3,5257.270694
1600,3,3,17500000,61,1,1,2,1,2,2,3,10937.5
1465,3,3,8000000,118,1,1,2,1,2,1,3,5460.750853
1150,2,3,6100000,178,1,1,1,1,1,3,3,5304.347826
1020,2,3,6000000,118,1,1,2,1,5,2,3,5882.352941
860,2,2,4500000,118,1,2,3,1,3,3,4,5232.55814
1150,2,3,6100000,178,1,1,1,2,1,2,3,5304.347826
1375,3,3,7000000,118,1,2,1,2,3,1,4,5090.909091
1100,2,3,6000000,178,1,1,1,1,1,3,3,5454.545455
877,2,2,6000000,20,1,1,3,3,5,3,3,6841.505131
1100,3,3,7500000,20,1,1,3,1,5,1,3,6818.181818
1045,2,2,7000000,116,1,1,1,1,3,2,4,6698.564593
900,2,2,4600000,58,1,2,3,1,4,1,3,5111.111111
1372,3,3,12000000,178,1,2,2,1,4,3,3,8746.355685
1225,2,3,6000000,6,1,1,2,1,3,1,3,4897.959184
1150,2,3,5175000,174,2,1,1,1,1,3,3,4500
1850,4,4,10500000,35,1,1,2,2,2,1,3,5675.675676
1650,4,4,9500000,35,1,1,2,1,2,3,3,5757.575758
1500,3,3,7500000,20,4,1,2,1,4,2,3,5000
2100,3,3,19500000,37,1,1,2,1,3,3,3,9285.714286
2100,3,3,19500000,37,1,1,2,1,3,3,3,9285.714286
800,2,2,4500000,118,4,2,2,1,2,2,4,5625
1250,3,3,7200000,118,1,2,2,1,2,1,4,5760
650,2,2,2800000,118,1,1,3,1,1,1,3,4307.692308
1472,4,3,13500000,122,1,2,1,2,3,2,3,9171.195652
2150,4,4,18000000,118,1,1,1,1,3,3,4,8372.093023
2433,3,3,24000000,178,4,1,1,1,1,3,3,9864.364982
1882,4,3,14500000,178,1,1,2,1,5,3,3,7704.569607
1461,3,3,7500000,122,1,1,1,1,4,2,3,5133.470226
1200,2,2,7000000,118,1,1,1,1,3,3,3,5833.333333
1430,2,2,10000000,37,4,1,2,1,2,3,2,6993.006993
1965,4,3,14200000,104,4,2,3,1,2,3,4,7226.463104
1050,2,3,5500000,118,1,2,2,1,2,3,4,5238.095238
1200,3,3,6500000,118,1,1,1,1,5,3,3,5416.666667
2900,5,4,35000000,37,1,2,2,1,1,3,2,12068.96552
1500,3,3,12800000,162,1,2,1,1,4,3,4,8533.333333
2752,5,5,18500000,90,1,2,2,1,2,2,4,6722.383721
1375,3,3,12000000,118,1,1,1,1,3,3,4,8727.272727
800,2,2,4360000,118,2,2,2,2,2,2,4,5450
800,2,2,4360000,118,1,2,2,2,2,3,4,5450
1250,3,3,7200000,118,1,1,3,1,2,2,4,5760
1250,3,3,7200000,118,1,2,2,1,2,3,4,5760
1200,3,3,5800000,118,1,2,2,1,2,3,4,4833.333333
1845,4,3,14000000,118,2,1,1,1,3,3,4,7588.075881
2050,3,3,19500000,20,1,1,3,2,4,2,3,9512.195122
1472,3,3,12200000,14,1,2,2,1,1,3,4,8288.043478
1250,3,3,7500000,118,1,2,3,1,3,3,4,6000
2300,5,4,21500000,118,1,1,1,1,4,2,4,9347.826087
1618,3,3,12500000,178,4,2,2,1,2,3,2,7725.587145
1100,3,3,5920000,118,3,2,2,1,2,1,4,5381.818182
1100,3,3,6320000,118,1,2,2,1,2,1,4,5745.454545
880,2,2,6800000,98,1,1,2,1,4,3,3,7727.272727
2365,4,4,22800000,178,1,2,1,1,2,3,3,9640.591966
975,2,2,8925000,61,4,2,3,1,2,3,3,9153.846154
1100,3,3,9500000,118,1,1,3,1,3,2,3,8636.363636
1131,3,3,7500000,60,1,2,1,1,2,3,4,6631.299735
1050,3,3,6000000,82,1,2,2,1,3,3,3,5714.285714
1100,3,3,6000000,21,2,1,2,4,2,3,3,5454.545455
1150,2,3,7000000,118,1,2,2,1,2,3,4,6086.956522
1250,3,3,6700000,118,1,2,3,1,3,1,4,5360
1390,3,3,16000000,122,1,1,2,1,5,3,3,11510.79137
2374,3,3,23000000,37,1,2,2,1,4,3,4,9688.289806
1160,2,3,5300000,85,1,1,2,2,3,3,3,4568.965517
2374,3,3,23000000,37,1,2,2,1,4,3,3,9688.289806
1050,3,3,6000000,82,2,2,3,1,3,3,3,5714.285714
1050,3,3,6000000,82,1,2,3,1,3,2,3,5714.285714
1120,3,3,7000000,118,2,1,2,1,3,3,5,6250
975,2,3,5500000,118,1,2,2,1,2,3,4,5641.025641
1437,4,3,12000000,178,5,2,3,1,3,1,4,8350.730689
1500,3,3,6800000,41,4,1,1,2,1,2,3,4533.333333
1625,3,4,13500000,25,1,2,2,1,5,2,3,8307.692308
1057,2,3,7500000,25,3,1,2,1,1,1,4,7095.553453
1050,2,3,9000000,37,1,1,2,3,3,2,3,8571.428571
1400,3,3,10200000,14,1,1,1,5,4,2,4,7285.714286
1965,4,3,13500000,104,1,2,3,2,2,2,4,6870.229008
1250,3,3,7700000,25,1,2,2,1,1,3,4,6160
1270,3,3,8500000,25,1,2,2,1,5,3,3,6692.913386
1625,3,4,14000000,25,1,2,2,1,5,3,3,8615.384615
1270,3,3,7000000,118,1,2,1,2,2,2,4,5511.811024
2209,4,3,25000000,118,1,2,2,2,2,3,4,11317.33816
1250,3,3,5500000,118,1,1,2,1,2,3,3,4400
1502,3,3,9000000,174,1,1,3,1,1,3,3,5992.010652
1502,3,3,9000000,174,1,2,2,1,1,3,3,5992.010652
1050,2,3,5000000,118,1,2,2,1,2,1,4,4761.904762
1350,3,3,12200000,118,4,2,2,3,2,3,4,9037.037037
1870,4,3,16500000,20,4,2,2,1,5,3,7,8823.529412
1350,3,3,9000000,20,1,2,3,1,4,3,3,6666.666667
1643,4,3,14500000,37,1,2,3,2,4,3,4,8825.319537
1490,3,3,10500000,20,4,1,3,1,4,2,3,7046.979866
1117,2,3,7261000,102,1,1,1,1,1,3,3,6500.447628
2400,4,3,23000000,37,1,1,2,1,3,3,3,9583.333333
2200,3,3,25500000,37,1,1,2,5,3,2,3,11590.90909
1025,3,3,6500000,118,1,1,2,2,5,3,3,6341.463415
1200,3,3,7500000,118,1,1,1,1,2,1,3,6250
1270,3,3,7920000,118,1,1,3,4,2,2,3,6236.220472
1870,4,4,19000000,37,4,2,3,1,4,3,4,10160.42781
1300,3,3,7500000,163,1,3,2,2,4,2,4,5769.230769
1920,4,3,12000000,178,4,1,1,1,1,2,3,6250
1537,3,3,13500000,37,1,1,2,2,3,1,3,8783.344177
1650,4,4,17500000,116,3,1,2,1,2,1,3,10606.06061
1450,4,3,12000000,114,5,2,2,1,5,2,3,8275.862069
1113,2,3,5500000,20,1,1,3,2,5,3,3,4941.599281
1050,3,3,8000000,60,1,1,2,1,2,3,3,7619.047619
850,2,2,4800000,118,1,1,2,1,2,2,4,5647.058824
1545,3,3,13000000,118,1,2,3,1,2,3,3,8414.239482
1417,3,3,7500000,118,1,1,2,1,2,2,3,5292.872265
2150,4,4,21000000,37,3,1,2,1,2,3,2,9767.44186
1200,3,3,7000000,118,1,2,1,1,4,2,3,5833.333333
1530,4,4,8000000,166,1,1,2,1,4,3,3,5228.75817
1592,3,3,10300000,166,3,2,2,1,2,3,3,6469.849246
1586,3,3,11000000,35,1,2,2,1,3,3,4,6935.687264
1499,3,3,11300000,35,1,2,2,1,4,1,4,7538.358906
1530,3,3,11500000,35,1,2,2,1,4,3,4,7516.339869
1050,2,3,11000000,37,5,1,1,1,3,3,3,10476.19048
1500,3,3,7300000,114,1,2,2,1,2,1,3,4866.666667
1000,3,3,6000000,118,2,1,1,1,2,3,4,6000
1400,3,3,9500000,14,1,1,2,1,1,3,4,6785.714286
2200,3,3,22500000,118,1,2,3,1,3,3,4,10227.27273
1350,3,3,5700000,100,1,1,2,1,4,3,4,4222.222222
2200,5,4,23000000,162,1,1,1,1,4,2,4,10454.54545
2200,5,4,23000000,162,1,1,1,2,4,2,4,10454.54545
1553,3,3,16500000,98,1,2,1,2,4,3,4,10624.59755
1400,3,3,6700000,100,1,1,2,1,4,2,3,4785.714286
1517,3,3,11000000,178,1,1,1,1,6,1,2,7251.153593
1500,4,3,12000000,37,1,1,2,1,1,1,3,8000
1200,3,3,7500000,118,4,2,2,1,1,3,2,6250
930,2,2,5800000,82,2,2,2,1,2,3,3,6236.55914
840,2,3,5300000,122,1,1,2,1,1,3,3,6309.52381
1450,3,3,8000000,104,1,2,3,1,2,3,5,5517.241379
1300,2,3,6200000,118,1,1,2,1,3,2,4,4769.230769
1575,4,3,8000000,109,1,2,2,2,5,2,6,5079.365079
1000,2,2,4500000,41,1,1,1,1,1,3,3,4500
1064,3,2,7448000,118,1,1,1,1,3,2,3,7000
1230,3,3,7400000,118,1,2,2,1,2,3,4,6016.260163
850,2,2,6300000,178,1,1,2,1,2,3,3,7411.764706
1090,3,3,11000000,31,1,1,2,1,1,3,3,10091.74312
850,2,2,5700000,120,1,1,2,1,1,3,4,6705.882353
1162,2,3,5000000,41,1,1,1,1,1,1,3,4302.92599
850,2,2,5500000,120,1,3,2,1,2,2,4,6470.588235
1354,3,3,6400000,105,1,1,2,1,1,3,3,4726.735598
1350,3,3,6700000,105,1,2,2,2,2,2,3,4962.962963
1352,3,3,6500000,105,2,1,3,1,1,2,3,4807.692308
1390,3,3,7000000,105,1,2,2,1,1,3,3,5035.971223
1380,3,3,9500000,15,2,1,1,3,4,1,5,6884.057971
1075,2,3,5200000,118,4,2,2,1,2,3,4,4837.209302
1500,3,3,11300000,127,4,2,2,2,4,2,3,7533.333333
1800,3,3,9500000,127,1,1,2,1,2,1,3,5277.777778
1900,3,3,16700000,31,1,1,1,1,5,1,3,8789.473684
1010,2,3,6800000,15,4,1,1,1,3,1,4,6732.673267
1250,3,3,7000000,118,1,2,3,1,2,2,4,5600
1300,3,3,9600000,178,5,1,3,1,3,2,3,7384.615385
1340,3,3,10000000,178,1,1,3,1,3,3,3,7462.686567
1100,2,3,6500000,122,1,2,2,1,3,3,4,5909.090909
1400,3,3,7500000,25,1,1,2,1,3,3,4,5357.142857
1250,3,3,7800000,118,1,2,3,5,2,2,4,6240
1166,2,3,6174000,82,1,2,2,1,2,1,3,5295.025729
1250,3,3,7000000,118,1,2,3,2,2,1,4,5600
825,2,2,4500000,118,4,2,2,1,2,2,4,5454.545455
830,2,2,5500000,122,1,2,2,1,1,2,5,6626.506024
820,2,2,5300000,118,1,2,2,1,2,3,4,6463.414634
1450,3,3,8675000,118,1,2,2,1,5,1,3,5982.758621
1350,4,3,8000000,3,5,2,3,2,3,3,5,5925.925926
2600,5,4,30000000,2,2,2,3,2,3,3,5,11538.46154
2045,4,4,14000000,127,5,2,2,1,4,3,5,6845.96577
2100,3,3,22000000,37,1,2,2,1,4,3,5,10476.19048
1692,3,3,11500000,140,1,2,2,3,2,2,5,6796.690307
1240,3,3,7000000,11,1,2,1,1,2,1,3,5645.16129
1350,3,3,9445000,118,1,3,2,1,3,1,3,6996.296296
1672,3,3,9800000,140,1,2,2,1,2,3,5,5861.244019
1566,3,3,15000000,178,1,2,3,1,3,3,4,9578.544061
1554,3,3,11500000,118,2,1,1,2,5,3,5,7400.2574
1570,3,3,5600000,150,1,1,2,1,1,1,3,3566.878981
1554,3,3,11500000,118,1,1,1,1,5,3,5,7400.2574
1554,3,3,11500000,118,2,1,1,1,5,1,5,7400.2574
1554,3,3,11500000,118,1,1,1,1,5,3,5,7400.2574
1554,3,3,11500000,118,1,1,1,1,5,3,5,7400.2574
1630,3,3,8150000,127,1,2,2,1,4,3,3,5000
1554,3,3,11500000,118,4,1,1,1,5,1,5,7400.2574
1530,3,3,7650000,127,1,2,2,1,5,1,3,5000
1087,2,3,5200000,118,1,2,2,1,2,3,4,4783.808648
1420,3,3,7100000,127,1,1,2,1,3,1,3,5000
850,2,3,4800000,118,1,1,1,1,1,3,3,5647.058824
1806,3,3,12500000,127,1,2,2,1,3,1,3,6921.3732
1150,2,3,6600000,118,1,2,2,2,2,3,3,5739.130435
1100,3,3,4700000,122,1,1,2,1,1,3,4,4272.727273
1628,3,3,9000000,82,1,1,2,1,2,3,5,5528.255528
1879,4,3,19000000,37,1,2,1,3,5,2,5,10111.76158
1650,3,3,9075000,11,1,2,3,1,1,3,3,5500
1420,3,3,6700000,122,1,1,1,1,3,3,3,4718.309859
1420,3,3,6700000,122,3,1,1,1,3,2,3,4718.309859
1275,3,3,7394000,109,1,1,2,1,1,2,3,5799.215686
1250,3,3,5800000,122,1,2,2,1,2,3,4,4640
750,2,2,4500000,122,1,1,2,1,1,3,4,6000
1210,3,3,7500000,105,1,1,1,1,2,2,3,6198.347107
1010,2,3,6000000,116,1,2,2,1,3,2,4,5940.594059
1750,4,3,14000000,2,4,1,1,2,5,2,4,8000
1500,3,3,8000000,118,1,1,2,1,1,3,3,5333.333333
1400,2,4,9900000,166,1,1,2,1,3,3,4,7071.428571
1750,3,3,8500000,118,1,1,2,1,3,1,3,4857.142857
1605,3,3,13500000,118,3,1,3,2,3,3,3,8411.214953
1508,3,3,13300000,37,1,1,1,1,3,3,3,8819.628647
1180,2,3,7000000,118,1,2,2,1,4,3,3,5932.20339
1500,4,3,11000000,37,1,2,3,1,4,3,4,7333.333333
1553,3,3,11000000,118,1,2,3,2,5,3,5,7083.065035
935,2,2,4800000,118,1,2,2,3,5,3,4,5133.68984
825,2,2,4200000,65,1,1,2,1,1,3,3,5090.909091
1265,3,3,9800000,118,4,2,2,1,5,3,3,7747.035573
910,3,3,4500000,170,1,1,2,1,3,3,5,4945.054945
1175,2,3,5500000,82,1,2,3,1,4,2,3,4680.851064
2300,3,4,24000000,37,1,1,3,1,3,3,3,10434.78261
1162,3,3,6050000,105,5,2,3,2,4,1,2,5206.540448
1375,3,3,10300000,118,1,2,2,2,4,3,4,7490.909091
910,3,3,4500000,170,1,2,3,4,4,2,4,4945.054945
920,2,3,4500000,118,1,1,1,1,1,3,3,4891.304348
1550,3,3,12500000,37,1,2,2,1,3,3,3,8064.516129
1350,3,3,5500000,41,1,1,1,1,1,1,3,4074.074074
2400,4,5,11800000,58,1,1,3,1,3,2,3,4916.666667
2000,3,4,20000000,37,1,1,3,1,4,3,3,10000
2000,3,4,20000000,37,1,1,3,1,4,2,3,10000
1200,3,3,5200000,122,1,1,1,1,4,3,6,4333.333333
1400,3,3,8200000,122,5,2,2,1,3,2,4,5857.142857
1430,3,3,7750000,118,4,2,2,1,5,2,3,5419.58042
1450,3,3,10000000,37,1,1,2,1,3,2,3,6896.551724
1130,3,3,4700000,122,1,2,1,1,3,2,3,4159.292035
1680,3,3,17000000,178,1,1,1,1,3,3,3,10119.04762
650,2,2,3500000,118,1,1,3,1,4,3,3,5384.615385
1150,2,3,5750000,118,4,2,2,1,5,3,3,5000
815,2,2,3800000,118,4,1,1,2,1,2,3,4662.576687
2200,3,3,22000000,37,1,2,2,1,3,1,4,10000
1175,2,3,5600000,118,1,1,2,1,4,3,3,4765.957447
1220,2,3,5000000,118,1,1,2,1,3,3,3,4098.360656
1180,3,2,11800000,116,1,1,2,1,4,3,4,10000
1550,3,3,11800000,37,2,1,1,1,3,3,3,7612.903226
1250,3,3,7500000,118,1,2,2,2,2,3,4,6000
900,2,2,4350000,118,4,2,2,1,2,2,4,4833.333333
1330,3,3,7900000,25,1,1,1,5,1,3,4,5939.849624
1100,2,3,5500000,118,1,2,3,1,5,3,3,5000
1023,3,3,6500000,178,1,1,2,1,4,2,4,6353.861193
1265,3,3,6925000,118,5,2,2,1,5,3,3,5474.3083
800,2,2,4000000,58,1,1,3,2,3,1,3,5000
1232,3,3,7360000,118,1,2,2,2,5,3,3,5974.025974
1320,3,3,7000000,118,1,2,2,1,3,3,3,5303.030303
1553,3,3,12000000,118,1,1,1,1,5,2,3,7726.980039
1075,2,3,5200000,118,4,2,2,2,2,4,4,4837.209302
2200,3,3,18500000,118,1,2,3,1,3,2,3,8409.090909
1250,3,3,8500000,118,1,2,2,1,4,3,3,6800
1100,3,2,6500000,80,1,1,2,1,3,2,3,5909.090909
1350,3,3,6575000,118,5,2,2,1,2,3,4,4870.37037
1350,3,3,6575000,118,1,2,2,2,2,2,4,4870.37037
1350,3,3,6575000,118,1,2,2,1,2,3,4,4870.37037
3500,4,4,29000000,104,1,1,2,1,2,3,3,8285.714286
860,2,2,4900000,118,1,2,3,1,3,1,4,5697.674419
1350,3,3,6575000,118,1,2,2,1,2,3,4,4870.37037
900,2,2,5950000,145,1,1,1,1,4,2,4,6611.111111
1510,3,3,14000000,37,1,2,2,1,4,3,4,9271.523179
1212,3,3,6500000,122,1,2,1,2,4,3,4,5363.036304
1150,2,3,5675000,118,1,2,2,1,2,3,4,4934.782609
800,2,2,4600000,118,1,2,3,1,3,3,4,5750
1256,3,3,8700000,37,1,2,2,1,2,2,3,6926.751592
3355,4,4,39000000,178,1,1,2,1,5,3,3,11624.44113
1265,3,3,9500000,37,2,2,2,1,4,3,3,7509.881423
650,2,3,4500000,66,4,1,1,1,2,3,3,6923.076923
3355,4,4,39000000,178,1,1,2,1,5,1,3,11624.44113
2200,3,4,20000000,118,1,2,3,1,3,2,3,9090.909091
1375,3,3,12100000,118,1,2,2,1,5,2,3,8800
1375,3,3,12100000,118,1,2,2,1,5,1,3,8800
1375,3,3,12100000,118,5,2,2,2,5,2,3,8800
1515,3,3,7500000,77,1,1,1,1,2,2,3,4950.49505
1500,3,3,8800000,77,3,1,3,1,1,4,3,5866.666667
860,2,2,5000000,118,1,2,3,1,2,3,4,5813.953488
1535,3,3,7500000,118,1,2,2,2,4,3,5,4885.993485
1170,3,3,6500000,118,1,1,2,3,2,3,3,5555.555556
1500,4,3,10500000,178,1,2,3,2,3,3,4,7000
1150,3,3,6700000,47,1,1,2,2,2,2,3,5826.086957
1150,3,3,6700000,47,1,1,1,2,2,3,3,5826.086957
1375,3,3,8563000,109,1,1,2,1,2,3,3,6227.636364
1650,4,4,11500000,118,1,1,1,1,3,1,4,6969.69697
1461,3,3,7500000,122,1,2,2,2,4,2,3,5133.470226
1850,3,3,12000000,104,1,1,2,1,3,3,6,6486.486486
1692,3,3,11500000,140,1,2,2,1,2,3,5,6796.690307
1337,3,3,8100000,118,1,1,2,1,1,3,3,6058.339566
2150,4,4,17500000,37,1,1,2,1,3,2,3,8139.534884
1275,3,3,8000000,20,1,2,2,1,3,3,3,6274.509804
1425,3,3,9500000,114,1,1,3,1,4,3,3,6666.666667
2053,3,3,20000000,37,1,1,2,1,3,3,3,9741.841208
1450,3,3,7500000,63,2,1,2,1,1,2,3,5172.413793
1500,4,3,11500000,20,1,1,2,2,2,1,3,7666.666667
900,2,3,5200000,145,4,1,2,3,1,1,4,5777.777778
975,3,3,8400000,114,1,2,2,1,3,3,4,8615.384615
1390,3,3,9000000,14,1,2,2,3,5,1,4,6474.820144
1245,3,3,7000000,20,1,2,3,1,4,3,3,5622.48996
2600,4,4,13500000,20,4,1,3,1,5,3,3,5192.307692
1100,2,3,6800000,20,2,1,2,1,3,3,3,6181.818182
984,2,3,8200000,114,1,1,2,2,3,3,4,8333.333333
2343,3,3,22000000,178,1,1,2,1,3,2,4,9389.671362
3355,4,4,39000000,178,1,1,2,1,5,3,3,11624.44113
1320,3,3,9800000,118,1,1,1,1,3,2,3,7424.242424
1465,3,3,10500000,25,1,2,3,1,4,2,3,7167.235495
1800,3,3,17200000,37,4,1,2,2,3,3,3,9555.555556
1520,3,3,16000000,2,1,2,3,1,2,3,5,10526.31579
2001,3,4,15500000,25,1,1,2,2,5,3,4,7746.126937
1579,3,3,14600000,178,1,1,1,1,2,3,2,9246.358455
1450,3,3,11500000,25,1,1,3,1,4,2,3,7931.034483
1800,3,3,19000000,37,1,1,2,1,3,1,3,10555.55556
1500,3,3,11000000,15,1,1,3,3,4,2,4,7333.333333
1450,3,3,6000000,163,1,1,3,1,1,3,3,4137.931034
1200,2,2,7000000,118,1,2,1,1,4,2,4,5833.333333
1000,2,3,6200000,118,1,1,2,1,2,1,3,6200
1630,3,3,13500000,37,1,1,2,1,3,2,3,8282.208589
1000,2,3,5800000,118,1,2,2,1,2,3,3,5800
850,2,2,5200000,118,1,2,2,1,2,1,4,6117.647059
900,2,3,4800000,118,1,1,2,1,2,2,4,5333.333333
1600,3,3,9500000,118,1,2,2,1,2,3,4,5937.5
1480,3,3,11500000,118,1,2,2,1,2,1,4,7770.27027
1650,3,3,12000000,15,1,1,2,1,2,3,3,7272.727273
1300,3,3,12800000,124,1,1,2,5,2,2,3,9846.153846
832,2,2,3800000,20,1,1,3,2,4,1,3,4567.307692
1300,3,3,11000000,178,1,2,3,1,3,1,4,8461.538462
1300,3,3,5600000,41,1,2,1,1,2,3,4,4307.692308
1500,3,3,7000000,122,1,1,3,2,2,3,3,4666.666667
1365,3,3,8200000,20,1,2,2,3,2,1,3,6007.326007
1850,3,3,22200000,122,1,1,3,1,5,2,3,12000
1320,3,3,9200000,25,1,1,2,1,2,3,3,6969.69697
1965,3,4,18000000,37,1,2,3,1,4,2,4,9160.305344
1250,3,3,8600000,114,1,1,2,1,5,2,3,6880
1950,3,4,16500000,15,1,2,2,1,4,1,3,8461.538462
1609,3,3,14000000,178,1,1,2,1,5,3,3,8701.056557
1920,4,3,13500000,178,1,1,1,1,1,2,3,7031.25
1002,2,2,6800000,145,1,2,2,1,2,3,3,6786.427146
1580,3,3,12800000,118,2,2,2,1,2,3,4,8101.265823
1780,4,3,12500000,178,1,1,2,2,4,3,3,7022.47191
1300,3,3,13500000,37,1,1,2,4,3,3,3,10384.61538
1530,4,4,10800000,118,1,2,2,1,2,2,4,7058.823529
1700,4,4,10000000,118,5,2,2,1,2,2,4,5882.352941
2720,4,5,20500000,122,1,2,2,5,4,2,3,7536.764706
1100,3,3,22000,122,1,2,2,5,5,3,4,20
3900,4,4,210000,73,2,2,2,1,2,2,4,53.84615385
1300,3,3,40000,37,1,2,2,1,4,3,5,30.76923077
1500,3,3,35000,178,1,1,3,2,2,2,4,23.33333333
1350,3,3,20000,37,1,1,3,1,4,1,3,14.81481481
1825,4,3,60000,178,1,2,1,1,3,2,4,32.87671233
650,2,2,18000,122,1,1,2,3,2,1,4,27.69230769
1700,3,3,27000,118,1,2,1,1,2,2,5,15.88235294
1450,3,3,70000,178,1,2,2,1,4,1,4,48.27586207
1450,3,3,90000,31,5,2,3,2,4,3,6,62.06896552
1650,5,3,58000,112,3,1,1,1,4,3,3,35.15151515
1150,2,3,14000,122,1,1,1,1,4,1,4,12.17391304
1200,3,3,12000,122,1,1,2,1,3,3,4,10
1300,3,3,40000,37,1,2,1,1,4,3,5,30.76923077
1800,3,3,30000,127,1,2,1,1,2,2,3,16.66666667
1300,3,3,40000,37,4,2,1,1,4,2,5,30.76923077
1600,3,3,28000,80,1,1,1,1,3,3,3,17.5
2400,3,3,120000,73,1,2,2,2,4,2,5,50
1350,3,3,20000,37,1,1,3,1,4,3,3,14.81481481
1500,3,3,75000,37,1,2,2,1,4,3,5,50
1100,2,3,17000,118,1,2,2,1,5,3,3,15.45454545
1250,3,3,17500,118,1,1,2,2,2,3,3,14
1385,3,3,22000,118,3,1,2,2,3,3,3,15.88447653
1750,4,4,22000,122,3,2,2,2,3,3,4,12.57142857
1400,2,3,22000,37,1,2,3,1,4,3,4,15.71428571
1400,3,3,21000,140,1,2,2,1,3,3,4,15
1300,3,3,40000,37,1,2,2,1,4,3,5,30.76923077
2000,4,4,30000,122,2,2,2,1,4,1,4,15
1750,3,3,35000,104,1,1,1,1,1,1,4,20
1350,3,3,19000,37,1,1,3,1,4,3,3,14.07407407
1260,3,3,22000,122,1,2,2,1,4,2,4,17.46031746
1350,3,3,20000,37,3,1,3,1,4,2,3,14.81481481
1350,3,3,65000,104,1,1,2,1,1,2,4,48.14814815
1360,3,3,32000,122,1,2,2,1,4,1,4,23.52941176
2200,3,3,75000,31,1,1,2,1,1,3,3,34.09090909
1400,3,3,25000,104,1,1,2,1,1,2,3,17.85714286
1250,3,3,25000,122,1,1,2,1,3,1,4,20
2300,3,3,120000,31,1,1,3,1,1,3,3,52.17391304
1500,3,3,55000,178,1,1,2,1,2,3,4,36.66666667
1450,3,3,25000,178,1,2,3,1,3,1,4,17.24137931
750,2,2,16000,122,1,1,2,1,2,2,4,21.33333333
2000,3,3,32000,61,1,1,1,1,4,3,3,16
900,2,2,16000,122,5,2,2,1,1,3,4,17.77777778
1900,4,3,50000,61,1,2,1,1,2,1,2,26.31578947
2900,3,3,80000,178,1,1,2,1,1,3,3,27.5862069
1000,2,2,12000,118,1,2,1,2,3,3,3,12
1850,4,3,23000,37,1,2,1,1,4,3,3,12.43243243
1415,3,3,22000,118,1,1,2,2,3,3,3,15.54770318
2250,3,3,78000,37,1,1,3,1,3,1,3,34.66666667
3680,4,3,150000,73,1,2,2,1,4,1,3,40.76086957
1250,3,2,35000,79,1,1,2,1,3,2,4,28
2600,4,4,65000,178,3,1,2,2,5,2,3,25
1250,3,3,16000,118,4,1,2,2,2,2,3,12.8
2530,4,4,33000,37,1,2,1,1,4,2,3,13.04347826
500,1,1,12000,61,2,1,2,2,3,3,3,24
1365,3,3,20000,13,1,1,2,4,1,1,4,14.65201465
1200,3,3,15000,47,1,1,1,1,3,3,3,12.5
1570,3,3,35000,178,1,1,1,2,2,3,3,22.29299363
2100,3,3,90000,73,1,2,2,1,4,3,3,42.85714286
1850,4,3,23000,37,1,2,2,1,4,3,3,12.43243243
2201,3,4,30000,25,4,2,2,1,4,3,4,13.63016811
2750,3,3,150000,73,4,2,2,1,4,3,5,54.54545455
1850,4,3,23000,37,1,2,2,1,4,3,3,12.43243243
1200,3,3,22000,47,1,1,2,1,3,3,4,18.33333333
1050,2,3,20000,122,1,2,1,2,3,3,4,19.04761905
3302,5,5,80000,37,1,2,3,1,4,3,5,24.22774076
1100,2,3,16000,118,3,1,2,1,5,1,3,14.54545455
1300,3,3,25000,104,1,1,2,2,1,3,3,19.23076923
1850,3,3,45000,178,1,2,1,1,3,2,3,24.32432432
1100,3,3,20000,122,2,1,2,1,3,2,2,18.18181818
1050,2,3,20000,122,1,2,1,2,3,3,4,19.04761905
1400,3,3,30000,104,1,1,2,1,1,1,3,21.42857143
3500,4,4,270000,31,1,1,1,1,3,3,3,77.14285714
1254,3,3,16000,63,1,2,2,1,1,3,3,12.75917065
1650,3,3,27000,37,1,1,2,1,3,3,3,16.36363636
2010,3,3,42000,37,5,1,1,1,4,3,3,20.89552239
1200,2,3,16000,11,3,1,2,1,1,3,3,13.33333333
1350,3,3,21000,114,1,1,2,1,5,1,3,15.55555556
2050,5,4,22000,122,4,1,1,1,4,3,3,10.73170732
3000,4,4,130000,104,1,1,2,1,1,1,3,43.33333333
1990,3,3,45000,66,2,2,1,1,5,3,3,22.61306533
1500,3,3,30000,178,1,1,2,1,5,2,3,20
1500,3,2,115000,31,1,1,2,1,4,3,3,76.66666667
2300,3,3,42000,37,1,2,2,1,5,3,4,18.26086957
1850,4,3,23000,37,2,2,3,1,3,1,4,12.43243243
1580,3,3,25000,104,1,1,2,1,1,3,3,15.82278481
1450,3,3,23000,104,1,1,2,1,4,2,4,15.86206897
1650,4,3,30000,37,1,2,1,2,3,2,5,18.18181818
1840,4,3,50000,178,1,1,1,1,2,1,3,27.17391304
1250,3,3,23000,118,2,1,1,1,2,2,4,18.4
2450,4,5,70000,118,4,2,1,1,2,3,2,28.57142857
1650,3,4,25000,145,1,2,1,2,3,2,4,15.15151515
2380,4,3,130000,22,4,3,2,1,2,1,3,54.62184874
1400,3,3,20000,104,1,1,2,1,1,2,3,14.28571429
900,2,2,18000,122,1,1,2,1,3,3,4,20
1850,4,3,23000,37,1,2,3,2,3,3,4,12.43243243
1300,3,3,20000,118,2,1,2,1,5,2,3,15.38461538
1100,3,3,15000,122,4,1,2,2,3,3,4,13.63636364
1050,3,3,16000,25,1,2,2,1,3,3,2,15.23809524
2250,3,3,130000,73,1,2,2,1,4,2,6,57.77777778
2650,5,6,70000,37,1,2,3,1,4,1,4,26.41509434
2200,4,3,45000,104,1,2,2,1,3,1,5,20.45454545
1300,3,3,17000,162,1,2,2,3,3,2,4,13.07692308
1370,3,3,35000,20,1,2,2,1,3,3,5,25.54744526
1050,2,3,20000,122,1,2,1,2,3,3,4,19.04761905
1050,2,3,20000,122,5,2,1,2,3,1,4,19.04761905
1000,3,3,16000,122,1,2,3,1,3,2,4,16
3000,5,5,75000,37,1,1,2,1,4,3,3,25
1700,3,2,70000,121,1,1,2,2,3,2,3,41.17647059
1350,3,3,26000,118,1,2,3,1,2,2,4,19.25925926
1550,4,3,27000,118,2,2,3,1,5,3,4,17.41935484
1560,3,3,30000,66,4,2,2,1,3,3,4,19.23076923
600,2,2,16000,122,1,1,2,2,5,3,2,26.66666667
2650,4,3,120000,73,1,1,2,2,1,3,3,45.28301887
2200,3,4,30000,25,1,2,2,1,4,3,4,13.63636364
1754,3,3,40000,122,1,1,2,3,4,3,5,22.8050171
1530,3,3,26000,17,1,1,2,1,3,3,3,16.99346405
1530,3,3,26000,17,1,1,1,1,3,2,3,16.99346405
1730,3,3,35000,145,1,2,2,1,3,1,4,20.23121387
1300,3,3,17000,162,1,2,2,1,3,3,4,13.07692308
1530,3,3,26000,17,1,1,3,1,3,3,3,16.99346405
1100,3,3,20000,118,1,1,1,1,3,3,4,18.18181818
2350,4,3,45000,37,1,1,1,5,3,3,4,19.14893617
750,2,2,15000,25,1,3,2,2,2,2,2,20
2350,3,3,160000,73,4,1,2,1,2,2,3,68.08510638
2100,5,4,33000,122,1,2,3,1,4,3,4,15.71428571
1200,3,3,16000,11,1,2,3,1,2,3,3,13.33333333
1730,3,3,35000,145,1,2,2,1,3,3,4,20.23121387
750,2,2,23000,111,1,2,1,2,4,2,3,30.66666667
2600,4,4,75000,61,1,1,1,1,1,3,3,28.84615385
700,2,2,12500,58,1,2,3,1,2,1,3,17.85714286
2000,3,3,80000,178,3,2,2,1,5,2,5,40
930,2,3,11300,11,1,1,2,3,4,3,3,12.15053763
1100,3,3,16000,118,4,1,3,1,2,2,3,14.54545455
1700,4,3,30000,104,1,1,2,1,2,3,3,17.64705882
2900,5,4,50000,178,2,2,2,1,2,3,4,17.24137931
1905,4,3,50000,178,3,1,2,1,3,3,3,26.24671916
1500,3,3,30000,104,1,1,2,1,1,1,3,20
2600,4,4,50000,178,4,1,2,1,5,3,3,19.23076923
1700,3,3,100000,31,1,1,3,1,2,1,3,58.82352941
2200,3,4,30000,25,1,2,2,1,4,2,4,13.63636364
2700,4,4,140000,73,1,2,2,1,2,2,3,51.85185185
1180,2,3,23000,20,3,1,1,1,4,3,4,19.49152542
5000,7,5,120000,37,1,2,2,1,5,3,5,24
2530,4,4,33000,37,1,2,1,1,4,2,3,13.04347826
3500,4,4,230000,31,1,1,2,1,4,3,4,65.71428571
3500,4,4,230000,31,1,1,2,1,4,1,4,65.71428571
6500,5,4,300000,135,1,1,1,1,1,3,4,46.15384615
2550,3,3,70000,73,1,2,3,1,3,3,3,27.45098039
1200,2,2,100000,178,1,1,2,1,3,3,3,83.33333333
8000,5,4,350000,73,1,2,2,2,5,2,4,43.75
5200,4,4,310000,73,2,2,1,1,1,3,3,59.61538462
2500,3,3,100000,178,2,2,2,1,1,3,3,40
5500,5,4,160000,112,1,1,1,2,2,3,3,29.09090909
2500,3,3,150000,73,1,2,2,1,5,2,3,60
4700,5,4,300000,31,1,2,3,2,5,1,5,63.82978723
1500,3,3,45000,178,5,2,2,1,2,1,3,30
950,3,3,22000,185,1,1,1,2,2,3,3,23.15789474
2150,3,3,35000,178,4,1,2,1,2,3,3,16.27906977
1600,3,3,27000,37,4,1,1,2,3,3,3,16.875
2900,4,4,80000,178,1,1,3,1,3,2,1,27.5862069
5400,5,4,350000,73,1,2,2,1,3,1,3,64.81481481
600,1,2,16000,122,1,1,1,1,3,3,3,26.66666667
1350,3,3,25000,20,1,1,2,1,4,3,4,18.51851852
2275,4,3,45000,37,1,2,1,1,4,2,3,19.78021978
1409,3,3,32000,170,1,2,1,1,2,3,3,22.71114265
7500,6,5,350000,61,1,1,2,1,3,1,2,46.66666667
1560,3,3,70000,104,1,1,2,1,1,3,3,44.87179487
3500,4,4,220000,31,1,1,2,1,4,1,4,62.85714286
1375,3,3,16000,118,3,2,1,1,2,3,4,11.63636364
2700,3,3,60000,122,1,1,1,1,2,3,3,22.22222222
1600,3,3,40000,66,1,2,1,2,2,3,3,25
2200,3,4,30000,25,1,1,1,1,3,3,4,13.63636364
1650,3,3,35000,135,1,1,1,2,1,2,4,21.21212121
1500,3,3,18000,37,1,2,2,1,2,2,3,12
1500,3,3,18000,37,2,2,2,1,2,2,3,12
2400,3,3,70000,73,2,2,2,1,4,3,3,29.16666667
1500,3,3,25000,135,4,1,1,1,2,3,4,16.66666667
3200,4,4,200000,31,1,1,1,1,2,1,3,62.5
1400,3,3,30000,104,1,1,2,3,1,1,3,21.42857143
1300,3,3,20000,122,1,1,1,1,4,2,5,15.38461538
1600,3,3,25000,37,1,1,3,1,3,3,3,15.625
2600,3,3,100000,73,1,2,2,1,4,1,5,38.46153846
3000,4,4,135000,73,1,2,2,1,4,3,3,45
11200,8,7,300000,178,1,2,3,1,3,3,3,26.78571429
1665,3,3,45000,20,1,2,1,1,1,3,4,27.02702703
1200,3,3,22000,122,1,1,3,1,4,3,4,18.33333333
1250,3,3,21000,37,1,2,2,1,4,3,3,16.8
6300,5,4,350000,31,1,2,2,1,4,1,3,55.55555556
2530,4,4,33000,37,1,2,3,1,3,3,4,13.04347826
1288,3,3,30000,79,1,2,2,1,5,2,4,23.29192547
3000,3,3,100000,37,2,1,2,1,2,2,4,33.33333333
1100,3,3,20000,118,2,1,1,1,3,3,4,18.18181818
5600,8,6,180000,61,1,1,2,3,4,3,3,32.14285714
1230,3,3,30000,15,3,2,2,1,4,2,3,24.3902439
1150,3,3,17000,122,1,1,1,1,1,3,3,14.7826087
3100,5,4,75000,37,1,1,2,1,3,3,3,24.19354839
3000,3,3,100000,37,4,1,2,2,2,3,4,33.33333333
1150,3,3,19000,118,1,1,2,1,2,3,3,16.52173913
1450,4,3,26000,37,1,2,3,2,4,3,4,17.93103448
750,2,2,15000,122,1,2,2,1,2,3,3,20
1400,3,3,32000,178,5,1,1,1,2,2,4,22.85714286
1230,3,3,30000,15,1,1,1,1,3,3,3,24.3902439
1230,3,3,30000,15,1,1,1,1,3,2,3,24.3902439
1230,3,3,30000,15,1,1,1,2,3,3,3,24.3902439
1230,3,3,30000,15,1,2,2,1,4,1,3,24.3902439
1230,3,3,30000,15,1,2,2,1,4,3,3,24.3902439
1230,3,3,30000,15,1,2,3,4,4,3,3,24.3902439
4000,6,5,130000,102,1,1,2,1,2,3,3,32.5
2800,3,3,80000,37,1,1,2,1,2,2,4,28.57142857
900,2,2,15000,122,1,2,2,1,1,3,2,16.66666667
1500,3,3,40000,66,1,2,3,2,6,3,4,26.66666667
2000,4,3,35000,178,1,1,2,1,1,1,2,17.5
1000,2,3,22000,178,1,1,2,2,3,3,2,22
1250,3,3,20000,37,1,1,2,1,3,3,3,16
1500,3,3,30000,178,1,2,3,1,3,2,3,20
3500,4,4,220000,31,1,1,2,1,4,2,4,62.85714286
1150,3,3,20000,122,2,1,2,3,3,2,5,17.39130435
2750,4,4,120000,61,1,1,2,1,3,2,4,43.63636364
1950,4,3,30000,37,1,1,3,1,3,1,3,15.38461538
2250,5,3,32000,37,1,1,2,1,3,1,4,14.22222222
1800,4,3,40000,178,1,1,3,1,4,3,3,22.22222222
1800,4,3,60000,178,2,1,2,1,5,2,4,33.33333333
1400,4,3,25000,178,1,2,3,1,3,1,4,17.85714286
2500,4,4,30000,37,1,2,2,2,3,3,3,12
1400,3,3,32000,178,4,2,1,2,2,2,3,22.85714286
1550,4,4,25000,122,1,1,1,2,3,3,3,16.12903226
1600,4,3,34000,92,1,1,3,1,5,2,5,21.25
800,2,2,22000,37,1,1,1,1,3,2,3,27.5
3200,4,4,200000,31,1,1,2,1,2,2,3,62.5
1150,2,2,15000,118,4,1,2,1,2,1,3,13.04347826
3500,4,4,220000,31,1,1,2,1,4,2,4,62.85714286
1250,3,3,26000,122,1,1,2,1,2,3,4,20.8
2600,3,3,75000,22,1,2,1,1,1,3,4,28.84615385
1100,2,3,14000,122,1,1,2,1,3,2,4,12.72727273
1280,3,3,28000,170,1,1,2,2,3,1,3,21.875
2200,3,2,120000,73,1,1,2,1,2,1,2,54.54545455
600,2,2,16000,166,1,1,2,1,4,2,3,26.66666667
1200,3,3,15000,122,2,1,3,2,3,3,4,12.5
1600,3,3,30000,104,1,1,1,1,1,3,3,18.75
1315,3,3,26000,0,4,2,2,1,2,3,3,19.77186312
1250,3,3,20000,37,1,2,3,1,4,3,4,16
2146,4,3,55000,178,3,2,2,1,5,1,3,25.62907735
2000,3,3,40000,37,1,2,1,1,5,1,4,20
1600,3,3,35000,178,2,1,2,1,3,3,4,21.875
1700,4,3,30000,15,4,1,2,1,3,3,3,17.64705882
1600,3,3,70000,104,4,2,3,2,2,3,4,43.75
2200,5,4,110000,104,1,2,3,1,5,2,4,50
1150,3,3,22000,20,1,2,1,2,4,3,3,19.13043478
2000,4,4,35000,104,1,1,1,1,4,3,4,17.5
1205,3,3,22000,14,1,1,2,1,3,1,4,18.25726141
900,3,3,30000,92,1,2,2,1,1,3,3,33.33333333
2300,3,3,90000,73,1,2,2,1,4,2,3,39.13043478
3200,4,4,250000,73,1,2,2,1,4,2,5,78.125
1700,4,3,20000,122,1,2,3,3,4,3,4,11.76470588
3500,4,4,220000,31,1,1,2,1,4,1,4,62.85714286
1350,4,3,22000,118,1,2,2,2,2,2,3,16.2962963
1911,3,3,35000,178,1,1,1,1,3,2,4,18.31501832
3865,4,4,275000,73,1,2,2,1,4,3,4,71.15135834
2500,4,4,55000,31,1,1,2,1,1,3,2,22
1150,2,2,20000,79,1,2,2,1,3,2,4,17.39130435
3350,4,4,100000,178,1,1,2,2,5,2,3,29.85074627
1800,3,3,32000,37,3,2,2,1,4,2,4,17.77777778
1700,4,3,20000,122,2,2,3,3,4,3,4,11.76470588
1500,3,3,18000,37,1,2,2,1,4,2,4,12
1350,4,2,30000,104,1,2,3,3,4,3,4,22.22222222
2100,3,3,45000,178,2,1,2,2,3,3,2,21.42857143
1250,3,3,23000,37,1,3,1,1,3,2,3,18.4
1090,2,3,17000,122,1,1,2,1,3,2,5,15.59633028
1050,2,3,21000,145,1,1,1,1,3,3,4,20
1650,4,3,20000,14,2,2,1,2,2,3,4,12.12121212
1706,3,3,28000,118,1,2,2,2,4,2,3,16.4126612
1150,3,3,22000,20,5,1,1,2,3,3,3,19.13043478
1150,3,3,22000,20,2,1,1,1,4,3,4,19.13043478
1250,3,3,23000,37,1,2,2,1,3,2,3,18.4
2100,3,3,35000,37,1,2,1,2,3,2,3,16.66666667
1356,3,3,28000,20,1,1,2,1,3,2,5,20.64896755
1200,2,4,25000,118,1,1,1,1,2,2,3,20.83333333
3590,5,4,200000,23,1,2,2,1,2,2,3,55.71030641
1750,4,3,30000,37,1,2,3,2,4,3,5,17.14285714
3200,5,4,100000,37,1,2,2,1,1,1,2,31.25
2000,4,3,45000,92,1,1,1,1,4,3,3,22.5
1760,4,3,32000,178,5,2,3,1,3,2,4,18.18181818
3200,4,4,250000,73,5,2,2,1,4,3,5,78.125
1250,3,3,23000,37,2,1,1,1,3,3,3,18.4
2000,3,3,70000,112,1,1,2,1,3,3,3,35
1400,3,3,35000,178,1,1,1,1,2,3,3,25
960,2,3,13000,118,1,1,1,1,4,3,3,13.54166667
3600,5,5,200000,73,3,2,3,1,3,1,4,55.55555556
960,2,3,13000,118,1,1,1,2,4,2,3,13.54166667
1500,3,3,15000,122,1,2,1,2,3,3,4,10
1580,3,3,20000,41,4,1,1,5,1,1,3,12.65822785
500,1,1,10000,122,1,1,1,1,2,3,7,20
1600,4,3,20000,178,1,1,1,1,1,3,2,12.5
2400,4,3,125000,73,1,2,2,1,3,3,4,52.08333333
800,2,2,15000,20,1,1,2,1,4,2,3,18.75
1250,3,3,23000,37,4,2,2,1,3,3,3,18.4
1600,3,3,35000,61,1,1,1,2,2,2,4,21.875
2250,4,3,50000,178,3,2,3,1,3,2,4,22.22222222
800,2,2,18500,122,1,2,2,1,1,2,4,23.125
1650,3,3,85000,22,1,2,3,3,2,3,4,51.51515152
1250,3,3,23000,37,1,1,2,1,3,1,3,18.4
1500,2,2,27000,178,1,2,1,1,3,3,4,18
1250,3,3,21000,37,1,1,2,1,3,2,3,16.8
1300,3,3,25000,118,2,2,1,1,3,3,3,19.23076923
1350,3,3,25000,2,1,2,1,1,2,3,4,18.51851852
2400,3,3,150000,73,1,2,2,2,3,2,4,62.5
1676,3,3,35000,178,2,1,2,1,5,3,3,20.88305489
1500,3,4,40000,178,1,2,1,3,2,2,3,26.66666667
1660,3,3,35000,2,1,3,2,1,3,3,2,21.08433735
1150,3,3,18000,122,4,1,2,1,3,3,4,15.65217391
31500,10,36,2000000,31,1,2,1,2,1,2,2,63.49206349
1620,3,3,30000,15,1,1,1,1,3,2,4,18.51851852
7000,8,6,750000,31,1,1,2,1,4,3,2,107.1428571
1975,4,3,42000,178,1,1,2,2,5,3,3,21.26582278
550,1,1,12000,118,1,1,2,2,2,3,3,21.81818182
3200,4,4,250000,73,1,2,2,2,5,3,5,78.125
1250,3,3,20000,37,3,2,2,1,3,1,3,16
1600,4,4,25000,118,1,1,1,1,3,2,4,15.625
1850,3,3,46000,61,2,2,3,2,3,3,4,24.86486486
1250,3,3,22000,118,1,2,2,1,1,2,3,17.6
2000,5,4,80000,104,1,1,2,1,1,1,3,40
1850,4,3,43000,61,5,2,3,1,3,3,4,23.24324324
1300,3,3,22000,15,1,1,1,1,4,3,4,16.92307692
1250,3,3,15000,122,1,1,2,1,1,3,3,12
1400,3,3,20000,104,3,1,2,1,3,1,3,14.28571429
750,2,2,16000,122,1,1,2,1,1,3,4,21.33333333
3000,4,3,80000,104,2,1,2,3,1,2,3,26.66666667
1200,3,3,18000,14,1,2,1,1,1,3,4,15
1320,3,3,18500,14,2,1,2,1,1,3,4,14.01515152
2500,5,4,65000,37,1,1,1,1,2,3,3,26
1200,3,3,19000,14,1,2,1,2,1,3,4,15.83333333
1400,3,3,25000,162,1,1,1,1,4,3,4,17.85714286
1750,3,3,45000,178,1,1,2,1,3,1,3,25.71428571
2000,4,4,35000,25,1,2,3,1,4,3,4,17.5
1762,3,3,70000,104,1,1,2,1,1,3,3,39.72758229
1550,3,4,25000,37,1,1,2,1,4,3,4,16.12903226
2500,4,3,35000,37,1,2,2,1,5,3,4,14
3750,5,5,150000,61,1,1,2,1,3,3,3,40
1560,3,3,26000,25,4,1,2,1,3,2,2,16.66666667
1825,3,3,45000,178,1,1,2,1,1,3,3,24.65753425
6852,5,4,700000,73,2,2,2,1,3,3,3,102.1599533
2600,4,3,170000,31,1,1,1,3,3,3,3,65.38461538
3000,3,5,120000,178,1,1,1,1,1,3,3,40
1425,3,3,23500,104,1,1,2,1,1,2,3,16.49122807
1250,3,3,15000,122,3,1,3,1,2,1,3,12
1250,3,3,15000,122,3,1,1,1,4,3,3,12
2300,3,3,75000,31,1,2,2,1,1,3,3,32.60869565
2300,3,3,150000,31,2,2,2,1,4,2,3,65.2173913
4200,4,4,250000,73,1,2,3,1,2,3,3,59.52380952
2115,3,3,100000,104,1,1,2,1,1,3,3,47.28132388
2145,3,3,60000,178,1,1,1,3,3,3,3,27.97202797
3800,5,4,250000,31,1,2,2,1,2,3,3,65.78947368
2300,4,4,50000,37,2,1,2,1,3,2,3,21.73913043
2700,3,3,150000,23,3,2,3,2,4,2,4,55.55555556
1200,3,3,17000,37,1,1,3,2,4,3,3,14.16666667
1100,2,2,18000,15,1,1,1,1,5,2,4,16.36363636
1400,3,3,25000,104,1,1,2,1,2,3,3,17.85714286
1400,3,3,35000,178,1,1,1,2,2,1,3,25
1150,2,3,22000,122,1,1,3,1,3,2,4,19.13043478
400,1,1,25000,178,5,2,1,1,4,2,3,62.5
1150,2,3,22000,122,1,1,3,1,3,2,4,19.13043478
1200,2,3,18000,58,3,2,2,1,1,2,3,15
3000,3,5,120000,178,1,1,1,1,1,3,3,40
3000,3,5,120000,178,5,1,1,1,1,1,3,40
2200,4,3,35000,37,1,1,3,3,4,3,4,15.90909091
1319,4,3,26000,37,1,1,2,1,2,3,2,19.71190296
3150,4,4,100000,178,1,1,2,1,3,3,3,31.74603175
500,1,1,10000,122,4,2,2,4,1,2,2,20
1250,3,3,15000,122,1,1,1,1,3,3,3,12
1050,2,3,21000,145,1,1,1,1,3,1,4,20
1888,4,3,50000,37,5,2,3,1,4,3,5,26.48305085
1750,4,3,40000,178,2,1,1,1,2,2,2,22.85714286
3200,4,4,150000,73,2,2,2,2,3,3,4,46.875
2100,4,4,60000,178,1,2,2,1,1,1,3,28.57142857
2280,4,4,70000,37,1,1,2,1,4,1,3,30.70175439
900,2,2,17000,122,1,1,2,1,1,1,5,18.88888889
950,2,3,20000,118,2,1,2,1,2,3,3,21.05263158
2280,4,4,70000,37,1,1,2,1,4,1,3,30.70175439
1100,2,2,18000,15,2,1,1,2,5,1,4,16.36363636
1400,3,3,25000,104,1,1,2,1,2,3,3,17.85714286
1300,3,3,22000,15,2,1,1,1,4,2,4,16.92307692
1250,3,3,20000,25,4,2,2,1,5,3,3,16
1200,3,3,17000,37,2,1,2,3,4,3,3,14.16666667
1300,3,3,22000,15,1,1,1,1,4,3,4,16.92307692
1300,3,3,30000,20,4,1,3,1,3,3,2,23.07692308
2000,3,3,35000,104,1,1,2,1,1,3,3,17.5
2600,3,3,100000,73,1,2,3,1,2,2,3,38.46153846
1500,3,3,25000,162,1,2,1,1,3,2,4,16.66666667
1500,3,3,21000,122,2,1,2,1,1,3,4,14
2500,4,4,250000,73,1,2,2,1,4,3,5,100
1300,3,3,22000,15,1,1,1,1,4,1,4,16.92307692
1513,4,3,45000,122,1,2,3,2,6,3,4,29.74223397
2575,3,3,120000,73,1,2,1,1,4,2,3,46.60194175
1100,2,2,18000,15,1,1,1,2,5,4,4,16.36363636
1100,3,3,20000,122,1,2,3,1,4,3,4,18.18181818
700,2,2,12000,58,2,2,2,1,1,2,2,17.14285714
1932,4,3,30000,104,1,2,3,1,2,1,5,15.52795031
1288,3,3,18000,118,5,2,2,1,2,1,3,13.97515528
1800,4,3,35000,37,1,1,3,1,3,3,3,19.44444444
920,2,2,16500,122,4,1,3,1,3,2,5,17.93478261
2100,3,3,35000,104,1,1,2,1,1,3,3,16.66666667
800,2,2,12000,58,1,2,3,1,2,3,4,15
2650,4,4,60000,178,1,2,1,1,4,2,3,22.64150943
1200,3,3,27000,118,4,1,1,1,3,2,4,22.5
1050,2,3,16000,118,3,2,1,1,3,3,3,15.23809524
3000,5,5,75000,37,1,1,2,1,4,3,3,25
1230,3,3,18000,118,1,2,1,2,3,2,3,14.63414634
3000,5,5,75000,37,1,1,2,1,4,1,3,25
500,1,1,16000,133,1,1,2,2,1,3,4,32
2000,4,3,85000,61,1,1,1,1,4,1,3,42.5
1449,3,3,18000,118,1,1,2,1,2,2,3,12.42236025
850,2,2,16000,14,1,2,2,1,2,3,4,18.82352941
1600,4,3,30000,104,1,2,2,1,1,3,3,18.75
1000,2,2,22000,178,1,1,2,1,3,3,3,22
960,2,2,14000,174,1,2,3,2,3,2,4,14.58333333
1300,3,3,18000,83,5,1,2,1,1,3,4,13.84615385
1355,4,3,25000,104,1,1,2,1,1,2,3,18.4501845
2200,4,3,35000,104,1,2,2,1,1,3,3,15.90909091
2250,4,3,50000,66,1,2,1,1,3,2,4,22.22222222
1700,4,3,25000,104,1,1,2,1,1,3,3,14.70588235
1500,3,3,25000,104,1,1,2,1,3,2,3,16.66666667
1100,2,2,18000,15,1,1,1,1,5,3,4,16.36363636
2500,3,3,50000,178,1,1,2,1,5,3,3,20
4000,6,5,420000,22,3,2,3,1,4,3,2,105
1100,2,3,17000,118,1,2,1,1,3,2,3,15.45454545
2200,3,4,30000,25,1,2,2,3,4,1,4,13.63636364
1750,3,3,30000,15,1,2,2,2,3,3,3,17.14285714
2400,3,3,60000,178,1,2,1,1,3,3,2,25
1560,3,3,30000,66,1,2,2,1,3,3,4,19.23076923
1500,3,3,50000,178,1,2,3,3,3,2,4,33.33333333
8000,5,4,350000,73,1,2,3,1,3,3,3,43.75
1350,3,3,60000,118,1,1,3,1,3,1,4,44.44444444
2365,4,3,70000,104,4,2,3,1,2,3,5,29.59830867
1150,3,3,20000,118,2,1,3,1,1,3,3,17.39130435
2200,3,4,45000,178,1,1,2,2,5,3,3,20.45454545
2400,3,3,55000,37,1,2,2,2,5,3,5,22.91666667
16100,10,21,1000000,178,1,1,2,1,3,2,4,62.11180124
2200,3,3,130000,73,1,1,1,1,2,1,3,59.09090909
1100,2,2,18000,15,1,1,1,1,5,2,4,16.36363636
2500,4,4,35000,37,1,1,3,1,4,2,3,14
6600,6,5,420000,73,1,2,3,1,2,3,4,63.63636364
1550,4,3,28000,37,1,2,2,1,4,3,4,18.06451613
4500,4,3,450000,31,1,2,2,1,4,3,3,100
2153,3,3,50000,178,1,1,1,1,1,2,3,23.2234092
1400,3,3,25000,37,3,2,3,1,4,3,4,17.85714286
1530,3,3,26000,17,1,1,2,1,1,4,3,16.99346405
2400,4,3,55000,37,3,2,2,1,5,3,5,22.91666667
1600,4,3,22000,118,5,1,3,1,4,1,3,13.75
900,2,2,16000,14,1,1,2,2,2,2,4,17.77777778
1700,4,3,50000,61,1,1,1,1,2,3,3,29.41176471
1050,2,3,16000,118,1,2,1,1,3,3,3,15.23809524
1100,2,3,17000,118,1,2,1,1,3,1,3,15.45454545
750,2,2,16000,118,4,1,2,1,2,3,3,21.33333333
2500,4,3,110000,121,1,1,2,1,3,3,3,44
3200,4,4,120000,73,2,2,2,3,3,2,3,37.5
1530,3,3,26000,17,4,1,1,1,1,1,3,16.99346405
1600,3,3,30000,178,1,1,2,1,2,3,4,18.75
950,2,3,18000,118,2,1,2,2,2,1,3,18.94736842
2800,6,6,55000,37,1,2,1,1,4,1,3,19.64285714
2200,4,3,32000,37,1,1,1,1,2,3,2,14.54545455
1600,3,3,42000,47,1,1,3,1,4,1,4,26.25
2150,3,3,45000,37,2,1,2,1,4,1,4,20.93023256
1530,4,3,30000,37,1,2,2,1,4,3,5,19.60784314
3000,4,4,130000,32,1,1,2,1,2,1,3,43.33333333
5400,8,7,650000,73,2,1,2,2,4,3,2,120.3703704
1200,3,3,20000,14,1,1,2,1,3,1,4,16.66666667
2960,4,4,110000,22,1,1,1,1,3,3,4,37.16216216
900,2,2,22000,178,2,1,2,1,3,1,3,24.44444444
12000,7,5,800000,31,1,2,2,3,4,3,3,66.66666667
1530,3,3,26000,17,1,1,2,1,1,3,3,16.99346405
1600,3,3,19050,77,1,1,1,1,3,2,3,11.90625
2550,5,4,60000,104,1,1,2,1,2,3,4,23.52941176
1650,4,4,32000,25,1,2,1,1,3,3,4,19.39393939
2100,4,4,55000,14,1,1,2,2,4,2,4,26.19047619
3200,5,4,140000,22,1,2,2,1,2,1,3,43.75
2500,3,4,85000,61,1,2,1,1,2,3,3,34
1500,3,2,25000,140,1,2,2,1,3,2,5,16.66666667
2600,4,4,75000,178,2,2,2,1,3,3,4,28.84615385
1240,3,3,27000,118,1,2,1,1,3,3,3,21.77419355
1150,3,3,16000,13,1,1,2,1,2,3,3,13.91304348
1500,3,3,26000,104,1,2,2,1,4,3,5,17.33333333
2150,3,3,45000,37,1,1,2,1,4,2,4,20.93023256
1880,3,3,31000,118,4,2,3,1,3,2,4,16.4893617
4500,4,3,450000,31,3,1,2,1,3,3,1,100
1530,3,3,26000,17,1,1,3,1,1,3,3,16.99346405
1800,3,3,30000,37,1,2,2,1,4,2,4,16.66666667
1780,3,3,90000,73,1,2,2,2,4,3,6,50.56179775
1400,3,3,30000,61,1,2,2,1,3,3,4,21.42857143
1450,4,3,30000,47,1,2,1,1,3,3,3,20.68965517
1980,3,3,38000,118,1,2,3,1,3,2,4,19.19191919
700,2,2,12500,102,1,1,1,1,2,3,4,17.85714286
1400,3,3,25000,104,1,1,3,2,2,3,4,17.85714286
1250,2,3,22000,162,1,1,1,1,4,3,4,17.6
2100,3,3,30000,104,1,1,2,1,1,1,3,14.28571429
3500,4,4,200000,23,3,2,2,1,2,1,3,57.14285714
3120,4,4,135000,22,4,1,1,1,3,1,3,43.26923077
1500,3,3,22000,104,1,1,2,2,4,2,3,14.66666667
1800,4,3,35000,178,3,1,3,2,3,3,3,19.44444444
1750,3,3,27000,162,1,2,1,2,4,2,4,15.42857143
750,2,2,20000,135,1,1,1,2,1,2,4,26.66666667
3500,4,4,200000,73,1,2,2,1,1,3,3,57.14285714
1100,3,3,18000,122,1,1,2,1,3,1,4,16.36363636
1800,4,3,18000,122,1,1,2,2,5,3,5,10
1650,3,3,16500,122,1,1,2,1,5,3,5,10
1650,3,3,16500,122,4,1,2,1,5,3,5,10
2000,3,4,45000,104,1,1,1,1,1,3,2,22.5
1150,3,3,17000,118,1,1,1,1,1,2,4,14.7826087
1000,2,2,18000,104,2,2,2,1,1,3,4,18
1500,2,3,19000,109,3,2,1,1,1,1,3,12.66666667
1800,4,3,45000,61,1,1,2,1,3,3,4,25
1750,3,3,27000,162,1,2,1,1,4,3,4,15.42857143
1650,3,3,16500,122,1,1,2,1,5,3,5,10
1150,2,3,16000,14,1,1,2,1,2,3,4,13.91304348
2800,3,3,80000,73,1,2,2,1,4,3,4,28.57142857
1200,2,3,13000,41,1,1,1,1,3,3,3,10.83333333
1450,3,3,35000,104,1,1,3,2,2,3,5,24.13793103
2780,4,4,160000,73,1,2,2,1,3,2,5,57.55395683
2210,3,3,80000,37,1,2,3,1,4,3,5,36.19909502
1680,4,4,50000,37,1,1,2,1,3,3,3,29.76190476
1200,3,3,22000,122,1,1,2,1,1,3,3,18.33333333
4465,4,4,400000,73,1,1,2,1,2,3,2,89.58566629
2170,4,3,90000,73,1,2,2,3,2,3,5,41.47465438
1750,3,3,27000,162,1,2,1,1,4,2,4,15.42857143
800,1,1,5500,78,4,1,2,1,3,3,3,6.875
1500,3,3,40000,178,1,1,1,1,2,1,3,26.66666667
1350,3,3,25000,104,1,1,2,1,1,3,3,18.51851852
2703,3,3,100000,22,1,2,3,1,2,1,3,36.99593045
1800,4,3,18000,122,4,1,2,1,5,3,5,10
2200,4,4,40000,118,1,1,1,1,3,3,3,18.18181818
1300,3,3,20000,118,4,1,2,1,3,2,3,15.38461538
1650,4,3,16500,122,4,1,2,2,5,1,5,10
1200,3,3,20000,122,3,1,1,1,3,2,3,16.66666667
5500,6,6,550000,31,1,1,2,1,3,1,3,100
1200,2,2,24000,4,1,1,2,2,4,3,2,20
950,2,2,14000,122,5,3,2,1,3,3,4,14.73684211
750,1,1,12000,122,1,1,1,1,3,3,3,16
850,2,2,15000,118,1,1,2,1,5,2,4,17.64705882
2080,4,3,42000,37,1,2,3,1,4,1,5,20.19230769
700,2,2,12000,58,1,2,2,1,3,3,3,17.14285714
1550,3,3,35000,178,1,1,2,2,5,2,3,22.58064516
2000,4,4,40000,104,3,1,3,1,3,1,4,20
6000,5,5,170000,37,1,1,2,1,1,2,2,28.33333333
2600,4,4,75000,178,4,2,2,2,3,3,4,28.84615385
5400,5,5,500000,73,4,2,2,3,5,3,4,92.59259259
900,2,2,17000,118,5,2,3,1,2,3,4,18.88888889
1400,2,3,22000,162,1,2,1,1,4,1,4,15.71428571
3500,4,4,200000,23,1,1,2,1,2,3,3,57.14285714
1550,3,3,30000,14,1,1,1,2,3,2,4,19.35483871
2000,3,3,36000,37,3,2,2,2,5,3,4,18
3000,4,4,100000,73,1,2,2,1,4,2,3,33.33333333
1300,3,4,20000,15,2,1,2,1,4,3,3,15.38461538
1550,3,3,30000,37,2,1,3,1,4,2,4,19.35483871
1550,3,3,30000,104,1,2,3,1,4,2,5,19.35483871
2450,3,3,80000,37,2,2,3,2,4,3,4,32.65306122
5400,5,5,500000,73,4,2,2,3,5,3,4,92.59259259
1300,3,3,20000,122,1,2,3,2,1,3,4,15.38461538
2200,3,4,42000,37,4,1,2,1,4,2,3,19.09090909
1400,3,3,40000,178,1,2,3,1,4,3,3,28.57142857
1000,2,2,15000,63,1,1,1,1,1,3,4,15
2170,3,4,45000,15,1,1,1,1,3,1,4,20.73732719
1510,3,3,30000,61,1,2,2,1,5,3,4,19.86754967
2325,4,4,50000,37,1,2,2,1,3,3,5,21.50537634
1600,3,3,16000,63,1,1,1,2,1,3,4,10
2200,4,3,35500,104,1,1,2,3,1,3,3,16.13636364
650,2,2,10000,122,1,1,2,1,1,1,4,15.38461538
2100,3,3,32000,37,3,1,2,1,3,1,3,15.23809524
1000,2,2,15000,63,1,1,1,1,2,2,4,15
1500,3,4,30000,14,1,2,2,1,3,1,3,20
450,1,1,13000,122,1,1,2,1,2,2,3,28.88888889
1265,3,3,18000,122,1,2,2,1,3,2,5,14.22924901
1600,3,3,27000,118,1,1,1,2,3,2,3,16.875
800,2,2,30000,20,2,1,2,1,2,3,3,37.5
1900,3,3,45000,178,1,2,2,1,2,1,4,23.68421053
2100,3,3,80000,73,1,2,2,1,4,3,5,38.0952381
2400,4,3,60000,178,2,2,3,1,3,2,4,25
2400,4,4,75000,178,1,2,2,1,4,3,4,31.25
1700,4,3,55000,124,2,1,2,1,5,2,3,32.35294118
1875,4,3,70000,178,1,2,3,1,3,2,4,37.33333333
800,2,2,21000,178,1,1,2,1,3,1,3,26.25
1300,3,3,28000,37,1,1,1,2,4,2,3,21.53846154
2630,3,4,80000,178,1,1,1,1,3,3,4,30.41825095
1758,3,3,60000,122,1,2,2,3,5,1,5,34.12969283
2200,3,4,60000,37,1,1,2,2,3,3,4,27.27272727
1750,4,3,27000,162,1,2,1,1,4,2,4,15.42857143
2700,4,4,100000,22,1,2,2,1,4,2,3,37.03703704
700,2,2,11000,58,4,2,3,1,2,2,3,15.71428571
2100,4,3,50000,37,1,2,1,1,3,2,3,23.80952381
1552,3,3,28000,37,5,2,3,1,4,1,5,18.04123711
2400,4,4,75000,178,1,2,2,2,4,3,4,31.25
2400,4,4,75000,178,1,2,2,1,4,2,4,31.25
2100,4,3,45000,178,1,2,2,1,5,2,4,21.42857143
1600,3,3,30000,37,5,1,2,2,4,3,3,18.75
1650,4,4,22000,122,1,1,2,1,1,3,4,13.33333333
2400,4,4,75000,178,1,2,2,1,4,2,4,31.25
1700,3,3,24000,11,1,1,1,1,1,3,2,14.11764706
2000,4,3,65000,73,1,2,1,2,4,1,5,32.5
1350,3,3,25000,104,4,1,2,1,1,3,3,18.51851852
700,2,2,20000,122,1,2,3,1,2,3,3,28.57142857
1900,3,3,36000,37,1,2,3,1,4,2,5,18.94736842
1300,3,3,40000,37,1,2,1,1,4,2,5,30.76923077
720,2,2,15000,122,2,1,2,1,2,3,4,20.83333333
2300,3,3,75000,31,2,1,2,1,3,3,3,32.60869565
1400,3,3,27000,178,1,2,3,1,3,2,4,19.28571429
1400,4,3,22000,37,1,1,2,2,2,2,3,15.71428571
1550,3,3,35000,37,4,1,1,1,3,3,3,22.58064516
700,2,2,11000,1,1,2,1,1,1,3,3,15.71428571
2400,4,4,75000,178,5,2,2,2,4,1,4,31.25
1350,3,3,30000,104,5,2,3,1,2,2,4,22.22222222
2200,4,3,100000,178,1,1,2,1,1,3,3,45.45454545
700,2,2,15000,118,4,2,1,2,2,1,3,21.42857143
1250,3,3,24000,37,5,2,2,1,4,2,3,19.2
2500,4,4,70000,104,1,1,2,2,1,3,3,28
1340,3,3,22000,77,1,1,1,1,2,3,3,16.41791045
1400,4,3,22000,37,1,2,1,1,2,2,3,15.71428571
1600,4,3,40000,178,1,1,1,2,3,3,3,25
1250,3,3,32000,111,1,1,2,1,2,3,3,25.6
3000,4,4,80000,122,1,1,2,1,1,3,4,26.66666667
2500,3,3,110000,73,1,2,2,1,2,1,13,44
1250,3,3,30000,61,1,2,2,1,2,3,5,24
1850,5,3,40000,178,1,1,2,1,5,3,3,21.62162162
2000,4,3,30000,37,4,2,3,1,4,3,5,15
1800,4,3,55000,61,1,1,1,1,2,2,3,30.55555556
4000,4,4,200000,73,4,2,2,2,5,3,3,50
1300,3,3,40000,37,1,2,1,1,4,2,5,30.76923077
1300,3,3,25000,104,4,1,2,2,1,1,3,19.23076923
1050,3,3,20000,37,1,2,2,1,3,3,3,19.04761905
1400,3,3,17000,63,1,1,1,1,5,3,4,12.14285714
1700,4,3,50000,61,1,1,1,2,2,3,3,29.41176471
1750,4,3,27000,162,1,2,1,1,4,3,4,15.42857143
1900,4,3,35000,178,1,2,3,1,3,1,4,18.42105263
2150,3,3,45000,37,1,2,3,3,4,2,5,20.93023256
2200,4,3,110000,22,1,1,2,1,3,3,4,50
2100,4,3,60000,61,1,1,1,1,2,3,3,28.57142857
1500,3,3,18000,122,1,2,2,1,1,1,5,12
2100,4,3,60000,61,1,1,1,1,3,3,3,28.57142857
1450,3,3,26000,37,1,2,2,1,4,2,3,17.93103448
1300,3,3,45000,122,2,2,1,1,3,2,5,34.61538462
2150,3,3,45000,37,4,2,1,2,4,3,4,20.93023256
1250,3,3,20000,118,1,2,1,2,2,1,3,16
1200,3,3,16000,58,1,2,3,1,1,2,4,13.33333333
1750,4,3,30000,162,1,2,1,1,4,3,4,17.14285714
2000,4,3,50000,178,2,1,2,1,4,3,3,25
700,2,2,15000,118,1,4,1,1,2,1,3,21.42857143
1300,3,3,40000,37,1,2,1,1,4,1,5,30.76923077
1230,3,3,16000,63,2,2,1,1,2,3,4,13.00813008
2300,3,3,45000,178,1,1,1,1,3,2,4,19.56521739
1200,3,3,20000,122,1,1,1,3,2,3,4,16.66666667
2100,4,3,60000,61,1,1,1,1,2,1,3,28.57142857
2300,3,3,75000,31,1,1,2,1,3,2,3,32.60869565
1150,3,3,18000,118,5,2,1,1,2,2,3,15.65217391
1200,3,3,40000,178,2,1,2,1,5,3,4,33.33333333
2400,3,3,100000,73,1,2,2,1,3,2,4,41.66666667
2300,3,3,75000,31,1,2,2,1,3,2,3,32.60869565
1700,3,3,32000,104,2,1,2,1,2,2,3,18.82352941
2500,3,3,115000,73,1,2,2,1,4,3,3,46
1300,3,3,40000,37,2,2,2,1,4,1,5,30.76923077
2300,3,3,75000,31,1,1,2,1,3,2,3,32.60869565
6400,8,6,300000,73,1,2,2,1,5,1,2,46.875
2100,4,3,55000,61,1,1,1,1,2,3,3,26.19047619
2015,3,3,50000,37,1,2,1,1,3,2,3,24.81389578
2300,3,3,75000,31,1,1,2,2,3,3,3,32.60869565
1500,4,3,18000,37,1,2,3,1,3,3,3,12
1000,2,3,16000,20,3,1,2,1,3,3,3,16
1500,4,3,18000,37,1,2,2,1,2,1,3,12
800,2,2,16000,80,5,1,2,1,2,2,3,20
800,2,2,16000,80,1,1,1,1,2,4,3,20
800,2,2,16000,80,1,1,1,2,2,3,3,20
800,2,2,16000,80,1,1,2,1,2,1,3,20
800,2,2,16000,80,4,1,2,1,2,1,3,20
4200,4,4,280000,31,1,1,2,1,2,2,3,66.66666667
1035,2,3,15000,118,4,1,2,1,1,3,4,14.49275362
1350,3,4,25000,118,4,1,1,1,1,1,4,18.51851852
1000,2,2,15000,63,4,1,1,1,1,1,4,15
2000,3,3,36000,178,1,1,1,2,3,3,3,18
4000,4,3,220000,73,1,2,2,1,4,3,4,55
1400,2,3,30000,178,1,1,2,1,2,3,4,21.42857143
1100,2,3,30000,104,1,2,3,3,2,3,5,27.27272727
780,2,2,15000,122,1,2,1,1,4,1,3,19.23076923
900,2,2,18000,21,1,1,1,1,2,3,3,20
800,2,2,16000,80,1,1,2,1,2,3,3,20
800,2,2,16000,80,1,1,2,2,2,1,3,20
800,2,2,16000,80,1,1,2,2,2,2,3,20
730,1,2,10000,0,1,1,1,1,2,3,3,13.69863014
1500,4,3,25000,104,1,1,2,3,5,3,3,16.66666667
1000,2,2,80000,104,1,2,3,1,2,2,4,80
2500,3,3,71000,73,1,2,2,1,4,2,3,28.4
2100,4,3,30000,104,3,1,2,1,1,2,3,14.28571429
2300,4,3,55000,37,1,2,2,1,3,3,5,23.91304348
2300,4,3,70000,104,1,1,2,1,1,2,3,30.43478261
800,2,2,16000,80,3,1,2,1,2,2,3,20
1400,4,3,25000,104,5,1,2,1,1,3,3,17.85714286
1800,3,3,26000,14,3,1,2,2,2,3,4,14.44444444
550,1,1,12000,13,1,1,1,1,2,2,4,21.81818182
1560,3,3,36000,98,1,1,2,1,2,3,2,23.07692308
1800,4,3,65000,178,1,1,1,1,2,3,4,36.11111111
1500,3,3,18000,37,1,2,2,1,4,3,4,12
800,2,2,16000,80,1,1,3,1,2,1,3,20
800,2,2,16000,122,1,1,2,1,1,2,3,20
800,2,2,16000,80,4,1,1,1,2,3,3,20
800,2,2,16000,80,1,1,2,1,2,2,3,20
800,2,2,16000,80,1,1,2,2,2,2,3,20
800,2,2,16000,80,1,1,3,1,2,3,3,20
800,2,2,11000,1,1,2,1,1,1,2,4,13.75
2000,4,3,88000,73,1,2,2,2,3,3,3,44
1300,3,3,26000,63,1,2,1,1,1,3,3,20
1705,4,3,45000,122,4,2,2,2,5,3,6,26.39296188
850,3,2,14000,122,1,1,1,2,3,3,7,16.47058824
820,2,3,16000,122,1,1,2,1,2,2,4,19.51219512
1450,4,3,25000,178,1,2,3,3,3,2,4,17.24137931
2100,3,3,40000,37,1,1,2,2,4,2,4,19.04761905
1100,2,3,17000,118,1,1,1,1,1,2,4,15.45454545
1850,4,3,23000,37,1,2,3,1,3,3,4,12.43243243
935,2,2,21000,37,2,1,2,1,2,2,2,22.45989305
1400,4,3,25000,104,1,1,2,1,1,3,3,17.85714286
2100,4,3,60000,178,1,2,1,2,2,2,4,28.57142857
2000,3,3,30000,65,3,2,2,1,4,3,5,15
1400,4,3,30000,104,1,1,2,1,1,3,3,21.42857143
1114,3,3,15000,118,1,1,1,1,3,2,3,13.46499102
2250,3,4,45000,178,1,2,2,1,5,2,3,20
1200,2,2,24000,4,1,1,2,2,1,3,2,20
1550,4,3,22000,178,1,2,3,1,3,2,4,14.19354839
1250,3,3,32000,111,1,1,1,1,2,3,3,25.6
2600,4,4,50000,37,1,2,2,1,6,3,4,19.23076923
1300,3,3,23000,14,1,2,2,1,2,2,4,17.69230769
2142,4,4,60000,178,1,1,2,1,2,3,4,28.01120448
1426,3,3,20000,77,1,2,2,1,1,3,1,14.02524544
1700,4,3,30000,104,1,1,2,1,1,3,4,17.64705882
2165,3,3,80000,73,1,2,2,1,4,3,4,36.95150115
1250,3,3,20000,104,2,1,2,1,5,3,3,16
1250,3,3,20000,104,1,1,2,1,3,3,3,16
1250,3,3,32000,111,5,1,2,1,2,3,3,25.6
1250,3,3,32000,111,1,1,2,1,2,3,3,25.6
1250,3,3,32000,111,3,1,1,1,2,2,3,25.6
1500,3,3,25000,47,5,2,3,5,6,3,12,16.66666667
4000,5,5,90000,104,1,2,3,1,3,2,4,22.5
750,2,2,17000,37,1,1,1,1,3,3,3,22.66666667
950,3,2,14000,122,1,1,1,1,3,3,7,14.73684211
2800,4,4,250000,73,1,2,2,1,4,3,5,89.28571429
2250,4,3,42000,37,1,2,3,2,4,2,4,18.66666667
700,2,2,15000,162,1,2,2,1,2,2,4,21.42857143
1200,3,3,20000,14,1,3,2,1,1,4,4,16.66666667
1250,3,3,21000,14,1,1,2,1,2,3,4,16.8
1800,4,3,35000,66,3,2,2,2,3,1,4,19.44444444
1800,3,3,50000,37,4,2,3,1,3,1,4,27.77777778
1400,3,3,30000,37,1,1,2,1,4,2,4,21.42857143
1350,3,3,17000,47,1,1,2,1,4,3,4,12.59259259
1200,3,3,17000,118,1,2,2,1,3,1,3,14.16666667
1100,4,3,23000,178,1,1,1,1,1,1,5,20.90909091
800,2,2,12000,41,1,1,1,2,2,2,3,15
1400,3,3,15000,41,1,1,1,1,2,3,3,10.71428571
1255,3,3,23000,122,1,2,3,1,5,1,4,18.32669323
1265,3,3,25000,122,1,2,3,1,5,2,4,19.76284585
1500,3,3,18000,41,1,2,1,1,1,3,3,12
1450,3,3,35000,133,1,2,3,1,4,1,4,24.13793103
2700,3,3,125000,73,1,1,2,1,1,3,1,46.2962963
1300,3,3,35000,32,1,2,2,2,1,1,3,26.92307692
2200,4,4,65000,32,1,1,2,1,3,3,3,29.54545455
1350,3,3,20000,41,2,1,1,1,1,2,3,14.81481481
1975,3,3,35000,37,1,2,3,1,4,3,4,17.72151899
2700,4,4,110000,32,1,1,3,1,3,1,3,40.74074074
2800,6,4,90000,32,1,1,2,2,3,3,3,32.14285714
1152,3,3,13500,122,1,1,3,1,5,1,4,11.71875
2700,4,4,110000,32,1,2,3,1,3,2,3,40.74074074
1600,3,3,30000,37,1,1,2,1,3,3,3,18.75
1100,2,3,11000,41,1,1,1,1,2,3,3,10
2600,5,4,120000,32,1,3,1,1,3,3,3,46.15384615
3000,5,4,50000,20,1,1,1,2,4,2,2,16.66666667
960,2,3,13000,118,1,2,1,1,4,2,3,13.54166667
700,2,2,21000,133,1,2,2,1,1,3,4,30
1200,3,3,15000,122,3,1,1,1,2,3,3,12.5
1130,3,3,20000,170,1,1,2,2,2,2,4,17.69911504
1460,3,3,22000,122,5,1,2,2,5,3,2,15.06849315
1400,3,3,35000,178,1,2,1,1,2,3,3,25
1200,3,3,24000,122,1,1,3,1,5,1,4,20
1400,3,3,35000,178,3,1,1,1,2,3,3,25
1200,3,3,60000,32,4,1,3,1,3,3,4,50
2000,4,4,50000,178,1,1,2,1,4,2,3,25
1400,3,3,16000,41,1,1,1,1,1,3,3,11.42857143
3050,4,4,200000,22,1,1,2,1,3,2,3,65.57377049
750,1,2,20000,170,1,1,2,1,1,3,3,26.66666667
1351,3,3,20000,20,1,1,1,1,2,3,3,14.803849
7000,6,7,700000,31,1,1,2,5,3,3,2,100
950,2,2,9000,41,1,1,1,1,4,3,3,9.473684211
1100,2,3,20000,58,1,1,3,1,3,2,3,18.18181818
1500,3,4,23000,21,1,1,2,1,3,3,3,15.33333333
1120,3,3,23000,11,1,1,3,1,3,1,2,20.53571429
850,2,2,13000,140,1,2,2,2,2,1,5,15.29411765
750,2,2,23000,111,1,2,1,2,4,3,3,30.66666667
800,2,2,17000,20,1,1,2,1,4,1,4,21.25
2200,4,4,40000,118,1,2,3,1,4,2,3,18.18181818
1200,2,3,27000,170,5,1,1,1,1,3,3,22.5
800,2,2,24000,170,1,3,2,1,3,3,4,30
1250,3,3,25000,66,1,2,1,3,2,3,3,20
1200,3,3,27000,4,1,1,1,1,3,3,3,22.5
1040,2,3,17000,118,1,2,2,1,2,3,4,16.34615385
2000,4,3,50000,156,1,2,2,1,2,3,3,25
1700,4,3,28000,2,1,2,3,1,1,2,5,16.47058824
2250,4,3,50000,178,1,2,2,1,3,3,2,22.22222222
1550,3,3,25000,37,1,1,2,1,3,3,3,16.12903226
800,2,2,13000,41,2,1,1,1,5,3,3,16.25
1580,3,3,30000,19,1,1,1,1,2,3,5,18.98734177
2200,4,4,40000,118,1,2,3,1,4,3,3,18.18181818
800,2,2,14000,14,2,2,2,1,1,3,4,17.5
800,2,2,15000,14,1,1,1,1,1,2,4,18.75
800,2,2,17000,116,1,1,1,1,1,3,4,21.25
3443,3,3,110000,31,1,1,1,2,2,3,3,31.94888179
1200,3,3,24000,66,4,2,1,1,2,3,3,20
1200,3,3,30000,37,1,1,2,1,4,3,3,25
1200,3,3,30000,37,1,1,2,1,4,3,3,25
3200,4,4,250000,31,1,1,2,1,1,3,3,78.125
650,2,2,13000,118,3,2,3,1,1,3,4,20
1540,3,3,70000,134,1,2,2,1,3,2,4,45.45454545
2600,3,4,80000,134,1,1,2,2,2,2,2,30.76923077
1750,3,3,25000,2,1,2,3,1,1,2,5,14.28571429
1221,3,3,21000,118,1,2,2,2,4,1,2,17.1990172
1950,4,3,38000,37,4,1,2,1,3,2,3,19.48717949
600,1,2,9500,118,1,2,2,1,1,2,4,15.83333333
1120,3,3,30000,170,2,2,1,2,3,3,3,26.78571429
1650,3,3,20000,41,1,2,1,1,1,1,3,12.12121212
1750,4,4,30000,168,1,2,2,1,3,3,3,17.14285714
1400,3,3,13000,41,1,1,1,2,1,2,3,9.285714286
1450,3,3,15500,118,1,2,2,1,2,4,4,10.68965517
800,2,2,18000,37,2,1,1,1,3,3,3,22.5
2600,5,6,65000,37,1,2,2,2,4,3,4,25
1650,3,3,20000,41,1,2,1,1,1,2,3,12.12121212
1500,3,3,18000,41,1,1,1,1,5,2,3,12
720,1,2,18000,135,1,1,1,1,2,3,4,25
1556,3,3,22000,41,1,2,1,4,1,2,3,14.13881748
1300,3,3,16000,118,1,2,2,2,4,2,3,12.30769231
3500,5,4,50000,3,1,1,2,2,2,2,3,14.28571429
1200,3,3,14000,118,4,2,2,2,3,3,4,11.66666667
5200,4,4,300000,31,1,2,2,1,1,3,3,57.69230769
1400,3,3,25000,104,1,1,2,1,2,3,3,17.85714286
850,2,2,12000,41,1,1,1,2,1,3,3,14.11764706
1200,3,3,20000,65,1,1,2,1,2,1,3,16.66666667
850,2,2,15000,166,1,2,2,1,3,2,2,17.64705882
1350,3,3,25000,25,1,2,2,1,5,1,3,18.51851852
1700,3,3,30000,140,1,2,3,5,2,2,5,17.64705882
700,2,2,10000,118,1,1,1,1,1,1,3,14.28571429
700,2,2,10000,118,1,3,1,1,3,3,3,14.28571429
970,2,2,20000,166,1,1,2,1,3,1,3,20.6185567
1640,3,3,30000,14,1,1,2,1,2,3,4,18.29268293
1300,3,3,21000,118,1,1,2,1,1,3,4,16.15384615
3700,4,4,300000,31,1,1,2,2,1,2,3,81.08108108
2667,4,3,110000,31,1,2,2,1,1,3,3,41.24484439
1500,3,3,21000,41,1,2,1,1,1,3,3,14
1200,3,3,22000,17,1,1,2,1,3,1,3,18.33333333
1200,2,3,16000,1,1,3,1,2,1,3,3,13.33333333
1200,3,3,22000,17,1,1,2,1,3,1,3,18.33333333
1700,3,3,17000,118,1,1,1,1,3,2,4,10
1200,3,3,25000,118,1,2,3,1,2,3,4,20.83333333
1300,3,3,23000,101,1,1,1,3,2,3,4,17.69230769
1350,3,3,25000,166,1,2,2,1,4,1,3,18.51851852
1950,4,3,38000,37,1,1,2,2,3,4,3,19.48717949
1325,3,3,24000,166,1,2,2,1,4,2,3,18.11320755
850,2,2,16000,12,1,1,1,1,1,3,3,18.82352941
900,2,2,17000,9,1,1,3,3,3,2,3,18.88888889
900,2,2,8500,19,1,1,2,1,2,2,4,9.444444444
650,1,2,14000,118,2,1,2,1,2,1,5,21.53846154
600,2,2,10000,58,1,3,3,1,2,3,3,16.66666667
1250,3,3,22000,17,1,1,2,1,3,2,3,17.6
1550,3,3,32000,61,1,2,3,1,3,3,4,20.64516129
1600,3,4,30000,25,1,1,2,1,2,2,2,18.75
1030,2,2,12000,41,3,1,1,2,2,3,2,11.65048544
700,1,2,15500,122,1,2,2,1,2,3,2,22.14285714
1100,2,3,23000,7,1,1,2,1,2,2,3,20.90909091
2200,4,4,40000,118,1,2,3,2,4,3,3,18.18181818
3200,4,4,130000,135,2,1,1,1,3,3,3,40.625
700,2,2,14000,170,1,1,1,1,1,2,4,20
1500,3,3,30000,104,1,2,3,1,2,2,5,20
1900,3,3,30000,161,1,2,3,1,2,3,5,15.78947368
950,3,2,14000,122,1,1,3,1,2,3,4,14.73684211
2700,4,3,60000,122,1,1,1,1,2,2,3,22.22222222
1300,3,3,22000,104,1,1,2,3,4,3,3,16.92307692
1500,3,3,25000,122,1,1,1,1,2,2,7,16.66666667
1750,4,3,27000,162,1,2,1,1,4,2,4,15.42857143
3200,4,4,100000,37,1,2,3,5,4,3,4,31.25
1300,3,3,22000,14,1,1,1,1,2,2,4,16.92307692
1300,3,3,16000,41,4,1,1,1,1,3,3,12.30769231
1350,3,3,26000,65,1,1,2,1,3,3,4,19.25925926
2092,4,3,40000,178,5,2,3,1,3,1,4,19.12045889
750,3,2,14000,122,1,1,1,1,3,3,7,18.66666667
1100,2,3,21000,15,1,1,1,1,3,2,4,19.09090909
1500,3,3,30000,178,1,1,2,1,2,1,4,20
2200,4,4,45000,37,4,1,1,1,3,3,3,20.45454545
2350,5,4,60000,92,2,1,1,1,3,1,4,25.53191489
1100,2,3,22000,15,1,1,1,1,3,2,4,20
800,2,2,16000,80,1,1,2,4,2,3,3,20
800,2,2,16000,80,1,1,2,2,2,3,3,20
1350,3,3,25000,37,1,1,2,1,4,3,3,18.51851852
800,2,2,13500,122,1,1,2,1,4,2,6,16.875
1400,3,3,18000,109,5,1,2,1,2,3,3,12.85714286
1500,3,3,17000,118,1,2,1,1,3,2,4,11.33333333
2200,5,4,30000,37,1,2,2,1,4,2,4,13.63636364
1800,4,3,55000,61,1,1,1,1,2,2,3,30.55555556
4500,4,4,170000,73,1,2,2,1,4,2,3,37.77777778
1200,3,3,14000,58,1,1,3,1,3,3,3,11.66666667
4400,5,4,250000,178,1,2,2,1,1,3,3,56.81818182
2300,3,3,60000,178,1,4,1,1,3,1,4,26.08695652
4400,5,5,250000,178,4,2,2,1,1,2,3,56.81818182
800,2,2,16000,80,2,1,3,2,2,1,3,20
800,2,2,16000,80,1,1,1,1,2,2,3,20
700,2,2,15000,118,1,2,1,1,2,1,3,21.42857143
1200,3,3,20000,14,1,1,2,1,1,3,4,16.66666667
1300,3,3,18000,41,1,2,2,1,1,2,3,13.84615385
2500,4,4,38000,104,1,2,3,1,4,2,4,15.2
2200,4,4,100000,104,1,2,3,1,4,2,4,45.45454545
2700,4,4,100000,178,4,1,2,1,3,2,2,37.03703704
700,2,2,13000,58,3,2,2,1,1,2,3,18.57142857
2200,3,4,60000,37,1,1,2,2,3,3,4,27.27272727
800,2,2,26000,2,1,1,2,2,3,1,2,32.5
900,2,3,16000,122,1,2,2,1,1,1,5,17.77777778
1400,4,3,22000,37,2,1,1,2,2,3,3,15.71428571
3000,4,4,230000,73,1,2,2,1,4,3,4,76.66666667
3000,4,4,120000,31,1,1,2,1,1,3,3,40
1365,3,3,20000,13,1,1,1,1,1,2,4,14.65201465
2300,3,3,85000,73,1,2,2,1,3,3,3,36.95652174
3000,5,4,100000,178,1,2,3,2,3,1,3,33.33333333
1500,3,3,35000,66,1,2,2,1,4,4,4,23.33333333
1300,2,3,13000,47,4,1,1,1,1,2,3,10
2000,4,4,40000,37,2,2,3,1,4,3,5,20
375,1,1,25000,37,1,2,3,1,5,2,5,66.66666667
1600,3,3,80000,127,5,2,3,1,3,3,4,50
1700,3,4,35000,25,4,1,2,1,5,3,3,20.58823529
1950,3,3,150000,178,2,1,1,1,2,3,4,76.92307692
2400,3,3,55000,37,1,2,2,1,5,1,5,22.91666667
3000,4,4,70000,178,1,1,1,1,2,2,3,23.33333333
1100,3,3,14000,102,1,1,2,1,2,3,4,12.72727273
1530,3,3,26000,17,1,1,1,1,1,1,3,16.99346405
1250,3,3,21000,118,1,1,1,1,2,2,3,16.8
1280,3,3,22000,122,1,1,3,1,1,3,3,17.1875
700,2,2,12000,102,1,2,1,1,2,3,4,17.14285714
1100,3,3,18000,14,1,1,2,1,3,3,4,16.36363636
3400,6,6,100000,37,1,1,1,1,3,3,4,29.41176471
2485,4,3,90000,22,1,2,2,1,2,2,3,36.21730382
3000,4,4,120000,32,1,1,1,2,2,4,3,40
2100,3,3,60000,61,2,1,1,2,2,2,3,28.57142857
1800,4,3,55000,61,1,1,1,1,2,3,3,30.55555556
3000,5,3,70000,178,1,1,2,1,3,2,3,23.33333333
1150,3,3,20000,118,1,2,2,2,2,3,4,17.39130435
3200,4,4,165000,31,1,1,2,1,1,3,3,51.5625
2400,5,5,75000,178,1,1,2,1,2,2,3,31.25
2450,3,3,60000,178,4,1,1,3,1,3,3,24.48979592
2500,4,3,70000,178,1,1,3,2,2,3,3,28
1984,3,3,50000,66,1,1,2,1,3,3,4,25.2016129
850,2,2,15500,122,2,2,2,1,1,1,2,18.23529412
700,2,2,16000,122,1,1,2,2,2,3,4,22.85714286
2300,4,4,50000,37,1,1,3,1,3,1,3,21.73913043
1450,4,3,72000,22,1,1,2,1,2,3,3,49.65517241
1550,3,3,45000,37,1,2,1,2,3,2,3,29.03225806
3200,4,4,90000,159,1,2,2,1,3,3,4,28.125
1200,3,3,17000,37,1,1,1,2,4,3,3,14.16666667
1450,3,3,25000,37,2,2,2,2,4,2,4,17.24137931
1910,3,4,50000,37,4,2,2,1,5,3,4,26.17801047
800,2,2,13000,58,1,1,3,1,2,1,4,16.25
1265,2,3,16000,122,1,1,2,1,3,3,4,12.64822134
1150,2,3,22000,122,1,1,1,1,2,3,3,19.13043478
2700,4,3,60000,37,2,1,2,1,4,3,4,22.22222222
1700,4,3,32000,20,1,2,1,2,2,1,3,18.82352941
1800,4,4,30000,118,1,1,1,1,3,3,4,16.66666667
1450,2,3,22000,20,2,1,3,1,5,2,2,15.17241379
3500,4,4,200000,31,1,2,2,2,2,3,3,57.14285714
12000,8,7,1000000,31,1,1,3,1,4,3,2,83.33333333
1400,3,3,35000,178,4,2,1,1,2,3,3,25
1250,3,3,30000,79,3,2,2,1,3,1,4,24
1517,3,3,15000,0,2,2,2,2,2,3,3,9.887936717
6300,5,4,350000,31,1,2,2,1,4,3,3,55.55555556
6300,5,4,400000,31,1,2,2,1,4,2,3,63.49206349
2150,3,3,45000,37,1,1,2,1,4,1,4,20.93023256
1250,3,3,23000,37,1,2,2,1,3,3,3,18.4
4500,4,4,360000,73,1,2,1,1,1,3,3,80
2200,4,3,95000,73,3,1,2,1,6,1,5,43.18181818
2300,4,4,50000,37,1,1,3,1,3,2,3,21.73913043
2600,4,4,80000,73,1,2,3,3,4,3,4,30.76923077
2000,4,4,35000,25,1,2,1,2,3,2,4,17.5
1975,4,4,60000,122,4,2,2,1,4,4,4,30.37974684
2500,5,4,60000,20,1,1,2,2,4,1,4,24
2300,4,4,43000,145,1,2,2,1,5,1,4,18.69565217
1975,4,4,60000,122,1,2,2,1,4,3,4,30.37974684
1250,3,3,21000,37,2,2,2,3,3,3,3,16.8
1200,2,3,22000,114,2,1,2,2,2,2,3,18.33333333
2000,4,3,45000,66,1,2,2,3,5,3,4,22.5
1350,3,3,55000,178,1,1,2,1,2,2,2,40.74074074
2300,5,5,35000,102,1,1,1,1,1,3,4,15.2173913
1888,4,3,50000,37,1,2,3,1,4,2,5,26.48305085
1400,4,3,30000,104,1,1,2,1,1,3,3,21.42857143
1400,3,3,35000,178,3,2,1,2,2,1,3,25
3200,4,4,250000,73,5,2,2,1,4,2,5,78.125
950,2,2,18000,8,2,1,1,1,2,3,3,18.94736842
1300,3,3,18000,118,1,1,2,2,5,3,3,13.84615385
2950,4,4,140000,73,1,1,1,1,1,2,2,47.45762712
2250,3,3,90000,73,1,2,1,1,1,2,4,40
1500,3,3,35000,178,1,1,2,1,5,3,3,23.33333333
1250,3,3,18000,122,1,1,2,1,3,2,4,14.4
2000,3,3,35000,178,1,1,1,2,3,2,3,17.5
3000,3,3,120000,73,1,2,2,3,4,1,3,40
2000,3,3,40000,37,5,2,2,1,4,3,5,20
2000,4,3,25000,122,3,1,3,2,3,3,4,12.5
1310,3,3,28000,101,4,2,1,1,3,3,4,21.3740458
1600,3,3,25000,104,1,1,2,1,1,2,3,15.625
1500,4,3,35000,37,1,1,3,1,4,3,5,23.33333333
1850,3,3,35000,133,1,2,2,2,3,3,4,18.91891892
850,2,2,17000,122,1,2,2,2,1,3,2,20
1600,4,3,65000,178,1,1,2,1,2,3,4,40.625
3500,4,4,220000,31,1,1,2,1,4,3,4,62.85714286
2180,4,3,80000,178,1,1,2,1,4,3,3,36.69724771
1500,3,3,18000,37,1,2,2,4,2,2,3,12
2200,3,4,30000,25,1,2,2,1,4,2,4,13.63636364
1350,3,3,25000,20,4,1,2,1,4,2,4,18.51851852
700,2,2,13000,122,4,2,3,1,1,2,4,18.57142857
2550,5,4,50000,37,1,2,1,1,3,3,3,19.60784314
1400,3,3,20000,20,2,2,2,2,2,3,3,14.28571429
2530,3,4,33000,37,1,2,3,1,3,1,4,13.04347826
1443,3,3,20000,118,1,1,1,1,3,3,4,13.86001386
750,2,2,11000,118,1,1,2,2,4,3,3,14.66666667
2250,4,3,100000,73,1,2,2,1,3,2,2,44.44444444
1472,3,3,35000,79,1,2,2,1,5,3,4,23.77717391
2200,4,4,30000,37,1,2,3,2,3,1,3,13.63636364
850,2,2,15000,127,1,1,2,1,4,2,3,17.64705882
3000,4,3,65000,61,1,1,2,1,2,2,3,21.66666667
1050,2,3,20000,122,1,2,1,2,3,3,4,19.04761905
2000,3,3,100000,73,1,2,2,1,4,3,6,50
2100,4,3,50000,104,1,1,1,1,2,3,4,23.80952381
1250,3,3,24000,61,2,1,1,1,5,3,3,19.2
1650,4,3,100000,135,1,1,1,1,4,3,5,60.60606061
2235,4,3,250000,61,1,1,1,1,5,3,3,111.8568233
4200,4,4,280000,31,2,1,2,2,2,3,3,66.66666667
2700,5,4,120000,121,1,2,3,1,3,1,3,44.44444444
1050,2,3,20000,122,1,2,1,2,3,1,4,19.04761905
950,2,3,18000,111,2,1,1,1,1,2,3,18.94736842
1850,4,3,23000,37,1,2,3,1,3,3,4,12.43243243
3000,4,3,215000,31,1,1,2,1,4,3,3,71.66666667
1400,4,3,35000,170,1,2,3,2,5,3,5,25
1000,2,2,20000,20,1,2,1,1,2,3,3,20
1777,4,3,40000,178,5,1,1,4,3,3,3,22.50984806
1900,4,4,25000,122,1,2,3,1,5,3,4,13.15789474
850,2,2,22000,37,1,1,2,1,3,1,3,25.88235294
2750,4,4,120000,73,1,2,2,1,2,3,4,43.63636364
1450,3,3,19000,118,1,1,2,1,5,3,5,13.10344828
3200,4,4,200000,31,2,1,2,2,2,2,3,62.5
1400,4,3,30000,104,1,1,2,2,1,3,3,21.42857143
2200,4,3,120000,31,1,2,2,1,4,3,3,54.54545455
750,2,2,15000,122,1,1,2,1,1,2,4,20
1300,3,3,40000,178,2,2,1,1,2,3,4,30.76923077
2250,3,3,45000,178,1,1,2,1,5,3,3,20
1850,4,3,23000,37,1,2,3,1,3,3,4,12.43243243
1300,3,3,30000,122,4,2,2,1,4,3,4,23.07692308
1350,3,3,19000,37,2,2,2,1,4,1,3,14.07407407
1765,3,3,22000,20,2,1,2,1,6,1,5,12.46458924
2650,5,4,40000,122,1,1,3,1,3,2,4,15.09433962
1050,3,3,15000,122,1,1,3,1,3,1,6,14.28571429
2100,3,3,80000,73,1,2,1,1,3,2,3,38.0952381
2650,4,4,160000,73,1,2,2,1,2,1,3,60.37735849
1500,3,3,25000,104,1,1,2,4,1,3,3,16.66666667
1600,4,3,50000,61,1,1,1,1,3,3,3,31.25
1369,3,3,28000,118,1,1,3,1,3,3,3,20.45288532
1850,4,3,80000,178,1,2,1,2,2,1,3,43.24324324
2800,3,3,130000,73,1,1,2,1,4,3,3,46.42857143
3200,4,4,150000,73,1,2,2,1,4,3,6,46.875
850,2,2,5200000,118,4,2,2,1,2,3,4,6117.647059
1203,3,3,8700000,101,1,2,2,1,2,2,4,7231.9202
1495,4,3,11800000,37,1,1,2,1,3,3,3,7892.976589
1568,3,3,13000000,80,1,2,1,1,4,3,3,8290.816327
1800,3,3,13000000,118,1,1,1,4,3,3,4,7222.222222
1300,2,3,9000000,25,4,2,2,1,2,2,2,6923.076923
1150,3,3,8200000,37,1,2,3,2,4,3,4,7130.434783
1305,3,3,9000000,37,1,4,1,2,3,3,3,6896.551724
1265,3,3,12500000,32,4,3,2,1,2,3,3,9881.422925
1700,3,3,14900000,25,1,2,1,1,4,3,4,8764.705882
1134,2,3,6700000,125,2,1,2,1,1,3,3,5908.289242
1800,4,4,8700000,154,4,1,1,1,3,3,3,4833.333333
1651,3,3,8000000,184,1,1,2,1,2,3,3,4845.548153
2400,5,4,20000000,140,1,2,2,1,3,2,3,8333.333333
1300,3,3,6500000,52,1,1,1,1,1,3,3,5000
1430,3,4,7000000,49,1,1,3,1,4,3,3,4895.104895
18292,2,3,170000,39,2,1,2,1,3,1,5,9.293680297
18292,1,3,1,39,1,1,1,1,5,3,4,5.47E-05
18292,1,3,1,39,1,1,1,1,1,3,3,5.47E-05
18292,2,2,1,39,4,1,1,1,3,2,4,5.47E-05
18292,1,3,1,39,1,1,1,1,5,3,7,5.47E-05
22596,1,3,1,39,1,1,1,2,4,3,4,4.43E-05
18292,1,3,1,39,3,1,1,1,1,3,3,5.47E-05
18292,1,1,170000,39,1,1,1,1,3,1,3,9.293680297
2800,4,3,210000,73,1,3,1,1,1,1,15,75
3800,3,3,190000,73,1,3,2,1,1,2,15,50
2300,3,3,170000,73,1,3,2,2,1,2,15,73.91304348
2500,3,3,200000,73,1,3,3,1,1,3,15,80
2165,3,3,140000,73,1,3,2,1,1,3,15,64.66512702
2165,3,3,145000,73,1,3,1,1,1,3,15,66.97459584
1550,3,3,120000,73,1,3,2,1,1,1,15,77.41935484
2600,3,3,135000,73,1,3,3,1,1,1,15,51.92307692
2200,3,3,130000,73,4,3,2,1,1,2,15,59.09090909
2400,3,3,150000,73,1,3,2,1,1,1,15,62.5
2680,3,3,180000,73,1,3,1,1,1,3,14,67.1641791
2700,3,3,210000,73,1,3,2,1,1,3,15,77.77777778
2600,4,3,140000,73,1,3,1,1,1,3,14,53.84615385
1900,4,3,200000,73,5,3,2,1,1,2,15,105.2631579
2000,3,3,125000,73,1,3,2,1,1,2,15,62.5
2200,3,3,115000,73,1,3,1,1,1,3,14,52.27272727
6200,5,5,300000,73,4,3,1,1,1,2,15,48.38709677
6000,4,4,470000,73,5,3,2,1,1,3,15,78.33333333
3000,4,4,210000,73,1,3,1,1,1,3,15,70
4500,4,4,270000,73,1,3,2,1,1,2,15,60
4000,5,5,360000,73,1,3,2,1,1,3,15,90
4500,4,4,350000,73,1,3,2,1,1,1,15,77.77777778
2888,4,4,160000,73,5,4,2,1,1,2,15,55.40166205
2000,3,3,140000,73,1,3,2,1,1,1,13,70
1500,3,3,115000,73,1,3,2,1,1,1,15,76.66666667
3300,3,3,150000,73,4,3,1,1,1,2,15,45.45454545
2120,3,3,180000,73,1,3,2,2,1,2,15,84.90566038
2300,3,3,140000,73,3,4,1,1,1,3,15,60.86956522
2200,3,3,180000,73,1,3,1,1,1,3,14,81.81818182
3200,3,4,230000,73,1,3,2,1,1,3,15,71.875
3150,4,4,170000,22,1,3,1,1,1,2,14,53.96825397
2850,4,4,180000,22,1,3,1,2,1,2,14,63.15789474
2200,3,3,170000,73,1,1,2,1,2,2,9,77.27272727
2250,3,3,150000,22,5,3,3,1,1,2,14,66.66666667
2500,4,3,200000,22,1,3,2,1,1,2,14,80
2500,3,3,140000,73,1,3,1,1,1,3,15,56
3200,5,4,210000,22,1,3,1,2,1,2,14,65.625
2300,3,3,190000,73,1,3,1,1,1,1,14,82.60869565
3400,4,4,170000,73,2,4,2,1,1,3,15,50
5500,5,5,600000,22,2,3,1,1,1,2,14,109.0909091
1800,4,4,155000,22,1,3,2,1,1,2,14,86.11111111
2000,3,3,140000,73,1,3,1,1,1,2,14,70
2150,4,3,150000,22,2,3,3,1,1,2,14,69.76744186
2150,3,3,130000,22,2,3,1,1,1,2,14,60.46511628
2200,3,3,135000,22,2,3,2,2,1,2,14,61.36363636
2200,3,3,150000,22,1,3,3,1,1,2,14,68.18181818
2700,4,3,220000,31,1,3,1,1,1,2,13,81.48148148
2150,4,4,130000,22,1,3,2,1,1,2,14,60.46511628
3250,5,4,240000,31,1,3,1,1,1,2,13,73.84615385
1850,3,3,130000,22,1,3,1,1,1,2,14,70.27027027
1850,3,3,120000,22,1,3,1,4,1,2,14,64.86486486
2300,3,3,130000,22,1,3,2,1,1,2,14,56.52173913
2400,3,3,130000,73,1,3,2,1,1,3,15,54.16666667
1100,2,2,105000,22,1,3,1,1,1,2,15,95.45454545
2800,4,3,185000,31,1,3,3,1,1,2,13,66.07142857
2400,4,3,180000,31,1,3,2,1,1,2,14,75
2250,4,3,180000,31,1,3,1,1,1,2,13,80
3000,5,4,200000,31,1,3,1,1,1,2,14,66.66666667
2300,4,3,170000,31,1,3,1,1,1,2,15,73.91304348
2400,3,3,140000,31,2,3,1,1,1,2,13,58.33333333
4200,7,3,300000,31,1,3,3,1,1,3,10,71.42857143
6000,5,5,860000,31,1,3,3,1,1,2,12,143.3333333
2800,3,3,260000,31,1,3,3,1,1,2,13,92.85714286
2500,3,3,150000,31,1,3,3,3,1,2,13,60
2150,3,3,135000,31,1,3,2,1,1,2,13,62.79069767
3000,4,4,180000,31,1,3,2,1,1,2,14,60
3000,4,4,1400000,31,4,2,3,1,1,3,13,466.6666667
4200,6,5,280000,31,1,3,1,1,1,2,14,66.66666667
2200,4,3,190000,31,1,3,3,1,1,2,14,86.36363636
3285,3,3,364635,22,1,3,2,1,1,1,8,111
3150,3,2,661500,22,1,3,1,1,1,1,7,210
3400,3,3,408000,22,1,3,2,1,1,1,8,120
2950,3,3,230000,31,1,3,2,2,1,2,13,77.96610169
2600,3,3,200000,31,1,3,3,2,1,2,13,76.92307692
2716,3,3,624680,22,1,3,2,1,1,1,7,230
2000,3,3,145000,22,1,3,1,1,1,1,9,72.5
2200,3,3,145000,22,1,3,2,1,1,1,9,65.90909091
2200,3,3,180000,31,1,3,2,1,1,2,12,81.81818182
3400,3,3,190000,31,1,3,2,1,1,2,14,55.88235294
2200,2,1,175000,31,1,3,1,1,1,2,12,79.54545455
1450,3,4,110000,22,1,1,2,3,1,1,9,75.86206897
2250,4,3,150000,31,1,3,2,2,1,2,15,66.66666667
3000,3,2,810000,22,1,3,2,1,1,1,7,270
1000,2,2,500000,22,1,1,2,1,1,1,5,500
5059,3,3,1011800,22,1,4,2,1,1,1,8,200
2750,2,3,550000,22,1,4,1,2,1,1,8,200
1740,2,3,194880,22,2,3,2,1,1,1,8,112
2000,4,3,150000,31,1,3,2,1,1,2,13,75
4500,3,3,594000,22,1,3,3,1,1,1,8,132
3100,3,2,502200,22,1,3,2,1,1,1,8,162
4382,4,4,300000,31,5,3,3,1,1,2,13,68.46188955
2200,2,3,253000,22,1,3,1,1,1,1,8,115
2291,3,3,600242,22,1,3,2,1,1,1,8,262
2470,4,3,175000,31,4,3,3,2,1,2,13,70.85020243
3700,2,2,999000,22,1,3,1,2,1,1,7,270
4000,4,3,380000,31,1,3,2,1,1,2,13,95
4000,5,4,310000,31,5,3,1,1,1,2,13,77.5
4200,4,3,350000,31,1,3,2,1,1,2,13,83.33333333
3400,4,3,310000,31,3,3,2,1,1,2,13,91.17647059
2000,3,1,150000,22,1,2,2,1,1,1,8,75
1850,3,3,95000,22,1,1,2,1,1,3,11,51.35135135
5675,3,3,1135000,22,1,4,1,1,1,1,8,200
2200,4,3,180000,31,4,3,3,3,1,3,13,81.81818182
5400,6,4,430000,31,5,3,1,1,1,3,14,79.62962963
4400,6,5,280000,31,1,3,2,1,1,3,14,63.63636364
3500,4,4,280000,31,1,3,3,1,1,2,14,80
3400,4,4,290000,31,5,3,1,1,1,3,14,85.29411765
3500,4,3,330000,31,1,3,2,2,1,3,14,94.28571429
2150,3,3,200000,31,2,3,1,1,1,2,12,93.02325581
3500,5,4,300000,31,1,3,2,1,1,3,14,85.71428571
3800,5,4,320000,31,4,3,3,1,1,3,14,84.21052632
2500,4,4,200000,31,1,3,3,2,1,2,12,80
2600,4,3,215000,31,4,3,2,1,1,2,13,82.69230769
3750,5,4,310000,31,1,3,3,1,1,2,13,82.66666667
3400,4,4,210000,31,1,3,3,1,1,2,14,61.76470588
3550,6,4,380000,31,1,3,3,2,1,3,13,107.0422535
3500,4,4,270000,31,1,3,2,2,1,2,14,77.14285714
2800,4,3,160000,31,4,4,3,1,1,3,15,57.14285714
2324,4,3,180000,31,1,3,1,2,1,1,13,77.45266781
4635,6,4,380000,31,1,4,1,1,1,3,14,81.98489752
3000,5,4,150000,31,1,4,2,2,1,3,15,50
2600,4,3,180000,31,1,4,3,1,1,3,13,69.23076923
2350,4,3,180000,31,1,3,2,1,1,3,14,76.59574468
3000,5,4,120000,31,1,1,3,2,1,3,14,40
2750,4,3,220000,31,1,3,2,1,1,2,15,80
3750,5,4,290000,31,4,3,1,1,1,3,14,77.33333333
4382,5,4,280000,31,3,3,2,1,1,3,14,63.89776358
3000,4,3,240000,31,1,3,2,2,1,3,15,80
4200,4,3,330000,31,1,3,2,1,1,3,14,78.57142857
4000,5,4,290000,31,1,4,2,1,2,4,16,72.5
2470,4,3,155000,31,4,1,3,1,1,1,13,62.75303644
2000,3,3,140000,22,1,4,1,1,1,1,12,70
1800,4,3,120000,22,4,4,2,1,1,2,13,66.66666667
1950,3,3,95000,22,1,3,2,1,1,1,13,48.71794872
2380,3,3,100000,22,4,4,1,1,1,1,14,42.01680672
3000,4,4,100000,22,1,3,1,1,1,3,14,33.33333333
2000,3,3,74000,22,1,3,1,2,1,1,13,37
2800,6,4,130000,22,1,4,3,1,1,3,14,46.42857143
1700,4,3,102000,22,1,3,1,1,1,2,13,60
2450,4,3,190000,22,2,4,1,1,1,3,14,77.55102041
2300,3,3,95000,22,1,2,2,1,1,1,13,41.30434783
2880,5,4,220000,22,5,4,1,2,1,3,14,76.38888889
1800,3,3,85000,22,1,4,1,1,1,1,12,47.22222222
1650,3,3,76000,178,1,1,3,1,1,2,12,46.06060606
1600,4,3,115000,178,2,1,1,1,1,2,11,71.875
1500,4,3,80000,178,1,1,1,1,1,2,11,53.33333333
1300,3,3,75000,178,1,1,1,1,1,1,12,57.69230769
2377,4,4,115000,178,1,1,2,1,1,1,14,48.38031132
1850,3,3,75000,178,4,1,3,1,1,1,12,40.54054054
3245,5,4,130000,22,1,4,2,1,1,3,14,40.06163328
2700,3,3,70000,178,1,3,1,1,1,3,14,25.92592593
2305,3,3,100000,22,1,4,3,1,1,3,13,43.38394794
2130,3,3,100000,178,3,4,2,1,1,3,14,46.94835681
2200,4,3,90000,22,1,4,2,1,1,3,13,40.90909091
2200,3,3,110000,22,1,4,2,1,1,3,13,50
1850,3,3,80000,22,1,4,2,1,1,1,12,43.24324324
2450,4,4,130000,22,1,4,1,1,1,3,12,53.06122449
2100,4,3,90000,22,1,4,2,2,1,3,13,42.85714286
1700,2,3,90000,22,4,1,2,1,1,1,13,52.94117647
2300,3,3,80000,22,2,2,3,1,1,3,13,34.7826087
1500,4,3,120000,31,1,3,3,2,1,2,12,80
1760,3,3,90000,22,1,2,3,1,1,2,13,51.13636364
2200,4,3,150000,31,2,4,1,1,1,1,9,68.18181818
2350,4,3,170000,31,1,3,2,2,1,3,13,72.34042553
2200,4,3,105000,31,1,4,2,1,1,3,14,47.72727273
1800,4,3,78000,178,1,1,3,1,1,1,11,43.33333333
1200,2,3,80000,178,1,1,3,1,1,1,12,66.66666667
1500,4,3,85000,178,2,1,3,1,1,2,12,56.66666667
3000,4,3,140000,178,1,1,2,1,1,3,12,46.66666667
1660,4,3,82000,178,1,1,2,1,1,2,12,49.39759036
2450,4,4,110000,178,4,1,1,2,1,2,12,44.89795918
1650,2,3,76000,178,2,1,2,1,1,1,12,46.06060606
1800,3,3,90000,178,1,1,2,1,1,3,12,50
3500,5,5,160000,178,1,4,1,1,1,3,14,45.71428571
2600,4,3,90000,22,1,3,2,1,1,3,14,34.61538462
2250,3,3,120000,22,1,3,3,1,1,3,13,53.33333333
2250,3,3,140000,22,1,3,3,1,1,3,13,62.22222222
2410,5,4,110000,22,1,3,2,1,1,3,13,45.64315353
2200,3,3,95000,22,1,3,1,1,1,3,13,43.18181818
2700,4,3,130000,22,1,3,2,1,1,3,14,48.14814815
2600,4,3,110000,22,3,3,1,1,1,3,13,42.30769231
2300,4,3,95000,22,1,3,3,1,1,3,13,41.30434783
1800,4,3,80000,22,1,1,2,1,1,3,13,44.44444444
1650,3,4,80000,22,1,1,2,1,1,3,13,48.48484848
1650,3,3,85000,22,2,1,1,1,1,3,13,51.51515152
2200,3,3,115000,22,1,3,1,2,1,1,13,52.27272727
2380,3,3,105000,22,1,3,1,1,1,3,13,44.11764706
3200,4,4,260000,22,1,3,3,1,1,3,14,81.25
1800,4,3,110000,22,1,3,3,1,1,3,13,61.11111111
4000,5,4,330000,31,1,3,3,1,1,3,15,82.5
2880,4,4,220000,22,1,4,2,1,1,3,14,76.38888889
2300,3,3,80000,22,5,2,3,1,1,3,13,34.7826087
3200,5,4,280000,31,4,3,2,1,1,3,13,87.5
3400,5,4,370000,31,1,3,1,1,1,3,13,108.8235294
3000,5,4,300000,31,1,3,2,1,1,3,13,100
1550,3,3,63000,22,1,2,2,1,1,2,12,40.64516129
2350,5,4,105000,22,1,3,1,1,1,3,14,44.68085106
3000,5,4,270000,31,1,3,2,1,1,3,13,90
1800,4,3,125000,22,1,3,1,3,1,3,13,69.44444444
3500,5,4,370000,31,5,3,2,1,1,3,13,105.7142857
1700,3,2,100000,22,1,3,1,2,1,2,12,58.82352941
2000,3,3,100000,22,2,3,1,1,1,2,12,50
3300,5,4,130000,22,1,3,1,1,1,3,13,39.39393939
1700,3,3,95000,22,1,3,2,1,1,1,12,55.88235294
1833,4,3,110000,22,1,3,1,1,1,2,12,60.01091107
1790,3,3,80000,22,1,3,2,2,1,3,12,44.69273743
2200,3,3,100000,22,1,3,1,1,1,3,13,45.45454545
2110,3,3,110000,22,1,3,2,1,1,3,13,52.13270142
2600,3,3,130000,22,1,3,1,1,1,1,13,50
1675,4,4,95000,22,1,3,2,1,1,1,12,56.71641791
2515,5,4,150000,22,1,3,3,1,1,3,14,59.64214712
1800,3,3,90000,22,1,3,3,1,1,3,14,50
2221,4,3,120000,22,1,3,2,1,1,3,13,54.02971634
2463,4,3,195000,22,4,3,2,1,1,3,14,79.17174178
2200,4,3,120000,22,1,3,3,1,1,3,14,54.54545455
2600,4,3,110000,22,2,4,2,1,1,3,14,42.30769231
2450,5,4,115000,22,1,3,3,1,1,3,14,46.93877551
2000,3,3,95000,22,1,3,1,1,1,3,13,47.5
2800,4,4,145000,22,1,4,1,1,1,2,14,51.78571429
2450,4,3,175000,22,1,3,2,1,1,3,14,71.42857143
2500,3,3,155000,22,1,3,1,1,1,3,15,62
1700,4,3,110000,22,2,3,1,3,1,1,13,64.70588235
2600,3,3,120000,22,5,3,2,1,1,3,14,46.15384615
2300,3,3,125000,22,1,3,3,1,1,3,12,54.34782609
2500,4,3,140000,31,1,3,2,1,1,3,14,56
2700,4,3,180000,31,1,3,2,1,1,3,14,66.66666667
3000,4,3,160000,31,3,3,1,1,1,3,15,53.33333333
2700,5,4,200000,31,1,3,2,1,1,3,15,74.07407407
3400,5,4,145000,31,2,3,2,1,1,3,15,42.64705882
2500,4,3,150000,31,1,3,2,3,1,3,14,60
1620,3,2,95000,22,1,2,1,1,1,4,12,58.64197531
2100,3,3,120000,22,1,3,2,1,1,3,13,57.14285714
2700,2,3,120000,22,3,3,2,2,1,3,14,44.44444444
1740,4,3,90000,22,1,3,2,1,1,2,13,51.72413793
1309,3,3,85000,22,1,3,1,1,1,2,14,64.93506494
3000,4,3,190000,31,1,4,1,2,1,3,16,63.33333333
2250,4,3,90000,31,1,3,2,2,1,3,14,40
3400,3,3,145000,31,1,3,2,1,1,3,16,42.64705882
3000,5,4,170000,31,1,3,1,1,1,3,14,56.66666667
2700,5,3,150000,31,1,3,2,1,1,3,13,55.55555556
3000,4,3,205000,31,1,3,2,1,1,3,13,68.33333333
3300,5,3,180000,31,1,3,2,1,1,3,13,54.54545455
4000,5,3,350000,31,1,3,1,1,1,3,13,87.5
2700,5,4,220000,31,1,3,3,1,1,3,14,81.48148148
2800,4,3,140000,31,1,3,2,1,1,3,12,50
2200,5,4,155000,31,1,3,2,1,1,3,13,70.45454545
2500,4,3,160000,31,1,3,2,1,1,3,12,64
4635,6,4,270000,31,1,3,1,5,1,3,14,58.25242718
1880,3,3,120000,22,3,3,1,1,1,2,14,63.82978723
3400,5,4,180000,31,1,3,2,1,1,3,15,52.94117647
2000,4,3,130000,31,1,3,1,1,1,3,12,65
4000,5,4,230000,31,1,3,3,2,1,3,14,57.5
1800,3,3,120000,178,2,3,1,2,1,2,12,66.66666667
2540,5,4,170000,31,5,3,1,3,1,3,14,66.92913386
1500,4,3,80000,178,1,3,2,1,1,2,12,53.33333333
1700,4,3,100000,178,2,3,3,1,1,2,13,58.82352941
2250,5,4,100000,178,4,3,2,2,1,3,11,44.44444444
2018,3,3,95000,178,1,3,2,1,1,2,13,47.07631318
1700,3,3,100000,178,1,3,1,1,1,2,12,58.82352941
2700,4,3,185000,31,1,3,2,1,1,3,11,68.51851852
2200,5,4,95000,178,1,3,1,1,1,3,11,43.18181818
3000,4,3,130000,178,4,3,3,1,1,3,12,43.33333333
2150,4,3,160000,31,1,3,1,1,1,3,13,74.41860465
2900,4,3,200000,31,1,3,1,1,1,3,12,68.96551724
1400,3,2,170000,31,1,3,3,2,1,2,11,121.4285714
3600,9,2,500000,22,1,2,2,1,1,1,6,138.8888889
3300,5,4,350000,31,2,3,2,1,2,3,14,106.0606061
2500,4,3,170000,31,2,3,2,3,1,3,11,68
1790,3,3,80000,22,1,3,1,1,1,3,12,44.69273743
1100,2,3,110000,178,1,3,2,3,1,1,11,100
1800,4,3,95000,178,1,3,1,1,1,2,12,52.77777778
4200,7,4,330000,22,1,2,2,1,1,1,8,78.57142857
1400,4,3,85000,178,1,3,2,2,1,2,12,60.71428571
1800,4,3,95000,178,1,1,1,1,1,2,12,52.77777778
1600,4,3,95000,178,1,3,1,1,1,2,12,59.375
1800,4,3,105000,178,3,3,3,2,1,2,12,58.33333333
1800,4,3,105000,178,1,2,2,1,1,1,11,58.33333333
2500,4,3,165000,31,1,3,2,1,1,3,11,66
2700,5,4,115000,178,2,3,1,2,1,3,13,42.59259259
1800,4,3,115000,178,1,3,2,1,1,2,12,63.88888889
2200,5,3,65000,36,1,3,1,1,1,3,12,29.54545455
2600,5,3,150000,22,1,4,1,1,2,3,13,57.69230769
1900,4,3,115000,178,1,3,2,2,1,2,13,60.52631579
2667,4,3,170000,31,3,3,2,3,1,3,11,63.74203225
3150,5,4,190000,31,5,3,2,1,1,3,14,60.31746032
2200,5,4,50,36,1,3,2,1,2,1,13,0.022727273
2400,3,3,20,14,1,2,3,3,1,1,9,0.008333333
1650,4,3,180000,31,1,4,2,1,1,2,17,109.0909091
3700,5,4,300000,31,2,5,2,2,2,3,18,81.08108108
1600,3,3,50000,178,1,3,1,1,1,2,14,31.25
2750,3,3,190000,31,2,3,3,1,1,3,15,69.09090909
2500,3,3,180000,31,1,3,1,1,1,2,14,72
4700,5,4,370000,31,1,4,2,2,1,3,16,78.72340426
2450,4,4,140000,31,1,3,1,1,1,3,14,57.14285714
3200,4,4,220000,31,1,3,2,1,2,3,16,68.75
2200,3,3,90000,31,1,3,3,1,1,2,15,40.90909091
3300,5,4,280000,31,1,3,3,1,1,3,14,84.84848485
1650,3,3,105000,31,1,3,1,4,1,3,13,63.63636364
2250,4,3,90000,31,1,2,1,1,1,2,14,40
3300,6,5,260000,31,1,3,2,2,1,3,14,78.78787879
2200,3,3,105000,31,1,2,1,1,1,3,15,47.72727273
2500,4,3,180000,31,1,3,2,5,1,3,13,72
2000,3,3,130000,31,1,3,2,1,1,3,12,65
3400,3,3,230000,31,1,3,2,1,1,3,16,67.64705882
2200,3,3,160000,31,1,2,1,1,1,3,14,72.72727273
2500,4,3,180000,31,3,3,2,2,1,3,12,72
2950,3,3,200000,31,1,3,2,1,1,3,16,67.79661017
2450,3,3,150000,31,1,3,1,1,1,3,15,61.2244898
2600,4,3,180000,31,1,2,3,1,1,3,16,69.23076923
2800,4,3,180000,31,1,3,1,1,1,3,16,64.28571429
5200,6,4,290000,31,1,3,2,1,1,3,17,55.76923077
3000,4,4,200000,31,1,3,2,1,1,3,16,66.66666667
3750,4,4,370000,31,1,3,2,1,1,3,15,98.66666667
4000,4,4,230000,31,1,3,2,2,1,3,16,57.5
2700,3,3,180000,31,1,3,2,1,1,3,14,66.66666667
2050,3,3,105000,31,3,2,2,1,1,3,13,51.2195122
3715,4,4,300000,31,4,4,1,2,1,3,16,80.75370121
3500,4,4,230000,31,1,2,2,1,1,3,16,65.71428571
3715,4,4,275000,31,1,3,2,1,1,3,16,74.02422611
2700,3,3,170000,31,1,2,3,1,1,1,10,62.96296296
2800,4,4,180000,31,1,3,3,2,1,3,14,64.28571429
300,1,3,90000,22,2,3,2,1,3,2,6,300
2600,4,3,185000,31,1,4,2,1,2,3,17,71.15384615
2400,4,3,135000,31,4,2,2,1,1,3,15,56.25
2250,4,3,135000,31,1,2,2,1,1,3,13,60
3000,4,4,260000,31,1,3,3,1,1,3,16,86.66666667
2700,4,3,175000,31,1,4,2,1,2,3,17,64.81481481
3500,4,4,220000,31,1,1,1,1,3,2,14,62.85714286
3000,3,3,150000,31,2,2,1,1,1,3,15,50
2700,4,3,120000,31,2,3,2,1,1,3,16,44.44444444
3000,3,3,180000,31,1,3,1,2,1,3,15,60
2573,3,3,80000,31,1,2,1,1,1,3,13,31.09211038
2350,3,3,100000,31,1,2,3,1,1,3,14,42.55319149
500,1,1,16000,118,5,1,3,1,2,3,4,32
200,1,3,25000,57,1,1,2,2,3,3,3,125
200,1,1,10000,180,1,2,2,1,3,3,5,50
950,2,2,16000,118,3,2,1,1,4,1,3,16.84210526
900,1,2,15000,123,1,1,1,1,4,3,4,16.66666667
600,1,3,15000,118,3,1,2,1,4,1,4,25
1350,3,3,55000,57,1,2,2,3,2,2,4,40.74074074
1350,3,3,55000,57,1,1,1,1,5,2,3,40.74074074
1350,2,3,60000,57,1,1,1,1,4,3,12,44.44444444
650,1,1,20000,118,1,2,1,1,2,3,3,30.76923077
950,2,3,20000,118,1,1,2,1,5,3,3,21.05263158
1100,1,4,25000,118,1,1,2,1,1,3,4,22.72727273
2300,3,3,50000,180,1,2,2,2,3,3,3,21.73913043
1550,2,2,45000,180,1,2,2,1,3,3,1,29.03225806
1200,2,2,40000,118,1,1,2,1,2,3,4,33.33333333
1200,2,2,40000,118,1,1,3,1,1,3,8,33.33333333
1200,2,2,40000,118,1,1,1,1,2,3,4,33.33333333
1200,2,2,40000,118,1,1,2,2,2,2,3,33.33333333
1700,3,3,30000,180,1,2,1,1,1,3,7,17.64705882
650,2,2,15000,118,1,2,1,2,4,3,3,23.07692308
9000,8,2,500000,124,1,2,3,1,2,1,3,55.55555556
1600,3,3,28500,14,1,2,2,4,1,3,3,17.8125
2300,3,4,70000,57,1,1,3,1,4,3,3,30.43478261
1400,3,3,45000,57,1,1,2,1,3,3,3,32.14285714
1800,3,4,55000,20,1,2,2,1,1,3,1,30.55555556
2650,3,4,70000,55,1,1,1,3,4,1,1,26.41509434
1600,2,4,22000,166,1,1,2,2,2,1,3,13.75
1000,1,3,20000,118,1,2,1,1,4,3,3,20
7280,4,3,590400,180,1,1,1,1,2,3,4,81.0989011
2250,5,4,70000,180,1,1,2,2,3,2,3,31.11111111
1350,3,3,50000,144,4,1,2,3,3,2,4,37.03703704
1450,3,3,60000,27,1,1,1,1,2,3,3,41.37931034
1600,3,3,30000,14,1,1,2,2,1,2,1,18.75
800,1,1,25000,55,1,2,1,2,1,1,3,31.25
4000,6,6,150000,180,1,2,2,1,5,1,3,37.5
1200,3,3,25000,179,1,2,1,2,4,3,3,20.83333333
2700,3,3,58000,179,1,1,2,1,1,3,3,21.48148148
2700,5,4,115000,31,1,2,2,2,1,2,1,42.59259259
1250,3,3,35000,183,1,1,3,2,4,2,3,28
750,1,5,25000,179,1,2,2,1,4,3,4,33.33333333
1050,2,3,99750,139,1,2,1,2,3,3,5,95
2000,1,3,150000,139,1,2,3,1,1,1,1,75
500,1,2,18000,139,1,2,1,2,4,3,3,36
820,1,2,65600,139,1,2,2,2,3,3,1,80
1290,1,2,64500,124,1,1,1,2,4,2,1,50
1000,1,3,22000,24,3,2,1,2,5,3,3,22
980,1,3,200000,116,1,1,3,1,1,3,4,204.0816327
1150,2,3,32000,116,1,1,3,1,3,2,4,27.82608696
6000,2,3,240000,116,1,2,2,1,3,3,3,40
4500,6,3,202500,118,5,1,2,1,4,2,4,45
900,2,11,30000,118,1,1,2,1,2,1,2,33.33333333
2600,1,3,60,145,1,1,2,1,1,3,4,0.023076923
250,1,2,12000,145,2,1,3,1,4,3,4,48
3100,4,3,263500,118,1,1,1,1,5,3,5,85
1500,1,2,30000,86,1,2,2,1,3,3,3,20
800,2,3,20000,86,1,2,1,1,3,3,3,25
2000,2,3,50000,118,5,1,2,1,2,3,1,25
2000,3,3,80000,67,1,2,3,1,4,3,4,40
1200,1,4,50000,67,1,2,2,3,3,3,3,41.66666667
650,1,3,10000,86,1,2,2,1,4,3,3,15.38461538
600,1,2,10000,86,1,2,1,1,1,3,3,16.66666667
1000,1,3,60000,86,1,2,3,1,1,3,1,60
750,1,4,25000,86,5,1,2,1,1,3,13,33.33333333
2500,1,3,35000,86,1,2,2,1,5,2,3,14
4320,4,2,345600,86,1,1,2,1,2,2,4,80
1250,3,3,36000,118,1,1,1,1,2,3,4,28.8
750,1,3,30000,67,4,2,2,1,3,2,3,40
3285,2,3,285795,118,1,2,2,1,3,3,3,87
650,2,3,20000,118,1,2,2,1,2,3,3,30.76923077
1650,3,4,30000,14,1,3,2,1,2,2,4,18.18181818
650,2,2,20000,118,1,2,1,1,1,2,3,30.76923077
700,1,2,40000,102,1,2,2,3,3,1,14,57.14285714
1500,2,3,40000,123,1,2,2,1,3,3,3,26.66666667
1800,2,3,45000,180,1,2,2,1,4,3,3,25
680,1,2,26000,112,1,1,2,1,3,2,3,38.23529412
3000,3,4,85000,24,4,1,1,1,5,3,2,28.33333333
1300,2,3,23000,123,1,1,1,1,3,2,3,17.69230769
1500,3,3,80000,179,1,2,2,1,6,2,2,53.33333333
3000,6,3,60000,138,1,2,2,1,5,3,3,20
1400,1,3,80000,16,4,2,2,1,3,3,3,57.14285714
1600,2,2,45000,14,1,2,1,1,5,3,3,28.125
2700,1,3,250000,180,1,2,1,1,3,1,4,92.59259259
1500,3,3,40000,16,1,1,3,1,2,1,2,26.66666667
1300,1,6,40000,118,1,1,2,1,5,2,3,30.76923077
2300,2,3,40000,118,1,1,1,1,2,3,3,17.39130435
2600,5,5,85000,55,1,2,3,1,2,3,1,32.69230769
1600,4,3,60000,31,1,2,2,1,4,2,5,37.5
500,1,3,35000,183,1,2,3,3,1,2,4,70
5500,2,2,331600,139,1,1,1,1,2,2,3,60.29090909
1700,2,4,40000,139,1,2,2,1,3,2,4,23.52941176
1260,1,3,69300,139,1,1,2,1,1,2,4,55
2700,4,4,85000,57,5,2,3,1,5,3,3,31.48148148
1700,3,3,55000,139,2,1,1,1,4,2,3,32.35294118
4200,6,6,250000,31,1,1,2,3,1,3,4,59.52380952
700,1,2,25000,124,1,2,1,1,4,3,3,35.71428571
1300,3,3,35000,183,1,2,2,2,3,3,3,26.92307692
800,1,2,13000,24,1,2,1,1,2,3,3,16.25
900,2,2,30000,135,1,1,2,1,3,3,4,33.33333333
200,1,3,16000,134,1,2,2,1,4,1,3,80
1409,1,5,140900,180,1,2,2,1,3,3,3,100
800,1,4,10000,24,1,1,3,5,3,1,4,12.5
7235,2,3,1157600,180,1,1,1,2,1,3,2,160
2000,4,4,36000,180,1,2,2,1,3,1,8,18
1850,3,3,45000,180,1,1,3,2,4,2,3,24.32432432
2000,4,4,20000,86,1,1,2,1,2,3,3,10
2460,2,4,98400,16,1,2,1,1,2,2,3,40
3200,2,3,198400,144,4,2,2,3,1,3,1,62
400,1,1,15000,90,2,1,1,1,4,1,3,37.5
1200,2,3,25000,180,1,1,2,2,2,3,3,20.83333333
2650,4,2,100000,54,1,1,2,1,4,3,4,37.73584906
2200,2,2,154000,180,4,5,2,1,5,2,12,70
1700,3,2,100000,123,1,2,2,1,3,2,3,58.82352941
3360,2,2,504000,61,2,1,2,1,5,1,2,150
5300,4,4,530000,120,1,2,2,3,3,1,4,100
300,1,2,20000,112,1,1,3,1,4,2,3,66.66666667
2600,2,3,130000,20,1,2,1,2,4,3,5,50
1600,1,2,30000,54,1,2,3,1,1,3,4,18.75
5000,4,5,250000,31,1,2,2,1,3,3,3,50
1700,3,3,100000,123,1,1,2,1,2,3,3,58.82352941
1800,4,3,65000,134,1,2,1,1,1,1,4,36.11111111
1900,4,3,65000,134,1,2,2,1,1,3,3,34.21052632
2700,3,3,90000,57,1,1,2,1,1,2,3,33.33333333
1000,2,2,28000,57,1,1,1,2,2,3,4,28
700,2,2,22000,57,1,1,2,1,2,3,3,31.42857143
1500,4,3,45000,134,1,1,2,1,1,3,3,30
1450,3,3,35000,134,2,1,2,1,3,1,4,24.13793103
520,1,1,32000,119,1,2,1,1,3,3,3,61.53846154
1900,3,3,55000,31,1,2,2,1,4,3,4,28.94736842
1440,2,3,60000,57,1,2,2,1,3,3,3,41.66666667
1000,1,1,25000,20,1,1,3,1,4,3,4,25
900,2,2,25000,57,1,2,1,1,2,2,3,27.77777778
2700,4,4,65000,57,1,2,2,1,3,3,13,24.07407407
2550,3,3,110000,57,1,1,2,2,1,2,5,43.1372549
1000,2,3,30000,57,1,1,2,1,1,3,4,30
2700,4,6,65000,57,5,2,1,1,2,2,1,24.07407407
1400,3,3,45000,57,1,4,3,2,1,3,3,32.14285714
400,1,1,16000,57,1,2,2,1,2,3,3,40
2700,4,4,85000,57,1,2,2,1,4,3,4,31.48148148
1350,3,3,35000,57,1,2,1,1,1,2,3,25.92592593
500,1,1,20000,57,1,2,2,1,4,3,3,40
2550,3,3,160000,74,4,1,3,1,2,3,3,62.74509804
3600,4,4,110000,57,3,1,1,2,3,3,3,30.55555556
2800,3,4,90000,57,1,1,1,1,3,3,2,32.14285714
3200,4,4,170000,74,4,1,2,2,3,3,4,53.125
1100,3,2,40000,57,4,2,1,1,3,3,3,36.36363636
800,1,2,23000,135,1,1,1,1,1,1,4,28.75
3200,4,4,140000,74,1,1,2,1,3,2,3,43.75
900,2,2,30000,135,1,1,2,4,2,2,1,33.33333333
1600,3,3,45000,135,1,1,2,1,3,2,16,28.125
1540,3,2,80000,135,5,1,2,1,3,3,3,51.94805195
4000,3,6,130000,135,5,1,1,1,5,2,16,32.5
1300,4,2,55000,57,1,2,2,1,3,1,3,42.30769231
500,1,2,35000,22,1,2,2,2,4,3,1,70
1300,2,3,30000,54,4,2,1,1,1,3,3,23.07692308
3000,5,5,120000,22,1,2,2,2,4,3,3,40
2400,3,3,145000,22,1,2,2,1,2,3,4,60.41666667
2700,3,4,70000,57,1,4,3,1,2,3,1,25.92592593
900,2,2,23000,57,2,2,2,1,3,3,4,25.55555556
2078,3,3,50000,22,1,3,3,1,5,3,12,24.06159769
2300,3,3,60000,57,1,1,2,1,3,3,3,26.08695652
2100,2,2,50000,57,1,2,1,2,2,2,3,23.80952381
1050,2,3,40000,57,1,2,2,1,2,3,3,38.0952381
2800,5,5,100000,57,4,1,1,1,1,2,1,35.71428571
2400,3,3,60000,57,1,1,1,1,3,3,3,25
1750,3,3,60000,31,1,1,1,1,3,3,3,34.28571429
5000,3,5,200000,31,1,4,3,1,4,2,5,40
2600,3,3,75000,57,1,1,1,1,3,2,1,28.84615385
2800,3,5,320000,61,1,1,2,2,4,1,3,114.2857143
2800,2,5,320000,61,1,1,1,1,3,3,4,114.2857143
2880,4,5,180000,22,1,1,2,1,2,1,3,62.5
2400,3,3,65000,57,1,2,1,1,3,3,3,27.08333333
3200,4,4,150000,61,1,2,2,1,3,3,3,46.875
2500,4,4,70000,16,1,2,2,2,2,2,2,28
1000,1,1,50000,31,5,2,1,2,3,3,3,50
1200,2,3,45000,22,1,1,3,1,5,3,10,37.5
500,1,1,18000,24,1,2,2,1,4,1,4,36
900,2,3,14000,24,1,1,2,2,2,2,1,15.55555556
3800,4,4,200000,22,4,1,2,1,4,3,12,52.63157895
1400,3,3,45000,57,1,2,2,1,2,2,1,32.14285714
3000,4,4,70000,134,1,1,3,1,2,3,3,23.33333333
3000,3,3,160000,22,1,2,2,1,1,3,3,53.33333333
2915,3,2,200000,22,1,2,3,1,2,1,4,68.61063465
2600,4,4,80000,57,4,2,2,2,3,3,3,30.76923077
2700,5,4,100000,57,1,2,2,1,3,1,9,37.03703704
2800,4,4,110000,57,1,1,3,2,2,3,3,39.28571429
3736,3,1,200000,22,1,3,1,1,3,2,3,53.53319058
2000,3,3,65000,57,1,1,1,2,5,1,4,32.5
2500,3,5,75000,57,1,1,3,5,1,1,3,30
800,1,1,25000,20,4,2,3,1,4,3,1,31.25
400,1,2,16000,57,1,2,1,2,1,3,3,40
600,1,2,20000,22,1,1,2,1,3,2,4,33.33333333
900,2,2,19000,57,4,2,3,1,3,3,3,21.11111111
600,2,2,13000,57,1,1,3,2,3,2,4,21.66666667
300,1,1,25000,57,4,1,3,1,3,3,4,83.33333333
1250,2,3,35000,57,2,2,3,1,2,3,4,28
1500,2,3,50000,57,1,1,1,1,5,3,3,33.33333333
2400,3,3,75000,57,1,1,2,1,2,1,3,31.25
1500,3,2,60000,74,1,3,2,1,2,3,3,40
4000,6,6,250000,74,1,1,3,2,3,1,5,62.5
700,1,2,50000,74,1,2,3,1,2,2,1,71.42857143
1850,2,3,45000,74,2,1,1,2,1,2,3,24.32432432
2300,4,4,150000,75,1,1,1,1,4,3,3,65.2173913
2400,2,3,75000,74,1,1,1,1,4,3,4,31.25
3000,4,4,200000,75,3,1,2,2,1,2,3,66.66666667
1250,3,3,60000,22,1,1,2,1,2,3,6,48
3000,3,6,140000,74,1,2,2,1,2,1,3,46.66666667
2800,3,3,180000,74,1,1,1,3,1,2,4,64.28571429
1500,3,3,50000,134,1,2,3,1,3,3,2,33.33333333
1400,3,3,40000,134,1,2,1,2,4,3,5,28.57142857
2000,3,3,50000,134,4,2,2,1,2,3,3,25
1310,2,2,55000,75,1,1,3,1,3,2,3,41.98473282
700,1,2,20000,118,3,1,2,1,4,3,3,28.57142857
1500,3,3,60000,134,1,1,2,1,4,3,3,40
1500,2,3,45000,57,2,3,1,1,3,3,3,30
2500,5,5,150000,135,3,2,1,1,1,3,1,60
4000,4,4,250000,31,1,1,3,2,1,3,3,62.5
4200,6,4,300000,22,2,1,2,1,1,1,3,71.42857143
1927,2,6,250000,22,1,2,2,1,2,1,3,129.7353399
1600,2,2,50000,54,2,2,1,1,1,3,4,31.25
1310,2,4,50000,75,1,1,3,1,4,3,3,38.16793893
2200,4,4,35000,56,1,3,2,1,2,2,3,15.90909091
400,1,2,13500,180,4,1,1,1,3,3,3,33.75
1650,3,3,35000,180,3,1,2,1,2,2,3,21.21212121
3400,4,7,90000,134,1,2,1,1,5,3,4,26.47058824
2236,3,3,80000,31,4,1,1,1,3,3,3,35.77817531
1550,3,4,45000,134,1,1,2,1,3,3,5,29.03225806
4100,5,4,220000,75,4,2,2,1,1,2,4,53.65853659
1650,4,3,45000,180,4,1,1,1,1,1,4,27.27272727
1500,2,3,70000,180,4,2,2,1,4,1,3,46.66666667
1500,3,3,40000,180,1,2,3,1,4,2,4,26.66666667
550,1,2,16000,24,1,1,1,1,2,2,4,29.09090909
300,1,1,10000,28,1,1,3,2,2,3,4,33.33333333
1500,2,3,39000,139,5,2,2,2,3,1,3,26
1275,3,3,28000,55,1,1,3,1,2,3,5,21.96078431
300,1,1,10000,139,3,1,2,1,3,3,3,33.33333333
750,1,2,15000,24,1,1,3,1,3,3,5,20
2200,4,3,60000,31,1,2,2,1,3,3,2,27.27272727
1500,3,3,35000,16,4,1,1,1,1,3,3,23.33333333
800,2,2,25000,57,1,1,3,1,3,2,1,31.25
2600,2,5,80000,55,1,1,2,2,3,3,3,30.76923077
2700,4,4,25000,55,1,3,3,1,3,1,4,9.259259259
900,1,2,30000,57,1,2,2,2,2,2,1,33.33333333
2000,3,3,60000,57,1,1,2,1,1,2,3,30
600,1,2,18000,20,4,2,2,1,3,2,4,30
800,2,2,25000,20,1,2,2,1,1,3,3,31.25
900,1,1,40000,20,5,1,3,1,2,3,3,44.44444444
1000,1,1,50000,20,2,2,3,2,2,2,4,50
450,1,1,18000,20,1,1,1,1,1,3,3,40
1650,3,3,35000,134,1,2,2,1,1,2,3,21.21212121
1650,3,3,25000,40,1,1,3,1,5,3,3,15.15151515
500,1,2,30000,135,1,1,1,1,3,3,1,60
1100,4,3,40000,135,1,1,1,1,2,1,3,36.36363636
4000,5,4,200000,22,1,3,3,1,3,3,5,50
1000,1,2,25000,20,1,2,2,1,3,3,4,25
237,1,1,14000,55,4,1,2,1,3,3,4,59.07172996
1300,3,3,35000,55,1,1,3,4,3,1,3,26.92307692
1300,3,3,40000,55,1,2,2,5,1,3,4,30.76923077
250,1,1,6000,55,5,1,2,1,1,3,3,24
800,1,3,25000,180,1,2,2,2,2,3,3,31.25
1455,3,3,38000,180,1,1,1,1,5,3,4,26.11683849
2700,4,5,65000,55,1,2,1,1,4,3,3,24.07407407
1500,2,2,30000,57,1,2,2,1,3,2,4,20
1400,2,4,50000,145,1,1,2,1,1,3,3,35.71428571
700,1,1,30000,145,4,3,2,1,1,3,4,42.85714286
500,1,1,18000,57,1,2,2,1,4,1,5,36
2600,4,4,110000,55,4,1,2,2,2,1,3,42.30769231
600,1,2,24000,61,1,1,1,3,4,1,2,40
1000,2,2,25000,61,5,2,2,1,2,3,4,25
3000,4,5,175000,61,1,1,1,1,4,1,3,58.33333333
800,2,2,15000,24,1,1,3,1,4,1,4,18.75
1100,3,3,19000,24,4,2,2,1,2,3,3,17.27272727
4000,5,5,200000,22,2,1,1,1,3,3,2,50
1800,4,9,40000,118,1,1,2,1,1,3,4,22.22222222
1600,2,3,40000,55,1,1,2,1,2,3,3,25
1350,4,3,35000,55,3,1,2,1,5,2,4,25.92592593
1500,3,4,40000,180,1,2,2,1,1,3,4,26.66666667
2100,3,3,50000,31,1,2,2,1,2,2,3,23.80952381
4000,5,4,350000,31,1,1,3,1,4,3,3,87.5
2800,3,4,60000,31,3,2,2,1,1,2,3,21.42857143
1850,3,1,80000,31,1,1,1,1,4,2,3,43.24324324
2800,4,6,90000,31,1,1,3,1,1,3,4,32.14285714
2000,3,4,75000,31,1,1,1,3,4,3,4,37.5
300,1,2,18000,55,1,2,2,1,4,1,3,60
1500,3,3,50000,22,1,1,2,1,4,4,6,33.33333333
1150,2,3,36000,123,3,2,2,1,4,1,2,31.30434783
1665,4,3,35000,180,1,1,3,1,4,3,3,21.02102102
7000,2,2,450000,22,2,2,2,1,2,3,4,64.28571429
4136,2,1,330000,22,1,1,2,1,1,3,3,79.78723404
2049,3,3,45000,134,1,1,1,2,1,1,3,21.96193265
1400,4,4,70000,57,1,3,2,1,4,3,3,50
2200,3,3,50000,56,1,2,1,1,4,1,3,22.72727273
716,1,2,30000,139,1,2,2,1,3,2,3,41.89944134
4200,5,6,200000,74,1,2,2,1,3,2,4,47.61904762
2280,3,3,35000,56,4,3,2,1,2,2,3,15.35087719
2150,4,4,32000,56,1,3,1,1,2,1,3,14.88372093
2300,4,4,50000,56,1,1,1,1,3,2,3,21.73913043
1500,3,3,40000,134,1,3,2,1,1,2,2,26.66666667
2800,4,4,70000,134,1,1,2,2,3,2,3,25
700,2,2,30000,57,5,2,1,1,1,2,3,42.85714286
1850,3,3,45000,134,1,2,1,1,1,1,3,24.32432432
1500,3,3,45000,134,1,2,2,1,2,2,3,30
1500,3,3,37000,135,1,1,2,1,5,2,3,24.66666667
4100,6,4,260000,75,1,2,3,1,4,2,4,63.41463415
2500,4,3,60000,134,1,2,1,1,1,3,3,24
5400,1,1,250000,75,3,1,2,1,4,2,5,46.2962963
4000,4,4,300000,74,1,2,1,2,1,2,4,75
780,2,3,25000,171,2,1,1,1,3,2,1,32.05128205
3600,4,3,100000,134,1,1,1,1,3,3,14,27.77777778
1350,3,3,40000,134,4,3,3,1,1,3,3,29.62962963
1450,2,2,40000,55,1,1,2,1,3,3,3,27.5862069
1700,3,3,50000,55,5,2,1,1,4,2,1,29.41176471
2000,3,3,50000,55,1,1,2,1,1,3,3,25
100,1,1,15000,55,2,1,2,1,4,4,4,150
2560,3,4,60000,55,1,2,2,1,1,3,4,23.4375
1200,2,3,17500,20,1,2,1,3,4,3,3,14.58333333
1100,3,2,60000,22,1,1,1,2,1,3,4,54.54545455
1650,3,3,40000,55,1,2,2,1,1,2,4,24.24242424
4200,5,4,250000,75,1,2,2,1,1,2,3,59.52380952
1700,4,3,60000,22,1,1,2,1,3,2,3,35.29411765
2200,2,4,180000,22,1,2,3,1,4,3,3,81.81818182
4200,2,1,220000,22,1,1,2,2,2,3,4,52.38095238
2700,4,4,70000,55,5,1,3,1,4,3,3,25.92592593
2000,2,4,200000,22,1,2,3,1,3,3,3,100
2021,3,4,180000,22,1,1,2,1,3,2,1,89.0648194
1300,3,3,35000,180,1,1,2,1,3,3,3,26.92307692
1500,2,1,40000,180,1,1,1,1,2,2,4,26.66666667
2000,4,3,180000,22,1,1,3,1,2,2,3,90
2000,4,3,180000,22,1,2,2,1,1,3,16,90
4200,4,8,220000,22,1,1,1,1,3,3,3,52.38095238
700,2,2,21000,120,1,2,2,1,4,2,12,30
2500,4,4,65000,57,1,1,1,1,3,2,3,26
1500,2,2,30000,135,1,1,2,1,3,3,3,20
1000,1,1,22000,135,1,1,2,1,2,3,14,22
1350,1,1,35000,14,1,2,1,1,3,1,4,25.92592593
1250,2,1,35000,57,1,1,3,1,4,2,4,28
3500,3,3,80000,180,1,2,2,3,3,3,5,22.85714286
11000,6,10,500000,22,1,1,2,1,2,1,2,45.45454545
4000,5,6,220000,74,1,1,2,1,1,2,3,55
2300,3,3,40000,61,1,2,1,2,3,2,4,17.39130435
1580,3,3,3600,179,5,1,2,1,3,2,1,2.278481013
3500,4,4,80000,180,2,2,2,1,3,3,3,22.85714286
650,1,1,15000,118,3,1,1,1,3,2,3,23.07692308
1300,4,3,23000,180,1,3,1,1,3,3,3,17.69230769
1000,2,3,19000,20,1,1,2,1,4,1,4,19
3000,4,4,70000,134,1,2,2,1,2,3,2,23.33333333
1000,1,2,50000,22,1,2,1,2,3,2,4,50
400,1,2,18000,180,1,1,1,1,4,2,3,45
3750,4,4,175000,22,1,1,2,1,2,2,3,46.66666667
4000,2,1,300000,75,1,1,3,1,2,2,4,75
4000,2,1,160000,135,1,2,2,1,4,1,3,40
1950,1,1,120000,31,1,1,2,1,4,1,3,61.53846154
1500,3,3,60000,180,1,2,2,1,3,2,4,40
2400,4,3,55000,180,1,3,2,1,4,1,4,22.91666667
2380,3,3,190000,31,4,2,1,1,3,3,3,79.83193277
1520,3,3,65000,180,1,2,2,1,2,3,3,42.76315789
3000,2,2,200000,180,1,1,1,1,4,3,3,66.66666667
14000,4,1,650000,180,1,1,2,1,2,2,4,46.42857143
1800,4,5,60000,20,5,2,3,2,3,3,13,33.33333333
1620,6,5,81000,180,1,1,2,3,1,3,4,50
1200,3,3,25000,180,5,2,2,1,1,3,3,20.83333333
3600,6,5,100000,180,1,1,3,3,3,2,3,27.77777778
1800,4,4,60000,180,1,1,1,2,1,3,1,33.33333333
3500,4,4,90000,180,1,1,3,1,1,3,1,25.71428571
2103,2,1,60000,180,3,1,3,1,1,3,4,28.53067047
4000,3,1,120000,179,1,1,2,1,3,3,3,30
3500,5,4,80000,180,1,1,2,1,1,2,13,22.85714286
1500,4,6,60000,57,1,2,2,1,1,3,3,40
2130,3,3,60000,180,1,1,3,1,4,2,3,28.16901408
3100,1,1,100000,180,1,1,2,1,2,3,3,32.25806452
3000,4,3,300000,180,4,1,1,1,2,3,3,100
2300,3,3,65000,180,1,1,3,1,4,3,3,28.26086957
3200,3,3,800000,134,1,1,2,1,2,1,3,250
400,1,2,22000,139,1,1,2,1,3,1,6,55
1600,3,3,45000,55,1,1,3,1,5,1,4,28.125
1600,3,5,110000,162,1,1,2,3,3,1,4,68.75
1200,3,3,35000,162,1,1,2,1,3,1,3,29.16666667
700,1,3,25000,162,2,2,2,1,4,3,4,35.71428571
400,1,1,11000,55,1,2,2,1,2,3,1,27.5
1800,3,5,35000,123,5,3,2,1,3,3,12,19.44444444
150,1,1,10000,180,2,1,2,2,2,3,4,66.66666667
700,1,2,20000,170,1,2,3,1,2,3,4,28.57142857
1700,2,3,50000,112,1,2,2,2,1,3,3,29.41176471
1350,2,4,52000,27,5,3,2,1,4,1,3,38.51851852
750,2,3,15000,135,1,1,2,1,3,3,14,20
1500,3,3,30000,135,1,3,3,1,3,2,4,20
400,1,1,8000,135,1,2,2,2,1,4,3,20
1200,3,3,25000,135,1,1,1,2,4,1,4,20.83333333
1000,2,2,27000,135,1,3,1,1,2,3,4,27
800,1,2,20000,135,1,1,2,1,1,3,3,25
2450,3,5,100000,134,1,2,2,4,1,3,4,40.81632653
3000,5,5,100000,134,1,2,2,1,5,1,2,33.33333333
2100,3,5,60000,135,1,2,1,1,2,3,3,28.57142857
1400,2,3,25000,135,1,2,1,1,4,3,4,17.85714286
3500,4,7,125000,134,1,1,3,2,5,3,5,35.71428571
2250,3,3,70000,134,1,1,2,1,1,3,2,31.11111111
800,1,2,16500,133,4,1,2,1,3,3,4,20.625
2600,3,7,100000,180,4,2,3,1,5,2,3,38.46153846
1250,3,3,40000,56,2,1,2,1,4,1,3,32
2000,2,2,600000,180,1,2,2,1,4,1,3,300
2800,3,4,100000,57,4,1,2,1,2,2,3,35.71428571
2000,3,4,50000,31,1,1,2,1,1,3,3,25
1860,4,3,50000,31,1,2,2,1,1,2,3,26.88172043
2800,3,4,56000,180,1,1,3,1,2,3,4,20
1250,2,5,25000,118,1,2,2,1,3,3,3,20
2000,2,3,50000,31,1,2,3,2,4,1,4,25
1200,2,2,18000,180,1,2,2,1,5,3,3,15
2700,4,3,75000,146,5,1,3,2,1,2,1,27.77777778
1130,3,3,23000,118,1,2,1,1,1,1,3,20.3539823
1200,3,3,25000,123,3,2,3,2,4,3,4,20.83333333
1200,2,4,60000,123,1,1,2,1,4,3,3,50
1300,3,3,35000,162,1,1,1,1,2,3,3,26.92307692
1480,3,3,45000,179,1,2,2,2,2,2,4,30.40540541
2000,5,3,50000,31,1,2,2,1,3,3,3,25
1000,2,2,30500,118,1,1,3,1,3,3,3,30.5
1900,4,5,150000,61,1,3,1,3,3,3,2,78.94736842
900,2,2,22000,135,1,2,2,1,2,1,4,24.44444444
2000,2,3,200000,22,1,1,2,1,4,1,3,100
3600,4,4,60000,22,4,1,1,3,3,2,3,16.66666667
900,2,2,14500,157,1,1,2,1,4,2,3,16.11111111
2200,2,5,200000,22,1,1,1,2,3,2,1,90.90909091
700,3,2,13000,157,4,2,2,1,2,3,2,18.57142857
800,2,2,12000,157,1,3,1,3,4,3,3,15
2200,5,3,121000,31,1,2,2,1,5,1,4,55
2300,4,5,60000,31,1,1,2,1,3,3,3,26.08695652
2700,4,4,105000,134,2,2,1,1,2,3,4,38.88888889
1100,2,3,30000,47,1,3,2,1,4,2,3,27.27272727
1200,3,3,25000,134,1,1,3,1,3,2,1,20.83333333
250,1,1,250,134,1,1,2,1,2,1,3,1
200,1,4,10000,162,1,3,2,1,2,3,4,50
1875,4,3,22000,24,1,1,2,1,2,1,3,11.73333333
600,1,2,12000,24,4,1,2,1,1,2,1,20
1000,3,4,30000,112,1,2,2,1,1,2,3,30
1000,2,3,20000,118,1,1,2,2,3,1,4,20
260,1,4,15000,110,5,1,1,2,3,1,3,57.69230769
2000,3,3,55000,55,1,1,2,1,3,1,13,27.5
4000,5,5,400000,75,1,2,2,1,4,2,3,100
300,1,1,10000,24,1,1,2,2,3,1,2,33.33333333
1620,4,2,55000,57,3,2,2,1,4,3,1,33.95061728
600,1,1,16000,24,1,1,1,2,3,3,4,26.66666667
1300,3,3,40000,55,1,1,2,2,1,3,3,30.76923077
700,2,2,1,24,1,2,3,1,4,3,4,0.001428571
2,2,2,12000,56,1,1,1,1,2,2,2,6000
900,2,3,18000,20,1,2,2,1,5,3,3,20
700,2,3,16000,20,1,1,1,1,4,2,3,22.85714286
300,2,1,10000,56,1,1,3,1,2,2,3,33.33333333
2250,4,4,32000,56,4,2,3,1,3,3,4,14.22222222
1000,1,2,32000,20,1,3,2,1,1,2,3,32
600,1,2,13000,24,1,2,1,1,3,2,4,21.66666667
3500,2,3,150000,20,1,1,2,2,5,3,2,42.85714286
850,1,3,26000,20,1,1,2,1,4,3,4,30.58823529
5000,3,3,250000,20,3,1,2,1,3,1,3,50
6500,4,6,35,180,1,1,1,1,4,2,5,0.005384615
2700,4,5,70000,55,1,2,1,2,3,3,3,25.92592593
2200,2,2,99000,20,1,1,3,1,3,3,3,45
4350,1,3,50000,51,1,2,1,2,1,3,3,11.49425287
1700,1,2,85000,20,1,2,2,1,3,3,4,50
1500,4,3,55000,123,1,2,1,1,1,1,3,36.66666667
3000,3,3,120000,134,1,1,3,3,4,2,3,40
1250,3,3,60,162,3,2,2,1,1,3,3,0.048
3300,1,1,50000,145,1,2,1,2,1,3,3,15.15151515
500,2,3,10500,92,4,2,2,1,1,3,3,21
1400,4,3,45000,55,1,2,3,2,3,2,3,32.14285714
1600,2,2,25000,123,1,1,2,1,3,3,14,15.625
1300,3,3,55000,139,1,2,2,3,3,3,5,42.30769231
1500,4,4,60000,59,1,2,1,1,1,2,4,40
1130,4,3,25,59,1,1,2,2,1,1,3,0.022123894
1500,5,8,80000,135,1,2,2,1,4,1,14,53.33333333
650,2,2,16500,135,1,2,2,2,1,3,1,25.38461538
600,1,2,12500,135,1,1,1,1,5,2,8,20.83333333
1700,4,3,36000,135,1,2,2,1,2,1,1,21.17647059
600,3,3,20000,135,1,2,2,1,2,2,3,33.33333333
3100,3,5,155000,123,1,1,1,1,6,3,4,50
1200,3,3,25000,135,1,1,3,1,3,1,5,20.83333333
1500,3,3,40000,20,5,1,2,1,3,2,12,26.66666667
6000,4,2,600000,75,1,2,1,1,5,3,3,100
1600,3,5,28000,145,2,1,1,1,3,3,5,17.5
1500,4,3,45000,61,1,2,1,1,3,3,1,30
1500,3,4,36000,56,1,2,3,1,2,3,4,24
2200,4,4,40000,56,1,1,2,1,3,3,3,18.18181818
700,2,2,18000,27,1,1,2,1,1,2,4,25.71428571
1450,3,5,40000,20,1,1,3,1,1,3,3,27.5862069
800,2,2,20000,24,1,2,2,1,4,3,4,25
800,2,2,22000,57,1,1,2,2,5,3,2,27.5
4600,5,5,345000,179,1,1,2,1,5,2,3,75
550,1,2,40000,112,1,1,1,1,2,3,3,72.72727273
3000,5,4,100000,134,4,2,1,1,4,1,3,33.33333333
2500,4,3,90000,134,5,2,3,1,3,3,3,36
750,3,3,15500,24,1,2,2,3,1,2,4,20.66666667
1250,4,3,30000,24,1,1,1,1,1,3,4,24
2200,4,3,50000,24,2,2,1,1,3,3,3,22.72727273
1200,2,1,45000,20,3,1,1,1,2,1,3,37.5
1300,3,3,45000,40,1,1,2,1,4,3,3,34.61538462
700,2,2,25000,54,2,1,2,1,2,2,4,35.71428571
2750,4,5,75000,55,1,1,3,1,1,3,1,27.27272727
1200,4,3,25000,162,4,2,3,3,4,2,4,20.83333333
1200,3,3,30000,162,1,1,1,1,3,3,5,25
2300,4,3,161000,179,4,1,2,1,1,4,3,70
1280,3,3,20000,14,1,1,1,1,4,3,1,15.625
1500,5,3,25000,162,1,1,3,1,1,3,3,16.66666667
1400,2,3,50000,57,2,1,2,1,3,3,3,35.71428571
2700,1,1,50,97,1,2,1,1,4,1,3,0.018518519
1300,3,3,45000,134,1,2,1,1,1,2,3,34.61538462
1000,3,2,27000,135,5,1,1,1,3,1,2,27
1362,4,3,35000,24,1,2,3,1,4,2,3,25.69750367
760,1,3,10000,133,1,2,2,1,3,3,3,13.15789474
3600,5,3,130000,134,1,3,2,2,1,1,2,36.11111111
500,1,2,10000,157,3,1,1,1,5,3,3,20
1300,3,2,120000,55,2,1,2,1,4,3,14,92.30769231
2000,3,3,70000,179,1,1,1,1,3,3,4,35
3600,6,6,150000,157,1,2,1,1,3,2,3,41.66666667
1950,3,3,60000,134,1,3,2,1,1,2,3,30.76923077
1300,3,3,45000,134,1,1,3,1,4,2,3,34.61538462
2200,4,5,30000,56,1,2,3,2,2,3,4,13.63636364
4656,6,3,150000,118,1,2,2,1,3,1,3,32.21649485
1200,4,3,30000,20,1,2,3,2,1,2,4,25
1500,3,3,150000,24,4,3,2,1,3,2,3,100
1550,5,4,45000,135,1,2,2,1,1,3,3,29.03225806
750,2,3,18000,118,1,1,1,5,2,3,3,24
400,2,2,16000,135,1,2,3,1,2,1,3,40
1000,2,2,15000,70,1,2,2,1,3,3,1,15
1800,4,3,40000,135,4,2,3,1,4,2,3,22.22222222
1800,4,4,45000,135,4,1,3,1,1,1,3,25
500,2,1,18000,170,1,1,1,1,1,2,3,36
1400,2,1,60000,27,2,2,1,1,1,2,4,42.85714286
1560,3,4,15000,62,1,1,3,1,3,2,1,9.615384615
3600,4,4,36000,62,1,2,2,1,1,3,4,10
2800,3,7,200000,61,1,1,1,1,4,2,3,71.42857143
2600,4,5,65000,31,4,2,2,1,3,3,2,25
2000,2,3,300000,27,3,1,1,1,3,2,2,150
10,2,3,40000,139,1,1,2,2,1,2,4,4000
750,1,4,30000,145,1,2,2,1,3,2,1,40
1400,4,3,33000,14,1,1,1,1,3,2,3,23.57142857
1000,2,2,35000,162,1,1,2,1,2,3,4,35
2100,2,3,40000,144,1,2,2,1,4,3,3,19.04761905
1550,6,3,45000,134,1,1,2,1,1,3,4,29.03225806
160,1,3,12000,51,1,2,1,1,4,2,12,75
3000,3,4,110000,134,1,1,3,1,1,3,1,36.66666667
1000,2,3,15000,14,1,2,2,1,1,3,1,15
5500,5,3,200000,134,4,2,2,1,4,1,4,36.36363636
700,3,3,17000,24,2,3,2,1,1,2,4,24.28571429
1100,1,2,15000,138,1,2,3,1,1,3,4,13.63636364
2200,1,2,30000,24,1,1,3,1,1,2,5,13.63636364
2512,6,5,95000,54,1,4,2,1,3,2,3,37.81847134
150,2,1,10000,56,1,1,2,1,5,3,3,66.66666667
3700,6,3,150000,31,1,1,3,2,3,2,1,40.54054054
2200,3,4,40000,56,5,2,3,1,4,2,4,18.18181818
2350,3,3,30000,56,1,1,1,3,2,2,4,12.76595745
7200,10,8,125000,51,1,2,2,2,3,2,3,17.36111111
600,1,2,17000,112,1,1,3,1,1,3,3,28.33333333
400,1,1,16000,57,1,1,2,2,3,3,4,40
2200,3,3,40000,56,1,2,1,4,1,1,3,18.18181818
1550,4,3,45000,18,1,3,1,1,3,3,4,29.03225806
1175,3,5,35000,55,1,2,2,1,3,3,16,29.78723404
1000,2,5,25000,24,2,1,1,2,1,1,4,25
1350,3,3,35000,55,1,1,2,2,2,3,3,25.92592593
2100,4,4,350000,56,1,2,2,1,3,2,4,166.6666667
2600,3,4,85000,55,1,1,1,2,3,1,4,32.69230769
2700,4,3,60000,40,1,2,2,1,3,2,4,22.22222222
150,1,1,10000,55,2,2,3,1,2,2,4,66.66666667
1200,2,5,10000,62,1,1,2,1,3,1,4,8.333333333
1500,1,3,50000,112,1,1,3,1,3,3,3,33.33333333
1500,2,2,12000,33,5,2,2,1,1,1,14,8
1000,1,3,25000,162,2,1,1,1,2,2,3,25
900,1,1,15000,59,4,1,3,1,3,1,3,16.66666667
3000,3,3,100000,55,1,1,2,1,2,3,1,33.33333333
2600,3,4,70000,55,1,1,2,1,1,3,3,26.92307692
270,1,1,10000,55,1,2,2,5,1,3,3,37.03703704
2600,3,4,80000,55,1,2,2,2,1,3,2,30.76923077
400,1,1,13000,55,1,1,2,1,3,2,4,32.5
2200,4,8,65000,34,1,2,3,1,4,2,4,29.54545455
1200,2,2,20000,24,1,2,2,1,2,3,3,16.66666667
2500,4,4,50000,40,1,1,1,1,5,3,3,20
2550,4,4,68000,55,2,1,1,1,4,1,3,26.66666667
800,3,4,80000,27,1,2,2,1,2,2,4,100
600,1,1,20000,123,1,1,2,2,2,1,4,33.33333333
2000,2,1,55000,123,1,2,2,2,3,2,4,27.5
1600,1,1,80000,123,1,1,3,1,1,3,3,50
2236,2,3,100000,139,1,3,2,1,3,3,4,44.72271914
400,1,1,14000,139,1,2,3,1,3,3,3,35
4200,2,3,189000,139,1,1,2,1,3,1,13,45
2700,1,2,135000,139,1,1,1,1,1,3,3,50
1500,2,2,60000,139,1,2,2,1,5,1,3,40
600,1,3,26000,139,1,1,2,1,1,2,4,43.33333333
3000,3,2,36000,91,2,2,1,1,5,3,3,12
4000,5,3,240000,139,1,1,2,1,2,1,3,60
1300,2,5,70000,91,1,1,2,1,2,1,13,53.84615385
1700,2,4,85000,91,3,1,3,1,4,2,4,50
1000,1,3,60000,91,1,2,3,1,3,3,4,60
2200,3,3,35000,56,1,2,1,2,2,2,3,15.90909091
800,2,2,35000,91,1,2,2,2,2,3,4,43.75
700,1,1,11000,91,4,2,2,1,4,3,3,15.71428571
1000,1,4,30000,139,1,1,2,1,5,2,1,30
200,1,3,25000,139,1,1,2,1,4,2,4,125
1100,2,3,29000,91,4,1,2,2,4,3,5,26.36363636
4200,2,3,189000,139,1,1,2,1,3,3,3,45
1000,2,3,45000,139,1,1,2,1,2,1,2,45
2200,5,4,80000,56,3,1,2,1,5,2,4,36.36363636
750,1,1,52500,123,1,2,2,1,4,3,3,70
720,2,3,21000,123,2,2,2,1,4,3,7,29.16666667
650,1,2,50000,123,1,1,1,1,5,1,3,76.92307692
500,2,1,20000,123,2,1,2,1,1,3,3,40
63,1,1,5500,123,1,2,1,1,1,3,3,87.3015873
800,2,3,21000,123,2,2,3,1,4,3,3,26.25
2250,3,3,100000,31,5,1,1,1,3,1,3,44.44444444
3000,4,4,75000,134,1,1,1,1,1,3,5,25
1100,2,3,35000,123,1,2,2,1,4,1,3,31.81818182
180,1,3,8000,145,1,2,2,1,4,2,3,44.44444444
1800,4,3,55000,134,1,2,2,1,2,1,3,30.55555556
1700,2,6,50000,145,1,2,2,1,1,1,1,29.41176471
4000,3,3,120000,123,5,2,2,1,1,3,3,30
1100,1,3,60000,24,2,2,3,1,2,2,5,54.54545455
600,1,1,12000,24,1,2,1,1,3,3,3,20
1150,3,3,40000,145,2,1,2,1,1,3,4,34.7826087
1350,1,3,30000,112,1,1,2,1,1,1,5,22.22222222
600,2,2,15000,118,1,2,1,2,3,3,4,25
1400,1,1,60000,57,1,2,2,1,3,2,4,42.85714286
2400,4,5,50000,171,1,1,3,1,5,3,3,20.83333333
2550,4,4,80000,134,1,1,2,1,3,3,3,31.37254902
800,1,2,18000,118,1,2,2,1,3,2,2,22.5
1975,4,3,70000,91,1,1,1,3,2,3,3,35.44303797
5000,2,1,400000,31,1,1,1,2,4,3,4,80
1350,3,3,55000,56,4,2,1,1,1,1,3,40.74074074
2700,6,6,60000,33,1,1,1,2,3,2,3,22.22222222
500,1,3,18000,119,1,1,1,1,3,2,5,36
1100,2,3,27000,56,1,2,2,2,4,3,2,24.54545455
950,2,2,15000,118,1,1,2,1,2,3,3,15.78947368
1300,1,1,45,133,2,1,2,1,2,3,3,0.034615385
1540,1,3,35000,135,1,1,2,1,1,3,3,22.72727273
2800,5,6,220000,101,1,1,3,1,1,2,4,78.57142857
570,1,1,50,139,1,1,2,1,2,3,4,0.087719298
1200,1,2,20000,24,1,2,1,1,4,3,3,16.66666667
1900,2,4,60000,55,1,1,2,1,5,3,5,31.57894737
650,1,3,35000,92,1,2,3,2,4,2,14,53.84615385
1570,1,3,16350,92,2,2,1,1,3,3,3,10.41401274
600,2,2,20000,123,1,3,2,3,1,2,4,33.33333333
80,2,1,10000,139,1,2,2,2,4,2,5,125
2200,3,3,40000,56,2,2,2,1,2,1,3,18.18181818
700,1,1,20000,24,1,2,1,1,5,3,3,28.57142857
1000,1,1,20000,24,1,1,1,1,3,3,3,20
1200,1,2,28000,119,1,1,1,1,4,2,3,23.33333333
430,1,1,18000,92,1,1,3,1,1,1,3,41.86046512
1450,1,1,30000,146,1,1,2,1,1,3,3,20.68965517
1000,2,2,10000,146,1,1,1,2,4,3,3,10
500,2,2,4000,62,1,2,2,1,2,2,4,8
2500,1,1,70000,24,1,1,2,1,1,3,1,28
1500,3,4,40000,135,2,1,2,1,2,2,3,26.66666667
500,2,2,20000,123,1,2,2,2,3,3,3,40
1050,2,2,50000,92,4,2,2,1,1,2,3,47.61904762
2000,3,3,60000,118,1,4,1,2,2,3,4,30
750,2,2,33000,67,1,2,1,1,5,2,2,44
1600,2,3,50000,55,1,1,1,1,4,2,3,31.25
15000,1,1,15000,135,1,2,2,1,5,2,3,1
350,1,1,15000,116,1,2,2,2,1,3,3,42.85714286
200,1,3,10000,67,1,1,3,1,5,2,3,50
1500,1,1,75000,124,1,1,1,1,3,1,3,50
1800,4,3,65,124,1,2,2,1,4,3,3,0.036111111
500,1,3,12000,167,1,1,2,1,4,2,3,24
1000,2,2,28000,139,2,1,2,1,2,3,4,28
1550,1,1,30000,24,1,2,2,1,3,3,3,19.35483871
1200,1,1,15000,146,1,1,2,1,3,3,1,12.5
1300,1,3,30000,24,2,1,2,1,4,1,4,23.07692308
1400,1,3,35000,123,1,1,2,1,3,3,1,25
4260,5,4,426000,139,1,1,3,1,4,3,3,100
4100,8,8,130000,135,1,2,2,1,4,1,4,31.70731707
25000,2,3,25000,24,1,1,2,1,4,1,3,1
300,2,1,14000,135,1,1,2,1,2,2,4,46.66666667
1200,2,7,32000,123,1,2,1,1,2,3,3,26.66666667
570,1,1,30000,139,1,1,1,5,2,2,4,52.63157895
850,3,3,30000,67,1,1,2,4,3,3,3,35.29411765
300,2,3,8000,86,1,2,2,1,3,2,3,26.66666667
400,1,1,21000,67,1,2,2,1,4,2,1,52.5
700,2,2,20000,139,1,1,1,1,3,3,3,28.57142857
5500,1,1,20000,59,1,1,2,1,4,3,4,3.636363636
700,2,2,35000,162,1,1,1,1,4,3,4,50
1700,2,1,40000,118,1,2,2,1,1,2,3,23.52941176
700,1,1,28000,139,5,1,2,1,2,1,4,40
800,2,2,39200,139,1,1,3,2,1,2,1,49
1000,2,1,28000,139,1,2,1,1,2,3,5,28
250,1,1,15000,57,1,1,3,1,1,3,1,60
320,1,1,20000,139,1,1,2,1,2,1,3,62.5
900,2,1,24000,139,1,2,1,2,5,3,3,26.66666667
1200,3,3,25000,24,1,1,2,1,2,3,4,20.83333333
650,3,3,25000,112,1,2,2,1,2,2,3,38.46153846
2500,2,1,450000,31,2,2,1,1,3,2,3,180
700,2,1,13000,24,4,2,2,1,2,1,3,18.57142857
550,2,1,75000,123,2,2,2,2,3,3,3,136.3636364
1000,2,3,26000,24,1,2,1,1,2,3,3,26
2500,2,1,450000,31,1,1,2,3,2,1,3,180
1200,2,1,35000,24,1,2,2,1,5,2,12,29.16666667
1200,3,3,40000,135,1,1,2,2,4,3,3,33.33333333
1500,2,1,60000,118,1,1,1,1,1,3,1,40
1100,2,1,25000,118,1,1,1,3,4,3,3,22.72727273
600,2,2,20000,139,1,1,2,1,4,1,3,33.33333333
3600,2,1,80000,135,2,2,3,1,1,3,3,22.22222222
1490,2,1,40000,118,4,2,2,3,5,2,1,26.84563758
2000,4,2,70000,91,1,1,3,1,4,1,4,35
2100,3,3,180000,31,1,2,2,2,1,3,1,85.71428571
1350,2,5,45000,118,1,1,1,1,1,2,4,33.33333333
900,2,1,19000,24,1,2,2,2,3,3,4,21.11111111
600,2,1,12000,24,2,1,2,1,2,3,3,20
5500,2,1,200000,135,1,1,2,1,2,3,3,36.36363636
4500,2,1,180000,135,1,2,1,1,2,3,3,40
1200,2,1,14000,135,3,2,1,1,4,3,14,11.66666667
1200,2,1,42000,135,2,2,2,2,3,3,4,35
2200,3,3,30000,56,1,2,1,1,1,3,1,13.63636364
1700,2,3,41000,112,1,1,2,1,2,2,3,24.11764706
1500,2,3,55000,123,1,1,3,2,2,3,3,36.66666667
1900,2,3,1900,123,1,2,2,1,2,3,2,1
1970,2,4,35000,56,5,1,3,2,1,2,4,17.76649746
600,3,3,16000,118,1,2,2,1,4,3,3,26.66666667
1490,2,3,40000,118,1,3,3,1,4,1,4,26.84563758
1500,2,3,30000,112,1,1,1,1,3,3,3,20
3000,3,3,330000,118,1,2,2,3,3,3,3,110
1490,2,3,35000,118,1,2,2,3,2,3,7,23.48993289
1490,4,3,40000,118,1,1,1,2,5,3,4,26.84563758
500,1,1,5500,118,1,1,3,1,1,2,3,11
600,2,2,12000,118,1,3,2,1,1,1,3,20
2200,3,4,25000,56,1,2,1,1,2,3,3,11.36363636
2400,3,1,132000,118,1,1,2,1,4,3,2,55
2200,4,4,45000,118,1,2,1,1,1,1,3,20.45454545
100,1,1,3000,118,1,2,2,1,3,2,2,30
900,2,2,60000,118,1,4,2,1,3,2,4,66.66666667
2150,3,3,30000,118,1,2,2,1,2,3,3,13.95348837
2200,4,3,27000,118,2,2,1,1,4,3,2,12.27272727
2200,3,4,35000,56,1,2,1,1,1,3,4,15.90909091
2300,2,4,20000,33,1,2,1,1,1,3,3,8.695652174
2000,3,3,30000,118,1,1,2,3,4,3,3,15
450,2,4,10000,118,1,1,2,1,3,2,1,22.22222222
1400,2,2,35000,55,1,4,2,1,3,3,4,25
2250,4,5,40000,56,1,2,3,1,4,2,4,17.77777778
2750,4,4,80000,55,1,1,2,1,4,2,3,29.09090909
1050,2,5,30000,118,1,1,1,1,2,1,3,28.57142857
1000,1,1,25000,118,4,3,2,1,1,3,3,25
1500,3,3,50000,55,1,1,3,2,2,3,1,33.33333333
805,1,3,16000,162,1,3,3,2,1,3,3,19.8757764
800,2,3,100000,105,2,1,2,1,3,3,3,125
2200,3,3,60000,118,1,1,1,3,1,2,3,27.27272727
1200,1,1,13000,118,2,2,1,1,1,2,3,10.83333333
1567,4,3,50000,31,1,2,2,1,4,3,4,31.90810466
900,1,1,15000,118,1,2,2,1,2,3,4,16.66666667
100,1,1,7500,118,4,1,2,1,5,3,4,75
500,1,1,15000,118,2,2,1,1,5,2,2,30
320,1,2,10000,118,5,2,1,1,1,3,4,31.25
600,1,2,12000,118,1,1,2,3,4,2,4,20
2980,1,1,164000,133,1,2,1,1,3,3,1,55.03355705
2800,4,3,25000,145,4,2,1,1,5,2,4,8.928571429
800,1,1,18000,118,3,1,1,2,2,3,3,22.5
600,1,2,12000,118,2,1,2,1,2,3,1,20
2200,1,3,250000,118,1,1,3,1,2,2,3,113.6363636
1000,1,1,27000,118,1,1,2,1,1,1,3,27
600,1,1,12000,145,1,2,2,1,3,3,13,20
1250,2,3,40000,139,1,2,2,1,1,2,7,32
800,1,3,10000,145,1,1,2,1,4,2,3,12.5
415,1,1,25000,124,1,1,1,1,3,3,4,60.24096386
1400,1,1,30000,124,5,2,2,1,2,2,3,21.42857143
648,1,2,55,124,1,1,1,2,5,1,4,0.084876543
222,1,3,60000,120,3,2,3,1,4,3,5,270.2702703
1200,3,3,35000,116,1,1,2,1,1,3,3,29.16666667
1500,1,1,37500,33,1,1,2,1,3,3,3,25
1450,3,3,35000,55,4,1,2,1,1,2,5,24.13793103
1400,3,3,18000,33,2,1,1,1,3,3,4,12.85714286
1100,2,3,30000,33,1,2,3,1,2,3,2,27.27272727
2500,3,4,70000,55,4,2,3,1,2,3,4,28
1400,3,3,38000,55,4,3,1,1,4,3,2,27.14285714
1400,2,2,35000,55,4,1,2,2,1,3,3,25
465,3,4,25000,139,1,2,1,1,2,3,13,53.76344086
2750,4,4,50000,55,1,1,1,1,3,2,3,18.18181818
500,1,2,8000,33,1,2,2,1,3,1,3,16
800,1,2,5000,33,5,2,2,1,3,2,3,6.25
1400,3,3,32000,24,1,1,1,2,3,3,3,22.85714286
1200,3,4,20000,33,5,1,1,1,5,3,1,16.66666667
300,1,2,4000,33,1,1,2,2,1,2,4,13.33333333
889,1,2,6500,45,1,1,2,1,1,3,3,7.311586052
500,1,3,2000,33,1,1,3,1,1,3,3,4
1250,1,4,15000,33,1,1,3,1,1,2,3,12
1000,1,2,12000,33,2,1,2,1,4,3,3,12
100,1,3,1500,33,1,1,2,1,2,1,3,15
1000,2,2,7400,143,1,2,3,2,3,2,3,7.4
600,1,1,20000,56,2,1,1,1,1,3,4,33.33333333
2400,3,3,70000,31,1,1,3,1,5,3,2,29.16666667
1600,3,3,60000,180,1,1,1,1,1,3,3,37.5
1000,2,3,20000,124,1,1,3,1,5,3,4,20
4500,4,4,220000,54,5,2,3,1,2,2,5,48.88888889
4500,6,7,80000,57,2,2,2,2,2,3,3,17.77777778
1250,3,3,60000,55,1,1,2,1,1,3,4,48
1500,3,3,50000,180,1,1,2,1,1,1,4,33.33333333
1985,3,3,80000,180,1,1,2,1,4,3,3,40.302267
1150,3,3,9200000,118,4,1,1,1,4,3,6,8000
1250,3,3,10000000,118,1,2,2,2,3,3,3,8000
4500,6,6,300000,75,1,1,1,1,2,3,1,66.66666667
4500,6,5,400000,31,4,1,2,1,2,3,3,88.88888889
3962,5,4,300000,31,1,2,1,1,1,2,1,75.71933367
2600,4,4,750000,74,1,2,1,1,3,3,4,288.4615385
6000,8,8,250000,135,3,1,2,1,1,3,4,41.66666667
5500,6,5,200000,135,4,1,3,1,4,2,4,36.36363636
1450,3,3,60000,134,1,2,3,1,1,3,3,41.37931034
1450,3,3,60000,134,1,1,3,2,4,3,3,41.37931034
1400,2,3,90000,55,1,2,2,1,2,3,3,64.28571429
2400,4,3,90000,61,1,3,3,1,1,3,3,37.5
3200,4,4,250000,75,4,2,1,1,1,3,5,78.125
1750,2,3,450000,134,2,2,1,1,3,1,4,257.1428571
720,3,2,10000,118,1,1,2,1,1,3,3,13.88888889
9000,5,5,125000,31,1,3,2,1,3,3,4,13.88888889
4000,5,6,500000,74,2,1,2,1,2,3,11,125
3800,4,3,150000,74,1,3,1,1,2,3,1,39.47368421
2800,4,3,120000,74,1,1,2,1,2,3,3,42.85714286
1500,3,3,13500000,20,1,1,2,1,4,2,1,9000
5000,3,5,300000,31,1,2,2,1,5,2,4,60
2700,4,4,55000,180,1,2,2,1,2,2,3,20.37037037
1100,3,3,25000,56,1,1,2,1,2,3,6,22.72727273
2200,3,4,40000,56,5,1,3,1,2,2,3,18.18181818
1500,2,2,70000,75,1,1,2,1,1,3,4,46.66666667
2200,4,4,31000,56,1,3,1,1,3,2,3,14.09090909
2200,4,3,90000,75,1,1,3,3,4,2,3,40.90909091
2200,2,2,70000,75,1,2,1,1,3,1,4,31.81818182
3000,3,5,130000,102,1,1,2,1,1,3,3,43.33333333
6500,6,7,210000,135,1,1,3,2,3,3,1,32.30769231
2019,3,3,15001170,40,2,2,2,1,4,2,3,7430
1450,3,3,11600000,40,1,2,2,1,2,2,3,8000
2030,4,4,15225000,16,1,1,3,1,3,3,3,7500
1300,3,3,14999400,40,1,1,3,1,2,3,1,11538
1793,3,3,14505370,179,2,1,2,1,4,2,5,8090
1230,3,3,10824000,34,1,1,2,1,2,3,3,8800
2,2,1,20000,14,1,2,3,1,1,3,2,10000
2513,3,3,23873500,31,1,2,2,2,5,3,3,9500
1450,3,3,11499950,40,1,1,1,2,5,3,5,7931
975,2,2,8500001.25,61,1,2,2,1,4,2,3,8717.95
3200,4,4,200000,75,1,2,2,1,3,3,3,62.5
3300,3,3,250000,75,1,1,3,2,3,2,3,75.75757576
2600,4,4,120000,75,1,2,2,2,3,3,12,46.15384615
4000,4,4,250000,75,1,1,2,1,1,1,3,62.5
3000,4,3,160000,75,1,1,1,1,1,2,4,53.33333333
4200,4,4,273000,75,1,1,2,1,4,2,3,65
2000,3,3,100000,75,1,1,3,2,3,3,2,50
1850,3,3,100000,75,3,2,2,2,1,3,1,54.05405405
2250,2,3,110000,75,1,2,2,1,1,3,3,48.88888889
2500,4,3,150000,31,1,1,2,1,4,3,4,60
2650,3,3,150000,31,1,1,2,1,1,3,8,56.60377358
5600,5,4,450000,31,4,2,3,1,4,3,3,80.35714286
1725,4,3,26500,51,1,2,2,3,3,2,3,15.36231884
1565,3,3,9501115,180,1,2,2,1,3,3,3,6071
1200,3,3,5820000,101,1,2,2,1,1,3,3,4850
1600,3,3,12000000,16,1,1,3,1,2,3,3,7500
1200,3,3,9000000,16,1,1,1,2,2,3,3,7500
2600,3,3,100000,31,1,1,1,1,1,3,3,38.46153846
4800,4,4,400000,31,3,2,1,2,2,3,3,83.33333333
4382,4,4,300000,31,1,2,1,1,2,3,1,68.46188955
2700,4,3,150000,31,3,1,1,1,3,3,4,55.55555556
6000,4,4,600000,31,1,1,2,1,1,2,3,100
9200,5,10,800000,31,1,2,3,1,1,2,14,86.95652174
900,2,2,8000,146,1,1,2,2,5,3,3,8.888888889
1050,3,2,13000,81,1,1,3,2,1,3,1,12.38095238
800,1,2,6000,103,1,1,1,1,3,3,4,7.5
6000,4,4,700000,31,1,1,3,1,2,3,3,116.6666667
5000,5,5,500000,31,1,1,1,1,3,3,3,100
900,2,2,5000400,135,1,1,2,2,4,2,4,5556
700,2,2,6000,146,1,2,2,1,3,2,3,8.571428571
1000,2,2,6000,146,5,1,1,1,5,2,3,6
2370,5,3,70000,74,1,2,2,1,4,1,3,29.53586498
2500,3,3,140000,31,4,1,2,2,4,3,3,56
1130,3,3,22000,180,1,1,2,1,4,4,2,19.46902655
1450,3,3,40000,180,1,1,3,2,1,1,4,27.5862069
1200,3,2,20000,56,1,2,2,2,1,3,1,16.66666667
1000,2,2,17000,180,1,1,3,1,1,1,5,17
2200,3,4,37000,56,2,3,1,1,3,2,3,16.81818182
1200,6,3,20000,180,1,2,2,1,1,3,4,16.66666667
4500,3,5,150000,51,1,2,2,1,5,3,3,33.33333333
2500,1,5,75000,102,1,1,1,1,3,3,5,30
3060,4,3,5355000,22,3,1,2,1,2,3,3,1750
866,2,2,6600652,135,1,1,2,2,2,2,13,7622
1238,2,2,6199990.66,182,2,2,1,1,3,3,7,5008.07
2500,3,3,130000,75,1,1,2,1,1,2,4,52
500,1,2,40000,22,5,1,3,2,2,2,3,80
2180,4,4,18530000,40,1,2,2,1,2,2,3,8500
1100,1,1,25000,54,4,1,2,3,3,2,1,22.72727273
2540,4,4,140000,31,1,1,2,2,3,1,3,55.11811024
2200,4,4,40000,138,1,1,1,1,1,1,1,18.18181818
13000,9,10,95000,45,2,2,2,4,2,2,14,7.307692308
2360,3,3,150000,75,1,1,2,1,2,3,4,63.55932203
2700,4,4,75000,31,1,1,3,1,3,1,3,27.77777778
2000,3,3,80000,75,1,1,2,1,3,3,3,40
635,2,2,25000,20,1,1,2,2,1,2,4,39.37007874
2150,3,3,50000,56,1,1,2,1,3,3,4,23.25581395
2550,3,3,110000,75,1,2,3,2,2,3,3,43.1372549
2445,3,3,75000,40,1,1,2,1,5,2,3,30.67484663
3375,4,4,110000,74,1,2,2,1,4,3,4,32.59259259
3000,4,4,100000,31,1,1,2,2,4,3,3,33.33333333
4700,5,4,300000,31,1,3,2,1,4,3,12,63.82978723
2800,3,3,130000,75,1,1,2,1,4,3,3,46.42857143
3200,4,3,125000,74,1,1,1,1,2,3,5,39.0625
1250,3,3,55000,54,1,2,1,5,5,2,3,44
1600,3,3,90000,134,1,1,2,1,3,3,3,56.25
1250,3,3,12500000,40,4,1,2,1,2,1,3,10000
1263,3,3,9000138,34,1,1,2,1,1,1,4,7126
1750,3,3,15001000,24,1,1,2,1,1,3,3,8572
5000,4,6,60000000,116,4,1,2,2,1,2,3,12000
1200,3,3,11124000,180,1,1,1,1,2,3,4,9270
850,2,3,4700500,118,1,1,2,1,4,1,3,5530
900,2,2,5000400,135,1,3,2,1,3,3,3,5556
1065,3,3,10000350,183,1,1,2,1,1,3,4,9390
1275,5,3,5100000,150,4,2,3,1,2,2,3,4000
13489,5,4,141634500,40,1,1,3,1,4,2,4,10500
2800,4,3,80000,74,1,1,2,1,5,1,4,28.57142857
2500,3,3,150000,75,1,1,3,1,4,3,3,60
2000,2,2,60000,75,1,3,3,2,1,3,5,30
3200,3,4,150000,74,1,2,3,1,1,3,3,46.875
1850,3,3,65000,74,1,2,2,1,1,3,5,35.13513514
2300,3,2,80000,22,1,1,2,3,1,3,3,34.7826087
2500,3,3,110000,22,1,2,2,1,3,2,4,44
2200,3,3,120000,75,1,2,2,1,1,3,2,54.54545455
1600,3,3,70000,22,1,1,1,2,3,1,4,43.75
2800,3,3,110000,31,3,1,3,1,3,2,4,39.28571429
1250,3,3,100000,31,1,2,3,1,3,3,3,80
3000,4,4,120000,31,4,1,2,2,2,2,3,40
1850,3,3,90000,75,1,1,2,1,5,1,5,48.64864865
850,2,2,18000,180,5,1,2,3,3,2,3,21.17647059
1200,3,3,32000,56,1,1,2,1,4,2,3,26.66666667
1520,3,3,8664000,123,4,2,2,1,2,2,3,5700
1600,3,3,15200000,123,1,1,3,1,3,3,4,9500
1250,3,3,5875000,31,4,2,3,1,3,1,5,4700
1297,3,3,7133500,118,1,2,3,1,2,1,4,5500
1350,3,3,13000500,40,2,2,2,1,1,3,3,9630
1420,3,3,10650000,61,3,1,1,1,5,3,4,7500
750,2,2,6000000,124,1,1,1,2,1,1,3,8000
1057,2,3,5813500,118,1,1,2,1,2,3,1,5500
1395,3,3,10183500,24,1,1,1,1,2,1,3,7300
1045,2,2,32000,134,1,2,2,2,2,2,3,30.62200957
2500,4,3,90000,31,1,2,1,1,4,2,1,36
3000,4,4,150000,31,1,2,2,2,1,3,3,50
2770,2,3,120000,75,1,1,1,1,3,1,15,43.32129964
2300,3,3,120000,75,1,1,2,1,1,3,3,52.17391304
5500,5,4,250000,75,1,3,1,1,1,3,3,45.45454545
1400,2,3,48000,74,1,1,2,2,2,2,4,34.28571429
2700,4,4,100000,75,1,1,2,2,2,2,14,37.03703704
2475,3,3,110000,75,1,2,1,1,3,3,4,44.44444444
2000,3,3,70000,74,1,2,2,1,4,1,1,35
3200,4,4,100000,74,1,1,2,1,5,3,5,31.25
2300,3,3,80000,74,1,1,3,1,1,2,4,34.7826087
2700,4,3,81000,74,1,2,2,3,2,3,2,30
3200,3,3,130000,74,1,3,2,1,3,3,3,40.625
1350,3,3,7425000,150,4,1,1,1,1,1,4,5500
1900,4,3,15000500,31,1,1,1,1,3,3,3,7895
1900,4,3,15000500,31,2,1,3,1,4,1,2,7895
1580,3,3,8848000,123,4,2,2,1,2,2,3,5600
3000,3,3,130000,75,1,1,2,3,3,1,5,43.33333333
2400,3,3,90000,75,1,1,3,1,2,2,2,37.5
2400,3,3,90000,75,1,2,1,1,5,3,4,37.5
2500,3,3,170000,31,1,1,2,1,3,1,4,68
2400,3,3,90000,75,1,1,1,4,3,1,4,37.5
2300,3,3,70000,74,4,1,2,1,3,2,1,30.43478261
2500,3,3,65000,74,1,1,1,1,1,3,4,26
1600,3,3,45000,180,1,1,2,1,3,3,3,28.125
2200,3,3,60000,75,1,2,1,1,3,2,3,27.27272727
2200,3,3,90000,75,1,2,1,1,3,2,2,40.90909091
1610,3,3,44000,180,1,1,1,1,2,2,4,27.32919255
400,1,2,30000,40,1,1,1,1,3,1,14,75
2300,4,4,100000,74,1,2,3,2,2,2,3,43.47826087
2550,3,3,120000,75,1,2,1,1,3,3,4,47.05882353
2000,3,3,65000,75,1,1,1,1,3,3,3,32.5
1800,3,3,105000,75,1,1,2,1,1,3,3,58.33333333
2300,4,3,90000,75,1,1,2,1,3,2,1,39.13043478
2000,3,3,95000,75,4,2,3,1,5,2,2,47.5
2065,3,3,80000,22,4,1,1,1,1,3,1,38.7409201
2450,4,4,130000,22,1,2,1,1,4,2,4,53.06122449
2700,4,3,150000,75,1,1,1,1,5,2,4,55.55555556
1650,4,3,50000,179,1,2,3,1,2,3,4,30.3030303
2700,3,3,110000,75,4,2,2,2,2,3,2,40.74074074
1350,4,4,50000,179,1,2,1,2,3,1,4,37.03703704
2150,3,3,80000,22,1,2,2,1,3,3,3,37.20930233
2050,3,3,130000,75,2,4,2,1,4,1,4,63.41463415
2500,4,3,120000,74,1,2,3,1,3,1,4,48
2000,4,3,60000,74,1,1,3,1,2,2,4,30
2600,4,3,100000,75,1,1,1,1,2,2,3,38.46153846
3030,4,3,120000,22,1,1,1,2,3,3,4,39.6039604
2000,3,3,90000,75,4,1,2,1,2,3,3,45
800,2,1,40000,75,1,1,1,1,5,3,3,50
1850,3,3,90000,75,1,2,3,1,1,1,4,48.64864865
2380,3,3,120000,22,1,3,3,1,2,3,4,50.42016807
1722,4,3,100000,75,1,1,2,1,3,2,3,58.07200929
2044,4,3,160000,75,1,2,2,2,1,3,3,78.2778865
3200,4,3,125000,22,1,1,1,1,4,2,4,39.0625
1150,3,3,7245000,14,1,2,1,1,4,1,4,6300
1150,3,3,7245000,14,1,1,1,2,4,3,4,6300
2360,3,3,22601720,40,2,2,1,1,3,1,3,9577
1660,3,3,65000,75,1,2,3,1,3,1,3,39.15662651
2200,3,3,85000,22,1,1,2,1,2,3,3,38.63636364
1200,3,3,7800000,16,1,3,1,1,4,2,4,6500
2600,3,3,120000,75,1,2,1,1,5,1,4,46.15384615
3300,5,5,100000,75,1,2,2,1,4,3,4,30.3030303
1900,3,3,55000,22,1,1,3,1,1,3,2,28.94736842
2600,5,4,70000,74,1,1,1,1,3,3,5,26.92307692
3700,4,4,150000,75,2,2,1,2,5,2,3,40.54054054
1300,3,3,7000500,118,1,1,2,2,3,2,4,5385
2300,3,3,80000,22,1,2,3,1,5,2,4,34.7826087
1870,3,3,21000100,31,1,2,2,1,1,3,4,11230
1250,3,3,8500000,118,1,2,2,1,3,1,3,6800
1350,3,3,8000100,31,1,2,3,3,4,3,3,5926
950,2,2,3999500,118,1,1,2,1,3,2,3,4210
1050,2,3,4500300,118,5,1,2,1,4,3,4,4286
1400,3,3,9000600,16,3,2,2,2,1,1,3,6429
2000,3,3,15000000,40,2,1,2,1,1,2,3,7500
1250,2,2,50000,55,2,1,2,1,4,3,3,40
1440,4,3,11001600,16,2,2,1,1,1,3,4,7640
1050,2,3,4305000,118,1,2,2,2,3,1,5,4100
2600,3,3,170000,75,4,2,3,1,5,3,3,65.38461538
2150,3,3,90000,22,2,2,3,1,3,3,3,41.86046512
3200,3,3,40000,179,1,1,1,1,3,2,4,12.5
2700,3,3,90000,22,1,2,1,2,1,2,4,33.33333333
2300,4,3,70000,40,1,3,1,1,1,2,4,30.43478261
700,1,1,35000,31,1,2,2,1,3,3,3,50
2350,3,3,100000,75,1,2,1,1,3,3,4,42.55319149
2500,3,3,120000,75,1,2,2,1,3,2,4,48
950,2,3,18000,180,1,1,2,3,3,3,5,18.94736842
600,2,2,15000,118,1,2,1,1,1,2,4,25
900,2,3,17000,180,1,2,3,1,4,1,4,18.88888889
800,2,2,14000,118,1,1,2,1,1,2,2,17.5
1150,3,3,20000,138,2,2,2,2,1,3,3,17.39130435
650,1,1,9000,118,1,1,2,1,1,1,4,13.84615385
1500,3,3,40000,57,1,1,2,1,1,3,3,26.66666667
2200,5,4,50000,40,1,2,2,1,3,3,2,22.72727273
2300,3,3,90000,75,1,1,1,1,1,3,4,39.13043478
2200,5,3,130000,22,1,1,2,2,3,3,2,59.09090909
2300,4,4,120000,22,1,1,2,2,4,3,1,52.17391304
1325,3,3,22000,57,1,2,2,1,3,3,2,16.60377358
1600,3,3,25000,20,4,3,2,2,3,3,4,15.625
1900,3,3,55000,22,2,1,3,1,2,2,3,28.94736842
2520,3,3,90000,22,1,1,3,1,5,3,3,35.71428571
2200,3,3,70000,22,1,2,2,1,1,1,4,31.81818182
900,2,3,17000,180,1,1,3,1,4,1,3,18.88888889
1150,2,3,6555000,20,1,1,1,1,2,2,4,5700
2375,3,4,19000000,40,2,2,1,1,5,2,3,8000
1100,3,3,7700000,20,1,2,3,1,1,2,3,7000
1950,3,3,18501600,40,1,1,2,1,2,3,2,9488
2520,3,3,90000,22,1,1,1,1,3,1,3,35.71428571
2220,3,3,21001200,40,1,2,1,1,2,3,4,9460
2000,3,3,120000,22,1,4,2,1,4,2,2,60
3000,5,4,130000,75,5,1,1,1,2,1,3,43.33333333
1600,4,3,55000,40,5,2,1,1,3,2,12,34.375
1500,4,3,55000,22,1,1,2,1,4,3,3,36.66666667
3400,4,4,100000,75,1,1,2,1,3,1,3,29.41176471
2000,3,3,80000,74,1,2,1,1,1,1,4,40
2995,4,4,120000,22,1,2,2,2,5,1,3,40.06677796
2200,3,3,90000,75,4,2,2,1,2,2,3,40.90909091
3200,4,4,130000,75,1,1,2,1,1,2,1,40.625
2000,4,4,120000,75,1,1,2,1,4,3,7,60
1996,3,3,100000,75,1,1,1,2,2,3,3,50.1002004
2100,3,4,40000,180,1,2,1,2,1,3,14,19.04761905
1200,2,3,16000,180,2,2,2,1,2,3,3,13.33333333
3003,5,4,70000,180,1,1,1,1,3,3,4,23.31002331
1350,3,3,40000,57,1,1,3,1,2,3,3,29.62962963
500,1,1,8000,180,1,1,3,1,4,2,1,16
2300,4,3,130000,22,5,2,3,1,3,3,3,56.52173913
2200,3,3,70000,22,1,1,2,1,2,1,4,31.81818182
1350,3,3,40000,57,1,1,2,2,2,2,3,29.62962963
2600,3,3,62000,74,2,1,2,1,2,3,3,23.84615385
3000,6,4,130000,74,1,1,1,2,3,3,1,43.33333333
2300,3,3,120000,22,1,1,2,2,5,2,4,52.17391304
2100,3,3,55000,22,1,1,2,1,3,3,3,26.19047619
700,1,2,216000,75,1,2,2,1,3,3,1,308.5714286
2200,3,3,100000,75,2,2,2,1,4,1,1,45.45454545
2550,5,4,85000,74,1,1,3,2,1,2,13,33.33333333
1300,3,3,50000,180,4,1,1,1,4,2,4,38.46153846
2300,3,3,120000,75,1,2,1,1,2,1,4,52.17391304
2200,4,3,95000,75,1,2,2,1,1,2,2,43.18181818
4300,5,5,300000,75,5,1,1,1,3,2,4,69.76744186
1850,4,4,9250000,61,2,1,1,1,2,1,4,5000
1300,3,3,6500000,20,1,2,1,1,5,2,3,5000
2525,3,3,22000325,91,1,2,1,1,3,3,4,8713
1450,4,3,8801500,40,1,1,1,1,2,2,3,6070
2000,3,3,24000000,22,1,1,2,2,3,1,4,12000
3150,4,4,30003750,40,4,1,2,1,3,3,4,9525
2000,3,4,22000000,40,1,2,2,1,4,2,3,11000
2250,4,3,17500500,40,1,1,2,1,4,2,3,7778
2100,3,3,100000,22,1,2,2,2,1,2,5,47.61904762
2200,4,3,150000,22,4,1,2,2,5,3,3,68.18181818
2300,4,3,105000,75,2,1,1,1,3,1,4,45.65217391
1540,3,3,60000,22,1,2,1,1,3,3,4,38.96103896
2200,3,3,130000,75,1,2,2,2,3,1,3,59.09090909
400,1,1,15000,180,1,1,1,1,1,2,5,37.5
2300,4,3,100000,75,1,2,1,1,1,2,4,43.47826087
1500,4,3,175000,75,1,1,1,2,3,2,3,116.6666667
1600,2,2,16000,138,1,2,2,1,4,2,15,10
3000,4,3,220000,75,1,2,3,2,4,3,3,73.33333333
2545,3,3,150000,75,1,1,1,2,3,3,1,58.93909627
2500,4,4,65000,57,1,1,2,1,3,2,4,26
2317,3,3,150000,75,1,2,2,1,1,3,4,64.73888649
2500,3,3,80000,22,1,1,2,1,1,2,3,32
2750,4,4,100000,75,1,1,2,1,3,3,1,36.36363636
1800,3,3,120000,75,1,2,2,1,4,1,1,66.66666667
1200,2,3,22000,118,1,1,2,1,1,2,3,18.33333333
1425,3,3,30000,180,1,2,2,3,3,1,3,21.05263158
650,2,2,12500,118,1,1,2,1,3,3,3,19.23076923
625,2,2,13500,118,1,1,3,1,4,3,4,21.6
900,2,2,16000,180,1,1,2,2,2,3,3,17.77777778
1850,3,3,36000,180,2,1,2,1,3,2,3,19.45945946
1200,3,3,24000,118,1,2,2,1,3,3,11,20
1700,5,5,7000600,118,1,1,2,1,2,2,4,4118
750,2,2,12000,138,1,2,1,2,2,2,1,16
1137,3,3,8527500,118,1,2,1,1,1,3,5,7500
2160,3,3,8856000,118,1,1,1,2,2,3,3,4100
2130,3,3,25001940,22,1,1,2,2,4,3,4,11738
3300,5,4,150000,75,1,1,2,1,4,1,4,45.45454545
3250,4,4,100000,74,1,2,1,1,3,3,2,30.76923077
1850,3,3,36000,180,1,2,1,2,4,1,3,19.45945946
2800,3,3,160000,31,1,2,3,1,4,2,1,57.14285714
2200,4,3,170000,22,1,1,2,1,4,3,13,77.27272727
2500,4,4,100000,31,1,1,1,1,3,3,15,40
2800,4,4,160000,31,5,1,2,1,1,2,3,57.14285714
1400,2,3,130000,31,1,1,3,1,2,3,3,92.85714286
4200,4,4,270000,74,1,3,2,1,4,3,1,64.28571429
2750,3,3,80000,74,1,2,2,1,3,2,3,29.09090909
4500,4,4,300000,75,1,1,1,2,3,2,3,66.66666667
2000,3,3,65000,74,1,1,2,1,1,3,3,32.5
3800,4,4,150000,74,1,1,2,2,2,3,4,39.47368421
3900,4,4,200000,74,1,1,2,2,1,2,1,51.28205128
2800,3,3,120000,75,1,2,2,2,3,1,4,42.85714286
4600,4,4,200000,74,1,1,3,1,3,2,5,43.47826087
2400,3,3,130000,75,1,2,3,1,4,3,4,54.16666667
1800,3,3,70000,74,1,1,2,1,3,2,14,38.88888889
2600,4,4,100000,75,1,2,3,1,3,3,5,38.46153846
2500,3,3,80000,22,1,1,2,1,2,3,3,32
2150,3,3,15000550,40,5,2,2,1,1,2,5,6977
2220,3,3,19980000,40,5,1,3,1,2,3,1,9000
2290,3,3,22900000,40,1,1,2,1,1,3,2,10000
1800,3,3,11498400,40,1,4,2,1,2,2,4,6388
2165,3,4,23815000,40,5,1,2,1,1,3,3,11000
2075,3,3,18675000,22,1,2,2,1,5,2,4,9000
2315,3,4,21992500,40,2,2,1,1,2,3,12,9500
2257,5,4,21441500,40,4,1,1,1,4,2,4,9500
3000,4,3,150000,75,1,1,2,1,5,1,3,50
1650,3,3,40000,180,4,1,3,1,2,1,4,24.24242424
2350,3,3,100000,75,1,1,2,2,1,2,5,42.55319149
1250,4,3,60000,134,1,1,1,1,3,3,2,48
3100,3,3,45000,55,1,1,3,2,1,3,1,14.51612903
1800,4,3,50000,40,1,1,2,3,3,2,3,27.77777778
1524,2,3,120000,31,1,2,2,1,3,3,3,78.74015748
1450,3,3,26000,40,2,1,1,1,2,3,4,17.93103448
3000,3,3,120000,75,1,1,3,2,4,3,4,40
2200,3,3,100000,75,1,1,2,1,2,3,1,45.45454545
2500,3,3,120000,75,1,1,2,1,2,3,2,48
1600,3,3,100000,180,3,1,1,1,1,3,3,62.5
3013,5,4,150000,75,1,2,1,1,1,3,3,49.78426817
2400,3,3,150000,75,1,1,1,1,3,1,4,62.5
2800,4,4,100000,31,1,2,3,2,2,1,3,35.71428571
2350,4,3,120000,31,1,1,2,2,2,3,3,51.06382979
2200,3,3,63000,75,1,1,2,1,3,2,4,28.63636364
2200,4,3,90000,75,1,2,3,2,1,3,3,40.90909091
1300,5,4,80000,180,1,2,2,1,2,3,4,61.53846154
4000,5,3,150000,75,2,3,2,3,3,3,3,37.5
2000,3,3,24000000,134,1,1,2,1,2,3,2,12000
1120,3,3,10500000,61,1,1,1,1,3,2,4,9375
1350,3,4,8000100,61,1,1,2,1,2,1,3,5926
1250,3,3,9375000,134,1,1,3,1,3,3,3,7500
1200,3,3,9000000,134,3,1,2,1,4,2,3,7500
1635,3,3,17501040,92,5,2,2,1,2,3,13,10704
1600,3,3,30000,123,1,2,3,1,5,3,1,18.75
900,2,2,14000,118,4,1,2,1,3,3,4,15.55555556
650,2,2,13000,118,3,4,2,1,3,1,1,20
1750,4,3,11999750,40,1,1,2,1,3,3,3,6857
2510,4,4,19076000,40,1,2,3,2,4,3,1,7600
1980,4,3,16236000,40,1,1,1,1,5,1,3,8200
1450,3,3,25000,180,1,2,2,3,2,2,2,17.24137931
2508,5,4,21318000,40,5,1,2,1,1,3,4,8500
2200,3,3,14300000,40,1,2,1,1,3,3,3,6500
2075,4,3,23032500,40,1,1,2,1,1,2,3,11100
2000,3,3,17500000,40,1,2,2,2,2,3,3,8750
1200,3,3,30000,180,1,1,2,1,2,3,4,25
1960,3,4,15503600,40,1,2,3,2,1,3,3,7910
1300,3,3,32000,180,1,3,2,1,3,3,4,24.61538462
2250,3,3,75000,74,1,1,1,1,1,3,5,33.33333333
1400,3,3,30000,180,1,2,2,5,4,3,4,21.42857143
2450,3,2,150000,74,1,1,2,1,4,3,5,61.2244898
1300,2,2,50000,40,1,2,1,1,4,3,4,38.46153846
2400,4,3,90000,74,1,1,2,2,1,3,7,37.5
1722,3,3,100000,75,1,1,3,2,1,3,14,58.07200929
1800,4,3,60000,75,1,1,3,1,4,1,4,33.33333333
1450,3,3,35000,40,1,1,2,1,2,2,4,24.13793103
2700,4,3,80000,75,1,1,2,1,2,2,5,29.62962963
2300,3,3,80000,22,1,2,2,1,3,3,3,34.7826087
3000,3,3,150000,75,1,1,2,1,4,2,3,50
3000,4,4,150000,75,1,1,1,1,1,1,1,50
3000,4,4,130000,75,1,3,1,1,2,1,3,43.33333333
1800,3,3,130000,75,1,2,3,1,1,2,3,72.22222222
2000,3,3,120000,31,1,1,2,1,2,2,4,60
2700,4,3,80000,74,1,1,2,1,3,3,14,29.62962963
2000,3,3,100000,75,4,1,2,1,3,2,3,50
4700,5,4,500000,75,1,1,2,1,3,2,3,106.3829787
2500,3,3,120000,75,1,2,1,2,4,3,4,48
1650,3,3,55000,180,1,1,3,1,1,2,7,33.33333333
750,1,1,10000,180,1,3,3,1,1,2,4,13.33333333
1684,3,3,10999888,40,1,2,2,2,3,3,3,6532
2162,3,4,23782000,40,2,1,2,2,1,3,2,11000
1850,3,3,16650000,40,1,2,1,1,5,1,4,9000
2400,3,3,100000,75,4,2,3,1,2,3,3,41.66666667
1900,3,3,16150000,40,1,1,2,2,5,1,5,8500
2100,2,3,15750000,40,4,2,3,1,4,3,3,7500
1850,3,3,14800000,40,1,2,2,2,5,3,3,8000
1850,3,3,16095000,40,1,3,2,3,3,3,6,8700
1675,3,3,13400000,40,2,2,2,1,5,3,1,8000
1938,3,3,13953600,40,1,2,2,1,3,1,5,7200
1854,3,3,14998860,40,1,1,3,2,4,3,4,8090
1890,3,4,16065000,40,1,1,3,1,3,3,3,8500
600,2,2,13500,118,1,1,2,1,2,3,3,22.5
1700,3,3,20000,116,1,2,2,1,3,2,3,11.76470588
1200,3,3,30000,180,1,2,2,1,1,3,3,25
2200,3,3,150000,75,1,1,1,1,1,3,6,68.18181818
2050,3,3,120000,74,4,1,1,1,3,2,4,58.53658537
2300,4,3,90000,74,1,1,2,1,4,2,3,39.13043478
2200,3,3,150000,75,1,1,2,1,2,2,4,68.18181818
2300,4,3,100000,75,1,1,2,1,5,3,3,43.47826087
2000,4,3,80000,74,1,1,1,2,3,3,5,40
1200,3,3,30000,162,5,2,2,1,2,2,3,25
2450,4,3,90000,75,1,1,2,1,2,3,2,36.73469388
2400,7,4,75000,56,2,1,2,1,4,2,3,31.25
3000,4,3,140000,31,1,2,2,1,4,1,3,46.66666667
2200,3,3,75000,22,1,3,1,1,5,3,3,34.09090909
1450,3,3,90000,75,1,2,2,1,3,3,3,62.06896552
2400,4,3,90000,75,2,2,2,2,1,3,5,37.5
2770,4,4,75000,74,4,2,3,1,1,3,6,27.07581227
1850,4,3,16002500,40,1,3,2,2,1,3,3,8650
2200,4,3,80000,74,1,1,3,1,2,2,4,36.36363636
2200,3,3,75000,74,1,2,2,1,4,1,4,34.09090909
3300,4,4,300000,74,1,1,2,1,3,3,3,90.90909091
550,2,2,15000,118,3,1,1,1,2,3,4,27.27272727
2050,3,3,120000,74,1,2,2,1,3,3,3,58.53658537
1200,2,2,18000,180,1,2,2,1,4,3,3,15
850,2,2,16000,180,5,3,3,2,1,2,4,18.82352941
1775,3,3,40000,180,1,2,2,1,1,3,4,22.53521127
2500,4,4,45000,180,1,2,1,1,2,3,4,18
900,3,3,40000,61,2,1,1,1,3,3,3,44.44444444
2400,4,3,100000,75,2,2,1,1,3,2,3,41.66666667
1800,4,3,90000,61,1,1,2,1,3,3,4,50
2000,3,3,90000,61,4,2,2,1,4,1,3,45
2300,4,3,120000,75,1,1,2,1,2,3,4,52.17391304
3000,4,4,120000,74,1,2,1,1,3,2,3,40
2200,4,3,90000,75,4,1,3,2,3,2,3,40.90909091
2032,4,3,120000,75,1,2,2,1,3,3,3,59.05511811
2600,5,3,100000,75,1,2,3,1,2,1,1,38.46153846
3850,3,4,165000,74,1,1,3,1,1,1,4,42.85714286
2200,4,2,80000,74,1,1,1,2,2,2,4,36.36363636
2650,3,3,185000,31,1,1,1,1,1,3,4,69.81132075
1547,3,4,18564000,74,1,1,2,1,1,3,3,12000
650,2,2,2199600,118,4,1,2,1,2,3,2,3384
5,3,3,22500,110,4,1,3,3,3,2,3,4500
1800,3,3,16200000,74,4,1,2,1,3,3,3,9000
3000,3,3,110000,31,1,1,2,1,2,3,2,36.66666667
2300,4,3,100000,75,1,2,1,3,4,1,3,43.47826087
1150,4,3,22000,24,2,3,1,2,2,2,3,19.13043478
1750,3,3,112000,75,1,1,3,1,5,2,3,64
1400,3,3,70000,55,3,1,3,1,2,1,3,50
2400,4,3,150000,31,1,1,1,1,4,1,3,62.5
1100,2,2,14000,118,1,1,2,1,4,3,3,12.72727273
2800,3,2,150000,31,1,2,2,1,3,2,4,53.57142857
700,2,2,9000,118,1,1,2,1,4,3,11,12.85714286
1590,3,3,27000,180,1,1,1,1,4,1,2,16.98113208
1200,2,3,17000,118,1,2,3,1,5,2,2,14.16666667
560,1,1,12000,180,1,2,2,1,4,2,4,21.42857143
1750,3,3,33000,180,4,3,3,1,3,3,2,18.85714286
2350,4,3,60000,180,1,1,2,1,3,2,3,25.53191489
1500,3,3,30000,180,1,1,1,2,1,3,3,20
1750,3,3,33000,180,1,1,1,2,2,3,6,18.85714286
2200,3,3,47000,180,1,1,2,2,1,3,3,21.36363636
750,2,2,18000,118,5,2,3,1,3,3,2,24
1450,3,3,27000,180,1,3,2,1,1,3,5,18.62068966
700,1,2,12000,118,2,2,2,1,3,3,4,17.14285714
1200,3,3,16000,118,1,1,1,1,3,3,3,13.33333333
2100,3,3,60000,180,1,2,3,1,3,3,3,28.57142857
1100,3,3,22000,180,1,2,1,2,3,1,2,20
2100,3,3,60000,180,3,1,2,1,2,1,3,28.57142857
1500,3,3,30000,180,1,1,3,1,5,3,1,20
1000,2,2,14500,118,1,2,3,1,4,3,3,14.5
1310,3,3,9170000,40,1,1,2,1,1,1,3,7000
2300,3,3,150000,31,1,1,2,1,2,2,3,65.2173913
2400,5,2,120000,75,2,1,1,1,2,2,2,50
2200,3,3,100000,75,1,2,2,2,4,3,3,45.45454545
2350,4,3,120000,74,1,1,3,1,3,3,3,51.06382979
2500,4,3,150000,31,1,1,2,2,2,2,3,60
450,2,1,25000,31,1,1,2,1,1,3,4,55.55555556
1350,4,3,30000,61,1,1,1,1,3,3,4,22.22222222
2800,3,3,150000,135,1,3,2,1,1,2,4,53.57142857
1300,2,3,70000,179,1,1,1,1,4,3,3,53.84615385
1650,3,3,50000,40,1,1,1,3,1,3,4,30.3030303
450,1,1,90000,31,1,2,2,1,3,1,4,200
2500,5,4,65000,40,1,2,1,1,5,2,1,26
1120,2,2,30000,139,1,1,2,1,1,2,5,26.78571429
2300,3,3,120000,75,1,2,1,2,3,3,5,52.17391304
7500,5,6,700000,31,1,1,2,1,1,3,4,93.33333333
1500,3,3,60000,135,4,4,3,1,1,3,4,40
2580,3,4,125000,75,2,2,1,1,3,3,3,48.4496124
2400,3,3,150000,31,1,1,1,3,2,1,3,62.5
1290,3,3,7095000,118,3,1,1,2,2,3,4,5500
3000,3,3,160000,31,1,2,2,1,2,1,3,53.33333333
3000,5,4,120000,31,2,2,2,1,3,2,3,40
2900,3,3,180000,31,1,1,2,1,5,2,4,62.06896552
1620,3,3,7290000,118,1,1,3,3,3,3,3,4500
1800,3,3,15001200,118,1,1,1,1,3,1,1,8334
1800,3,4,8798400,118,1,2,2,1,3,3,3,4888
2500,4,4,120000,75,1,1,2,1,5,2,13,48
1550,2,3,25000,180,1,1,2,1,3,2,3,16.12903226
1150,3,3,5750000,24,1,1,3,2,2,3,3,5000
2950,4,3,100000,75,1,2,3,2,3,3,3,33.89830508
360,1,1,1080000,118,3,1,2,1,1,3,1,3000
1510,3,3,8758000,20,1,1,2,2,2,3,3,5800
2900,3,3,150000,31,1,1,2,2,1,2,3,51.72413793
2600,3,3,100000,31,1,2,2,1,4,3,4,38.46153846
1200,2,3,30000,139,5,2,1,1,3,3,3,25
2300,3,3,100000,31,1,1,1,2,3,3,3,43.47826087
2400,3,3,70000,74,1,1,1,1,4,1,3,29.16666667
1650,3,3,50000,134,1,2,3,2,1,3,5,30.3030303
1000,3,2,35000,31,1,2,1,2,2,3,4,35
2100,4,3,120000,40,1,1,2,1,3,3,3,57.14285714
1200,2,3,30000,18,1,1,3,2,3,2,3,25
2400,3,3,120000,31,1,2,2,2,3,2,3,50
1480,3,3,20000,94,1,1,2,1,4,3,3,13.51351351
3000,3,3,150000,31,1,1,2,2,5,3,4,50
700,1,2,35000,31,4,2,1,1,1,3,4,50
3000,4,3,140000,75,1,2,1,1,1,2,5,46.66666667
3000,4,3,150000,31,1,4,1,1,4,3,3,50
1450,3,3,60000,134,1,1,2,1,3,3,3,41.37931034
2250,5,3,80000,56,1,2,2,1,4,3,4,35.55555556
2500,4,3,120000,75,1,1,2,1,2,1,1,48
2200,3,3,80000,61,2,2,1,1,2,2,3,36.36363636
2400,4,4,100000,61,1,2,3,2,4,3,4,41.66666667
2000,3,3,120000,40,4,1,2,2,4,3,4,60
2610,4,4,100000,31,1,1,2,1,3,3,4,38.31417625
2800,2,3,120000,31,3,1,2,1,3,2,3,42.85714286
1200,2,2,35000,31,1,1,1,1,4,1,4,29.16666667
2700,4,4,190000,31,2,1,2,1,3,2,4,70.37037037
4,2,2,16380,51,4,1,2,2,5,2,13,4095
1200,3,3,3300000,100,1,2,3,1,4,2,4,2750
1350,3,3,55000,55,1,2,2,1,3,3,3,40.74074074
2700,4,3,29700000,144,1,1,2,1,3,3,2,11000
1750,3,3,20002500,123,1,2,1,1,2,3,3,11430
4700,4,4,56400000,74,1,1,1,2,1,3,5,12000
1160,2,3,6380000,148,1,1,2,2,5,3,4,5500
850,1,2,25000,55,1,1,3,2,2,2,15,29.41176471
800,2,2,14000,118,1,1,2,1,5,1,3,17.5
900,2,2,18000,118,1,2,2,1,5,2,3,20
1700,3,3,30000,179,1,1,1,1,5,1,3,17.64705882
2150,4,4,65000,180,3,1,2,1,3,1,3,30.23255814
900,2,2,24000,180,1,1,2,1,1,3,3,26.66666667
2500,3,3,50000,180,1,1,3,1,1,3,3,20
2200,3,3,50000,180,1,2,2,1,2,3,3,22.72727273
1600,3,3,35000,180,1,2,1,1,5,3,4,21.875
1560,3,3,60000,180,5,2,1,1,1,3,4,38.46153846
1860,4,4,70000,134,5,1,2,2,2,3,3,37.6344086
1300,2,3,30000,180,1,2,3,1,2,3,1,23.07692308
3000,3,3,150000,31,1,2,2,1,2,3,4,50
2900,4,3,70000,31,1,2,3,1,5,3,3,24.13793103
3000,3,3,170000,31,1,1,3,3,3,1,2,56.66666667
3200,4,4,350000,31,1,1,2,1,4,2,12,109.375
2200,3,3,130000,31,1,3,3,2,2,2,4,59.09090909
1950,3,3,75000,61,1,1,2,1,2,1,3,38.46153846
600,2,2,35000,31,1,2,2,1,1,3,11,58.33333333
2500,2,3,150000,31,1,1,1,2,1,3,4,60
2000,3,3,150000,31,1,1,1,1,3,3,4,75
3400,4,4,300000,31,4,2,1,1,1,3,4,88.23529412
2600,3,3,110000,31,1,2,3,1,2,2,3,42.30769231
3247,3,3,150000,31,1,1,2,1,2,3,5,46.19648907
3000,5,4,120000,31,1,2,2,1,4,2,4,40
2867,4,4,200000,27,1,2,3,3,5,3,3,69.75933031
1650,3,3,42000,18,1,1,2,1,3,1,4,25.45454545
1730,3,3,55000,167,2,2,3,1,3,3,2,31.79190751
1500,3,3,9000000,40,1,1,1,5,2,3,3,6000
2200,4,4,19998000,56,1,1,1,1,1,2,3,9090
1693,4,3,11851000,180,1,2,2,2,3,2,1,7000
3500,4,3,80000,31,5,2,2,1,1,2,1,22.85714286
2200,4,3,120000,31,1,1,2,1,3,3,3,54.54545455
500,1,2,11000,118,1,2,2,1,5,1,1,22
2300,4,3,100000,31,1,1,1,1,3,2,3,43.47826087
1850,2,2,120000,31,1,2,1,3,4,1,4,64.86486486
1140,3,3,4560000,24,1,2,2,1,5,3,5,4000
3300,4,4,100000,40,1,1,1,1,3,3,3,30.3030303
2000,4,3,120000,31,1,2,1,1,2,3,4,60
1370,3,3,80000,55,2,1,2,1,1,3,4,58.39416058
2526,4,4,105000,55,1,1,2,1,3,3,3,41.56769596
2600,4,3,150000,55,1,2,2,2,4,3,4,57.69230769
2300,3,3,165000,31,1,2,2,1,4,1,13,71.73913043
2400,3,3,50000,31,1,3,1,2,4,3,3,20.83333333
1400,3,2,120000,31,1,2,2,1,1,2,4,85.71428571
2250,3,3,100000,31,1,1,3,2,2,3,3,44.44444444
2375,3,3,150000,31,1,1,2,1,1,2,3,63.15789474
2700,3,3,130000,31,1,1,3,1,3,3,2,48.14814815
3000,4,4,100000,57,1,1,2,1,3,2,4,33.33333333
1780,2,2,35000,40,1,2,1,2,5,1,4,19.66292135
2750,3,3,140000,31,1,1,2,2,2,3,5,50.90909091
2250,3,3,80000,31,4,1,1,1,1,3,3,35.55555556
2250,3,3,150000,31,1,4,2,1,1,2,3,66.66666667
1400,3,2,110000,31,1,2,2,1,3,3,3,78.57142857
2000,3,3,350000,133,1,1,1,5,3,2,4,175
1400,3,3,7000000,150,1,1,2,2,1,1,3,5000
1867,4,3,14002500,40,1,1,2,1,2,1,3,7500
1970,4,4,15169000,119,1,2,2,1,4,3,3,7700
1452,4,3,145000,139,1,1,1,1,2,2,4,99.86225895
1205,2,3,30000,123,1,1,2,1,2,3,5,24.89626556
1500,2,2,45000,31,1,1,3,1,1,3,3,30
1136,2,3,90000,143,1,1,3,1,4,2,3,79.22535211
2000,5,4,35000,56,1,1,2,1,2,1,3,17.5
2500,3,3,150000,31,1,1,1,1,2,3,4,60
2200,3,3,125000,31,1,1,3,1,4,3,4,56.81818182
2100,3,3,30000,167,2,2,1,1,3,3,12,14.28571429
2500,3,3,150000,31,5,1,2,1,3,3,3,60
2600,4,4,120000,55,3,1,3,1,5,2,3,46.15384615
1400,3,3,60000,55,2,2,3,1,3,3,3,42.85714286
2300,3,3,115000,31,4,1,2,1,1,3,4,50
1520,4,2,40000,134,4,2,2,2,3,3,4,26.31578947
2000,3,3,110000,31,2,2,2,1,4,3,15,55
2350,3,3,167000,54,1,1,1,1,5,2,3,71.06382979
2410,6,4,120000,61,1,2,2,1,3,1,4,49.79253112
2600,4,3,30160000,57,4,1,2,1,1,3,3,11600
2160,3,4,24999840,170,1,2,1,1,3,3,4,11574
3000,3,3,50000,167,1,2,2,1,4,1,4,16.66666667
1650,3,3,32000,180,4,1,2,1,1,3,3,19.39393939
1050,1,2,45000,55,1,2,2,1,2,1,3,42.85714286
2000,3,3,35000,51,2,1,2,1,6,2,3,17.5
1500,3,3,30000,180,1,1,3,1,3,2,3,20
1450,3,3,55000,55,1,1,2,1,1,3,4,37.93103448
1870,3,4,55000,51,1,2,1,2,3,3,4,29.41176471
1200,3,3,5700000,20,1,2,3,1,3,1,4,4750
1698,3,3,9254100,139,1,2,1,1,2,3,12,5450
858,2,2,2205060,89,1,1,1,1,1,2,3,2570
1070,2,3,3501040,174,1,1,2,1,3,3,4,3272
980,2,2,23000,55,1,1,2,2,3,2,3,23.46938776
950,2,3,15000,118,1,1,2,1,3,2,3,15.78947368
2393,4,4,25126500,123,1,2,2,1,4,3,3,10500
900,2,2,12000,118,1,1,3,1,3,2,1,13.33333333
850,2,2,12500,118,1,1,1,1,2,2,3,14.70588235
2700,3,4,100000,55,1,1,2,1,2,3,13,37.03703704
900,2,2,22000,180,1,1,2,1,2,1,3,24.44444444
1050,2,2,5250000,118,1,2,2,1,3,3,3,5000
1777,3,3,35000,180,1,1,2,1,2,3,3,19.69611705
3000,3,3,70000,180,1,1,1,1,2,3,3,23.33333333
1200,3,3,35000,180,1,2,1,1,4,2,3,29.16666667
2220,4,4,40000,180,1,1,2,1,3,2,2,18.01801802
1250,3,3,15000,118,1,1,3,1,2,3,3,12
1590,3,3,25000,180,5,1,1,2,2,3,3,15.72327044
1460,3,3,45000,55,1,1,2,1,3,1,4,30.82191781
1500,3,3,30000,61,2,1,2,2,3,3,3,20
2100,3,3,140000,180,1,1,3,1,4,2,3,66.66666667
1500,3,3,45000,55,1,1,2,1,4,4,4,30
1450,3,3,24000,118,2,1,2,1,4,3,4,16.55172414
1100,2,2,30000,55,5,2,1,1,4,2,4,27.27272727
1950,4,4,14001000,40,1,2,2,1,1,2,4,7180
1400,2,3,26000,179,1,1,1,1,2,1,3,18.57142857
920,2,2,30000,55,1,2,2,1,1,1,2,32.60869565
1900,4,3,12160000,20,1,2,3,1,1,3,3,6400
2200,4,4,25000,56,1,1,1,1,2,2,4,11.36363636
1400,3,2,110000,31,1,2,2,1,1,2,5,78.57142857
2350,3,4,50000,56,1,2,3,1,5,3,3,21.27659574
1800,3,3,75000,134,1,1,2,1,1,1,3,41.66666667
3130,4,4,60000,112,4,1,2,1,3,1,3,19.16932907
2750,3,3,160000,55,1,1,1,3,1,3,4,58.18181818
1270,3,3,75000,92,1,1,2,4,5,3,4,59.05511811
1800,3,3,350000,135,2,2,1,2,3,2,3,194.4444444
2200,3,3,85000,123,1,1,2,1,2,3,3,38.63636364
1250,3,3,65000,92,1,1,3,1,3,3,3,52
1800,3,3,30000,180,5,2,2,1,2,2,2,16.66666667
1050,2,3,15000,118,1,1,3,1,3,3,3,14.28571429
2200,6,5,45000,180,1,2,3,1,2,2,12,20.45454545
1400,3,3,25000,180,2,2,1,1,1,3,2,17.85714286
1300,3,3,22000,180,5,1,1,2,2,3,3,16.92307692
1750,5,3,50000,20,1,1,2,1,3,3,4,28.57142857
2510,4,4,100000,57,1,1,2,1,4,3,3,39.84063745
1350,3,3,25000,180,1,1,1,1,3,3,4,18.51851852
2650,3,3,110000,31,1,1,1,1,1,3,3,41.50943396
2650,3,3,110000,31,1,2,3,1,4,2,3,41.50943396
2250,4,3,120000,31,1,1,1,1,5,2,4,53.33333333
1350,3,3,9045000,20,1,1,2,1,4,3,12,6700
1360,3,3,8024000,120,1,1,2,1,2,3,4,5900
1550,4,3,9920000,118,1,2,1,2,1,3,3,6400
1865,4,3,12309000,118,1,2,2,2,1,3,3,6600
1950,4,4,12675000,138,1,1,3,1,2,3,4,6500
528,2,2,1795200,95,5,1,3,3,2,3,4,3400
800,2,3,2400000,95,1,2,3,1,3,3,3,3000
1150,2,3,5175000,18,1,2,1,1,3,3,3,4500
2600,4,3,110000,75,1,2,3,4,3,1,3,42.30769231
2300,4,3,125000,75,1,3,2,1,5,1,3,54.34782609
2800,4,4,110000,75,1,2,3,3,1,2,2,39.28571429
2000,5,3,60000,40,1,1,1,1,1,3,5,30
1580,4,3,80000,40,1,2,2,2,4,1,2,50.63291139
3000,4,4,250000,75,1,1,2,3,2,2,3,83.33333333
2250,3,3,90000,75,2,2,2,2,3,3,12,40
2600,3,3,100000,31,1,1,2,2,5,3,4,38.46153846
2500,3,3,120000,75,1,1,2,1,2,2,13,48
1900,3,3,70000,40,1,2,1,1,1,1,4,36.84210526
2400,3,3,90000,75,1,2,2,1,3,3,6,37.5
2250,4,3,120000,75,4,2,2,1,2,3,3,53.33333333
2000,3,3,100000,75,1,1,1,1,1,3,4,50
1680,3,3,40000,134,1,2,2,1,2,3,5,23.80952381
2000,3,3,40000,134,1,2,2,1,1,3,3,20
1825,4,3,80000,179,1,1,2,1,1,2,3,43.83561644
2400,3,3,100000,31,1,1,2,1,2,1,1,41.66666667
1550,4,4,22000,20,1,2,1,2,4,2,1,14.19354839
2000,4,3,90000,75,1,2,3,1,3,3,3,45
1500,3,3,60000,134,1,2,2,3,2,2,3,40
2600,4,3,28600000,57,1,1,2,1,3,3,5,11000
1150,3,2,8050000,56,4,1,1,1,3,2,3,7000
150,3,3,825000,182,2,1,2,2,3,3,3,5500
1250,3,3,9000000,56,1,1,2,1,4,2,3,7200
1690,3,3,10647000,180,1,1,1,1,1,1,3,6300
1500,4,4,55000,40,1,2,3,1,2,1,13,36.66666667
2300,4,3,75000,74,1,2,2,1,3,3,3,32.60869565
1000,2,3,33500,92,1,1,1,1,4,3,5,33.5
1200,2,2,15000,180,2,1,1,1,4,1,3,12.5
4000,4,4,150000,74,1,3,2,2,5,1,4,37.5
950,2,2,16000,180,1,1,2,1,3,3,3,16.84210526
1200,3,3,15500,180,1,1,3,2,4,2,3,12.91666667
1400,3,3,20000,118,1,2,2,1,1,2,3,14.28571429
1080,3,3,22000,180,3,2,3,1,3,2,3,20.37037037
900,2,2,70000,180,1,1,2,1,1,3,3,77.77777778
1850,3,3,17001500,40,1,1,1,2,3,1,3,9190
750,2,2,13000,118,2,2,2,1,3,3,5,17.33333333
2100,4,4,15750000,40,1,2,1,3,4,3,3,7500
850,2,2,14000,118,1,1,2,1,3,1,14,16.47058824
2400,4,4,45000,180,1,2,2,2,3,1,14,18.75
1500,3,3,30000,180,2,1,2,1,4,3,1,20
1200,3,3,30000,180,1,2,1,1,2,1,1,25
1625,3,4,32000,118,1,3,1,1,2,3,5,19.69230769
2600,3,4,45000,180,1,2,2,1,3,3,14,17.30769231
900,2,2,17000,180,4,1,2,1,3,3,3,18.88888889
2225,3,3,100000,74,2,2,2,1,2,2,1,44.94382022
2450,4,4,130000,22,1,1,3,1,3,1,2,53.06122449
1400,3,2,18000,118,1,2,2,2,3,2,4,12.85714286
3000,4,3,110000,74,1,2,2,1,1,2,2,36.66666667
2600,4,4,100000,74,2,1,2,3,4,3,5,38.46153846
2000,3,3,150000,74,1,2,2,1,1,3,3,75
2300,4,3,100000,74,4,1,3,1,2,3,3,43.47826087
2000,3,3,90000,74,4,4,2,2,4,2,3,45
1350,3,3,7560000,40,3,1,1,1,4,3,4,5600
1700,3,3,10999000,40,1,2,2,1,5,3,4,6470
1100,3,3,4730000,123,1,2,2,1,2,3,1,4300
1300,3,3,6500000,123,4,2,2,1,4,3,3,5000
1100,3,3,4730000,123,1,1,2,4,4,2,4,4300
1440,4,3,7632000,138,1,2,1,1,2,3,5,5300
1300,3,3,9880000,55,1,2,3,1,2,3,3,7600
1250,3,3,28000,61,1,2,1,2,2,3,4,22.4
1850,3,3,65000,54,1,2,2,1,3,3,1,35.13513514
1300,5,4,40000,55,4,1,2,1,2,2,5,30.76923077
2200,3,3,95000,54,1,2,2,1,1,3,3,43.18181818
1059,2,2,6751125,40,1,2,2,2,1,2,5,6375
2200,3,3,110000,31,3,2,1,1,4,3,3,50
1200,3,3,20000,118,2,1,2,1,1,2,3,16.66666667
400,1,2,9000,118,1,1,2,1,1,2,5,22.5
1325,3,3,30000,180,4,2,3,1,3,1,4,22.64150943
1500,2,3,25000,180,4,1,2,2,2,2,14,16.66666667
1300,3,3,30000,180,1,2,1,1,1,2,1,23.07692308
700,2,2,20000,55,1,2,3,1,2,3,5,28.57142857
1600,3,3,68000,55,1,1,2,1,1,3,3,42.5
2600,3,4,80000,55,1,1,2,1,2,2,3,30.76923077
700,2,2,25000,55,3,2,2,1,2,3,3,35.71428571
2600,4,4,70000,55,1,2,2,2,3,3,3,26.92307692
2600,3,3,130000,55,1,2,2,1,3,2,14,50
2650,4,4,85000,55,1,2,2,1,2,2,3,32.0754717
1800,3,3,60000,55,1,1,1,1,4,3,3,33.33333333
2200,4,3,120000,74,1,2,3,1,3,3,3,54.54545455
1800,3,3,90000,22,1,1,3,1,4,3,3,50
2500,4,4,65000,55,2,1,3,1,2,2,3,26
3300,3,3,140000,22,1,1,2,1,2,2,1,42.42424242
1800,3,3,90000,22,1,1,2,1,5,3,3,50
1250,2,3,40000,55,1,2,3,1,1,3,5,32
1500,4,3,35000,55,1,1,3,2,2,3,3,23.33333333
1300,3,3,15600000,57,5,2,2,1,1,3,3,12000
2200,3,3,16500000,118,1,1,2,1,1,2,4,7500
2200,4,4,18999200,56,1,2,3,2,3,2,3,8636
775,2,2,4006750,180,1,3,2,1,1,2,4,5170
2200,4,4,22000000,118,1,2,1,1,3,1,2,10000
13000,3,2,50700000,118,1,2,1,1,4,3,11,3900
1650,3,2,9900000,31,3,1,3,2,4,2,3,6000
2400,4,3,80000,22,1,1,2,1,2,3,3,33.33333333
1570,3,3,11775000,180,3,2,3,2,3,3,4,7500
1400,3,3,25000,180,1,2,2,1,3,1,4,17.85714286
1200,3,3,32000,56,1,1,2,2,2,2,5,26.66666667
2200,3,3,138000,75,2,1,2,1,2,3,3,62.72727273
3000,3,3,130000,22,4,2,2,1,4,1,3,43.33333333
1250,3,3,8125000,16,4,2,2,1,1,3,1,6500
1850,4,3,80000,134,1,1,2,1,1,1,4,43.24324324
2180,3,4,22815880,40,1,2,2,2,3,2,5,10466
1290,3,3,7095000,118,1,2,1,2,1,3,4,5500
2300,3,3,110000,75,4,1,2,3,3,1,3,47.82608696
1350,3,3,13500000,74,1,1,2,1,1,3,3,10000
1385,3,3,8310000,20,1,3,1,1,1,3,6,6000
1300,3,3,5590000,47,2,2,2,1,3,1,4,4300
1522,3,3,7610000,118,1,1,1,1,2,1,3,5000
4350,1,6,36975000,40,1,1,3,1,1,3,4,8500
1800,3,3,16200000,74,1,2,2,1,3,2,3,9000
1600,3,3,17600000,22,1,2,3,1,1,3,16,11000
550,1,2,2365000,110,1,1,3,2,2,3,2,4300
3715,4,4,250000,75,1,2,1,1,1,2,3,67.29475101
1300,3,3,6760000,123,1,1,1,5,4,2,3,5200
1125,3,3,5900625,123,1,1,3,1,2,2,3,5245
1150,2,3,8050000,183,1,2,2,1,1,2,4,7000
970,3,3,5820000,183,1,2,2,1,5,3,4,6000
1368,3,3,8208000,183,4,1,2,2,5,3,6,6000
1685,3,3,11500125,119,1,1,3,1,5,1,3,6825
2200,3,3,110000,74,1,2,1,1,2,3,1,50
2150,3,3,70000,74,1,1,1,2,5,2,3,32.55813953
3200,4,3,120000,74,1,1,1,1,3,3,5,37.5
1850,3,3,70000,74,1,3,2,1,2,1,3,37.83783784
2200,3,3,80000,74,1,2,2,1,5,3,3,36.36363636
700,2,2,13000,166,1,1,2,2,3,3,4,18.57142857
800,2,3,17000,166,1,2,2,1,2,3,4,21.25
2250,3,3,70000,54,1,2,1,1,5,3,3,31.11111111
1250,3,3,22000,118,1,3,1,2,4,1,2,17.6
850,2,2,22000,152,1,1,1,1,2,2,3,25.88235294
1000,2,2,23000,152,3,2,3,1,4,1,3,23
2000,3,3,60000,54,4,1,1,1,2,3,3,30
1250,3,3,28000,61,4,1,2,1,4,3,4,22.4
1250,3,3,28000,118,1,1,2,1,1,3,3,22.4
1450,3,3,35000,118,4,3,2,1,5,3,4,24.13793103
1000,2,2,28000,152,1,1,1,1,4,3,3,28
1100,2,2,25000,27,4,2,3,2,4,3,3,22.72727273
1610,3,3,45000,27,1,1,1,1,3,3,1,27.95031056
1800,3,3,30000,152,3,2,1,1,5,3,4,16.66666667
2700,3,5,63000,57,4,2,2,2,3,3,13,23.33333333
1880,3,3,50000,61,1,3,1,1,3,2,1,26.59574468
750,2,2,21000,27,1,2,2,1,4,3,15,28
1250,3,3,6300000,182,5,1,3,2,4,3,3,5040
1570,2,3,10048000,40,4,2,1,1,1,3,3,6400
4200,4,4,39900000,179,1,1,1,1,2,2,3,9500
1850,3,3,12084200,182,1,2,1,3,2,3,5,6532
1235,2,3,5681000,182,1,1,2,1,6,3,3,4600
900,3,3,4500000,182,1,1,1,1,2,1,4,5000
1120,2,2,6720000,182,1,1,2,1,1,3,4,6000
1150,2,3,5499300,123,1,1,2,1,5,2,3,4782
1250,4,3,7000000,182,1,1,1,1,5,3,3,5600
1000,2,2,23000,61,1,2,1,1,5,2,6,23
1650,3,3,10725000,40,1,2,2,1,1,2,4,6500
1250,3,3,28000,61,2,1,1,1,2,2,3,22.4
1350,3,3,30000,61,1,1,2,3,2,2,4,22.22222222
2600,3,3,150000,75,1,1,3,1,2,3,4,57.69230769
1500,4,4,5250000,181,1,1,2,1,1,3,3,3500
950,2,2,6175000,180,1,2,2,1,6,3,3,6500
1207,3,3,5431500,182,1,1,2,1,2,2,4,4500
1250,2,3,8500000,20,4,1,2,1,3,3,3,6800
1150,3,3,5520000,180,3,3,1,1,4,3,2,4800
1400,3,3,7000000,118,4,1,2,1,1,2,3,5000
1238,2,3,6190000,182,1,1,2,1,1,2,3,5000
970,2,3,4947000,20,1,1,3,1,1,3,3,5100
990,2,2,4455000,182,1,1,1,2,4,2,12,4500
950,2,2,4560000,180,1,3,3,1,5,2,5,4800
1587,3,3,11585100,180,1,2,3,1,3,3,3,7300
1200,2,2,14000,118,1,1,2,1,1,3,4,11.66666667
700,2,2,14000,166,1,2,2,1,3,2,4,20
1200,2,2,25000,183,1,1,2,1,2,3,4,20.83333333
970,4,3,5044000,20,1,2,2,2,1,2,3,5200
1570,3,3,38000,183,2,2,3,1,4,3,3,24.20382166
850,2,2,4930000,180,1,1,2,1,2,1,1,5800
1450,3,3,45000,57,1,2,2,1,3,3,3,31.03448276
1755,4,3,8248500,180,1,1,2,1,2,1,4,4700
2700,4,4,100000,57,1,2,3,1,5,3,3,37.03703704
1850,4,3,8698700,180,2,4,2,1,3,3,3,4702
1100,2,3,4510000,59,1,1,3,2,2,2,3,4100
1650,3,3,8085000,180,1,1,3,1,3,3,1,4900
930,2,2,4092000,20,4,3,1,1,2,3,3,4400
1300,3,3,5460000,181,4,1,3,1,3,3,1,4200
1300,3,3,7150000,16,1,2,2,2,3,3,4,5500
1335,3,3,9004575,180,2,2,1,1,2,2,2,6745
860,2,2,3612000,181,1,1,3,1,4,3,3,4200
1600,3,3,37000,183,1,1,2,1,2,3,2,23.125
1710,3,3,25000,118,2,1,3,2,3,3,3,14.61988304
1200,2,3,35000,183,1,2,2,1,1,3,3,29.16666667
1100,2,3,19580,166,1,2,2,1,1,3,3,17.8
1000,2,2,15000,118,1,2,1,1,5,3,4,15
400,1,1,12000,166,1,2,2,1,1,3,1,30
400,1,1,9500,118,1,2,1,2,2,3,2,23.75
1350,2,3,35000,57,4,2,3,1,2,3,3,25.92592593
945,2,2,14000,118,4,1,1,1,4,3,4,14.81481481
2750,4,3,110000,57,1,1,1,1,3,3,3,40
5000,4,4,30000000,180,3,2,2,1,3,3,3,6000
1350,3,3,6000750,118,1,1,2,1,2,2,4,4445
1575,3,3,10710000,180,4,1,2,2,3,3,4,6800
1720,3,3,18920000,180,4,1,2,1,4,2,4,11000
850,2,2,5202000,180,1,2,3,1,2,3,3,6120
850,2,2,4781250,182,1,1,1,2,3,1,3,5625
1150,2,3,5520000,59,1,2,1,2,3,2,3,4800
1400,3,3,6020000,179,1,1,1,1,1,3,5,4300
1050,2,3,5145000,180,2,2,1,1,4,3,1,4900
725,2,2,2320000,181,1,1,3,1,3,3,3,3200
1895,3,4,12317500,180,1,1,1,1,1,3,3,6500
2467,3,3,25000578,20,1,3,3,1,4,1,4,10134
1400,3,3,6300000,118,1,1,2,1,3,2,1,4500
1951,3,3,15022700,40,1,1,2,2,3,3,4,7700
1800,5,4,10800000,180,1,1,1,1,5,3,4,6000
1900,2,2,15200000,180,1,1,1,2,4,2,3,8000
1600,3,3,7360000,180,1,1,3,1,4,3,4,4600
2750,4,3,110000,57,1,1,2,1,2,3,4,40
1630,3,3,13040000,180,1,1,2,1,3,1,3,8000
1100,2,3,15000,118,1,1,3,2,4,1,3,13.63636364
2650,3,3,26000,166,1,2,1,1,1,4,3,9.811320755
2750,4,3,110000,57,1,2,2,2,3,3,3,40
1800,5,5,7200000,119,1,1,3,3,1,2,3,4000
850,2,2,5100000,180,1,1,1,1,1,2,3,6000
2,1,3,12000,180,1,1,2,1,1,2,4,6000
650,2,2,2795000,118,4,1,2,1,1,3,4,4300
850,3,3,3599750,20,1,1,1,2,2,3,4,4235
1064,3,3,5852000,20,1,1,3,1,1,2,3,5500
3000,4,4,30000000,180,1,1,1,1,3,3,4,10000
1132,2,2,6792000,20,4,1,2,3,5,3,4,6000
900,2,2,6030000,24,1,1,2,2,2,3,3,6700
1338,3,2,7499490,180,5,1,1,1,1,3,1,5605
1510,3,3,8909000,180,1,4,2,1,2,3,4,5900
800,1,2,11000,166,1,2,3,1,3,1,4,13.75
850,2,2,10500,166,1,1,2,2,3,3,3,12.35294118
1800,4,4,23000,166,4,3,2,2,2,3,3,12.77777778
1200,2,3,20000,166,1,1,2,1,3,3,3,16.66666667
3200,5,4,33600000,180,1,1,2,1,2,1,3,10500
600,1,2,12000,81,1,1,2,1,2,2,3,20
1530,3,3,10710000,40,1,1,3,1,3,2,3,7000
1612,3,3,11999728,180,1,1,3,1,1,3,3,7444
1971,4,3,17739000,180,1,2,1,1,4,3,4,9000
1160,3,3,7500560,40,2,1,2,1,3,3,3,6466
1100,2,2,7150000,20,1,2,1,1,2,3,2,6500
750,2,2,3750000,20,1,2,1,1,3,1,3,5000
1000,2,3,3200000,118,1,2,1,1,1,3,2,3200
2700,4,3,45000,57,1,2,1,1,1,2,4,16.66666667
1300,3,3,11050000,180,1,1,3,1,3,3,3,8500
1100,2,3,18000,183,3,1,3,1,4,3,4,16.36363636
1500,3,4,15000,34,1,1,3,1,2,2,3,10
1100,2,3,18000,183,1,1,3,1,2,3,3,16.36363636
1100,2,3,18000,183,1,1,2,1,3,3,4,16.36363636
2600,4,4,50000,183,1,1,1,1,1,3,1,19.23076923
2500,2,4,35000,183,1,2,1,1,2,1,4,14
900,4,1,12000,183,5,2,2,1,3,1,5,13.33333333
700,2,2,3150000,14,1,1,1,1,3,3,1,4500
1000,2,3,16000,69,1,1,1,1,1,3,3,16
900,2,2,3999600,118,1,1,3,1,2,2,2,4444
400,2,1,10000,149,4,2,2,2,1,3,15,25
1100,2,2,12000,69,1,1,2,1,1,2,4,10.90909091
700,2,2,15000,34,1,1,1,1,4,3,4,21.42857143
1000,2,2,19000,34,1,4,3,1,4,3,3,19
850,2,2,13000,69,1,2,1,3,3,3,4,15.29411765
1000,2,2,18000,34,1,1,2,1,3,3,3,18
800,1,2,8000,166,1,2,3,1,5,3,4,10
1000,2,2,19000,166,1,1,2,1,3,3,4,19
1000,2,2,19000,166,1,2,1,2,3,3,4,19
700,2,3,15000,34,2,2,1,1,3,3,3,21.42857143
1000,3,3,22000,166,4,1,1,1,1,3,5,22
1000,2,3,12000,149,3,1,3,1,2,1,4,12
700,1,2,19000,34,2,2,3,1,3,3,4,27.14285714
800,2,2,14000,149,1,1,2,1,1,3,4,17.5
800,2,2,13000,149,1,1,2,3,3,3,3,16.25
800,1,2,12500,149,1,1,1,1,1,2,3,15.625
1400,1,3,20000,57,1,2,1,1,2,3,4,14.28571429
650,1,2,6500000,92,1,3,1,1,1,1,4,10000
1950,4,3,9750000,180,1,1,3,2,2,3,12,5000
1400,3,3,65000,57,1,2,1,1,2,1,3,46.42857143
1400,3,2,40000,57,1,2,1,1,2,3,3,28.57142857
1575,4,4,10001250,180,1,1,3,1,3,3,3,6350
1850,3,4,12025000,40,4,2,2,1,1,3,3,6500
1350,3,3,5999400,14,1,2,3,1,6,3,3,4444
1735,4,3,13880000,40,1,1,2,2,4,3,3,8000
830,2,2,4500260,14,1,2,2,1,3,3,2,5422
1275,3,3,6375000,14,3,3,1,2,3,3,2,5000
1470,3,3,6799999.5,14,1,1,2,1,1,1,4,4625.85
1150,3,3,4025000,118,1,1,3,1,2,3,3,3500
1450,2,3,7105000,180,1,1,2,1,3,2,3,4900
1540,2,3,8470000,180,1,1,2,2,4,3,1,5500
1587,4,3,11999307,180,1,1,1,1,1,3,1,7561
2033,3,3,12198000,180,1,1,2,2,5,3,1,6000
1300,3,3,20000,149,1,1,3,1,3,2,3,15.38461538
625,3,2,12000,183,2,1,1,1,3,2,4,19.2
1900,3,4,17100000,180,2,2,1,3,3,3,3,9000
1600,3,3,32000,183,1,2,1,1,3,1,3,20
2600,4,3,95000,57,2,1,1,2,5,3,5,36.53846154
700,2,2,35000,57,3,2,2,1,3,2,4,50
1430,4,3,9295000,40,1,2,3,1,2,3,4,6500
2400,3,3,12000000,180,1,2,1,2,1,2,4,5000
2394,3,3,17236800,40,1,1,2,1,2,3,4,7200
1600,4,3,5600000,123,1,2,1,2,3,2,3,3500
2750,5,4,20000750,40,1,2,2,1,4,2,4,7273
1125,3,3,9562500,119,1,1,3,2,2,3,3,8500
1650,4,3,9735000,179,1,2,2,1,3,3,4,5900
1410,3,3,9024000,40,1,2,3,1,4,3,13,6400
1050,3,3,4500300,179,1,1,1,1,1,1,3,4286
900,2,2,2000,183,5,1,3,1,2,3,13,2.222222222
650,1,1,10000,110,1,1,2,1,2,3,4,15.38461538
4500,5,5,42750000,40,1,1,2,1,3,3,5,9500
2000,3,3,22000,183,1,1,1,1,3,1,4,11
1150,3,3,22000,110,1,2,3,1,2,1,12,19.13043478
1705,3,3,11082500,118,1,4,2,1,4,3,1,6500
900,2,2,16000,28,2,1,2,2,1,2,4,17.77777778
1500,3,3,32000,110,1,3,2,2,2,3,1,21.33333333
1150,2,3,18000,28,1,2,2,1,2,3,3,15.65217391
1500,3,3,32000,110,1,2,1,1,4,3,1,21.33333333
1045,2,3,23000,124,1,2,1,1,2,2,3,22.00956938
600,2,2,15000,110,4,2,3,1,4,1,3,25
1500,2,3,25000,110,1,1,2,2,5,2,3,16.66666667
1150,2,2,20000,110,1,1,2,2,1,3,1,17.39130435
650,2,2,14500,166,5,1,1,1,3,3,4,22.30769231
1100,2,3,25000,69,1,2,1,1,1,3,3,22.72727273
650,2,2,15000,166,1,1,2,2,1,3,7,23.07692308
650,1,2,10000,69,1,2,2,1,2,3,4,15.38461538
1150,3,3,18000,69,4,1,2,2,3,3,1,15.65217391
1250,3,3,21000,149,1,1,2,1,2,1,6,16.8
950,2,2,12000,69,1,2,1,1,1,3,2,12.63157895
550,1,2,9500,69,1,1,1,1,4,3,2,17.27272727
950,2,2,4085000,180,1,1,2,2,4,2,3,4300
800,1,2,10000,149,1,2,3,1,2,1,3,12.5
1250,3,3,20000,149,3,2,2,1,1,3,6,16
1550,3,3,13640000,40,1,2,1,1,6,3,3,8800
1550,3,4,9300000,40,1,2,2,1,1,3,3,6000
1500,3,3,10500000,180,1,1,2,1,3,3,14,7000
1580,3,3,14457000,180,1,2,2,1,3,2,2,9150
1567,3,3,12065900,40,1,1,1,2,1,3,4,7700
1550,3,4,10850000,180,5,1,1,1,2,3,4,7000
1296,3,3,6350400,118,3,1,2,1,1,2,3,4900
1500,3,3,11250000,40,1,1,2,1,3,2,3,7500
1610,4,3,9016000,180,1,1,2,1,2,2,1,5600
1250,3,3,8000000,40,1,1,1,1,3,1,14,6400
900,2,2,5040000,118,3,2,3,1,2,3,1,5600
1300,4,4,5200000,118,1,2,2,1,2,3,3,4000
1500,3,3,12000000,40,1,1,2,3,3,3,1,8000
1315,3,3,7890000,40,1,2,1,1,2,2,3,6000
1215,1,3,5467500,59,1,2,2,3,3,3,3,4500
1470,2,3,8999340,40,1,1,3,1,3,2,3,6122
1480,4,4,6660000,40,1,2,2,1,2,3,3,4500
1000,2,3,3000000,40,1,2,2,1,2,2,3,3000
1175,3,3,20000,180,3,1,1,2,2,2,3,17.0212766
1000,2,2,22000,180,2,2,1,1,2,3,3,22
850,2,2,28000,57,1,1,1,2,3,3,6,32.94117647
1100,2,3,22000,180,1,1,3,2,1,3,4,20
1175,3,3,20000,180,4,2,3,2,3,3,1,17.0212766
1150,2,2,19500,180,1,1,2,1,3,1,3,16.95652174
1200,2,2,19500,180,1,1,2,1,2,2,1,16.25
1250,3,2,18000,180,1,3,2,1,3,3,4,14.4
1175,2,3,20000,180,1,1,3,1,3,3,4,17.0212766
900,2,2,20000,180,1,1,2,1,2,3,1,22.22222222
1400,3,3,25000,180,1,2,1,4,3,2,1,17.85714286
525,2,2,14000,180,1,1,2,1,3,1,3,26.66666667
1360,3,3,20000,180,1,1,3,1,2,3,3,14.70588235
1000,2,2,17000,118,1,1,2,3,5,3,2,17
1840,3,3,28000,180,1,2,2,2,1,2,4,15.2173913
1800,3,4,45000,180,1,2,2,1,1,3,3,25
2800,5,4,160000,31,1,2,2,1,5,2,3,57.14285714
2314,4,4,35000,56,2,2,1,1,2,1,4,15.12532411
1700,4,3,60000,179,1,2,3,1,3,3,3,35.29411765
1637,3,3,70000,22,1,1,2,1,3,2,5,42.76114844
950,2,2,19500,180,1,1,2,1,2,3,3,20.52631579
1500,3,3,60000,179,1,2,3,2,4,2,3,40
2500,3,3,75000,22,1,1,2,1,2,2,3,30
1050,2,3,2940000,60,4,3,2,1,3,3,4,2800
1500,3,2,12000000,40,1,3,2,2,3,1,3,8000
1200,3,3,6000000,118,1,1,1,1,1,1,3,5000
1800,3,3,9540000,118,1,2,1,2,5,1,3,5300
3000,4,4,36000000,74,1,1,2,1,3,2,3,12000
2200,3,3,150000,75,1,1,1,2,2,2,12,68.18181818
1900,4,3,15200000,180,1,1,2,1,1,1,4,8000
1300,4,3,45000,55,2,1,2,1,2,2,4,34.61538462
2750,3,3,130000,31,1,3,3,1,2,2,2,47.27272727
3000,5,3,160000,31,1,2,2,1,3,2,3,53.33333333
2500,3,3,190000,31,1,1,2,1,2,3,3,76
2600,5,4,150000,31,1,2,1,1,4,1,3,57.69230769
2500,4,3,125000,31,1,2,1,1,3,3,3,50
3500,6,5,225000,55,1,1,1,1,2,3,3,64.28571429
2600,4,4,90000,55,1,1,3,1,4,3,2,34.61538462
2179,4,3,80000,74,1,1,2,1,3,3,3,36.71408903
1800,3,3,30000,162,1,1,2,1,2,3,5,16.66666667
1435,3,3,8610000,144,1,1,1,1,2,2,3,6000
1727,3,3,17270000,144,1,2,1,1,1,3,3,10000
1695,4,4,17500875,139,4,2,2,1,3,2,3,10325
1100,2,3,28000,133,1,3,2,1,2,3,3,25.45454545
1900,3,3,150000,74,1,1,3,1,2,3,3,78.94736842
1100,2,3,27000,110,1,1,2,1,2,3,1,24.54545455
1685,3,3,32000,20,1,2,1,1,3,1,3,18.99109792
1415,3,3,22000,94,1,1,2,2,4,1,4,15.54770318
1180,2,3,24000,20,1,1,1,2,3,2,4,20.33898305
900,2,2,22000,110,1,2,1,1,2,3,5,24.44444444
1350,3,3,25000,20,1,2,2,1,4,2,4,18.51851852
3100,4,4,130000,74,3,1,1,3,4,1,3,41.93548387
2000,3,3,70000,74,1,1,1,3,3,3,2,35
1500,3,3,35000,20,1,1,2,1,2,1,3,23.33333333
700,1,2,15000,20,1,2,2,2,4,1,2,21.42857143
350,1,1,10500,20,1,2,2,2,3,2,4,30
1356,3,3,23000,20,2,1,3,1,3,1,3,16.96165192
3500,4,4,265000,31,5,1,3,1,3,3,4,75.71428571
1356,3,3,24000,20,1,1,1,1,2,2,3,17.69911504
700,2,2,13500,28,1,1,2,1,1,3,3,19.28571429
1300,3,3,30500,20,1,2,2,2,3,2,3,23.46153846
2350,3,3,60000,57,1,2,2,1,1,2,3,25.53191489
750,2,2,13500,124,1,2,2,1,1,3,3,18
1450,3,3,7975000,16,1,2,2,1,5,2,13,5500
2467,4,4,16528900,40,1,1,1,1,1,2,4,6700
1500,4,3,10005000,40,1,1,3,1,2,3,3,6670
1044,2,3,5000760,14,1,1,1,4,3,2,3,4790
2100,4,4,12597900,40,1,1,1,1,4,2,4,5999
1500,3,3,9199500,40,1,3,1,1,2,2,3,6133
1630,3,3,13040000,180,4,1,1,1,3,1,4,8000
1400,3,3,10999800,40,1,2,2,1,3,2,4,7857
1650,3,3,11880000,40,1,1,1,1,3,2,7,7200
2200,3,3,70000,75,1,4,2,1,4,2,3,31.81818182
1000,3,3,4500000,123,5,1,1,1,3,3,3,4500
1950,3,3,65000,75,1,1,2,1,1,1,4,33.33333333
1450,3,3,9425000,40,2,2,2,1,4,2,3,6500
1900,4,4,9500000,180,1,1,1,1,2,3,4,5000
1700,4,3,15130000,40,1,1,3,1,3,3,1,8900
1735,4,3,12599570,40,1,1,2,1,2,2,3,7262
2232,3,3,16740000,40,1,1,2,1,2,2,3,7500
1975,3,3,13825000,40,1,1,2,1,3,2,14,7000
1650,3,3,13200000,40,1,2,1,1,1,3,3,8000
2600,4,4,20800000,40,1,2,1,1,4,2,3,8000
2300,3,3,80000,75,1,2,2,3,3,2,4,34.7826087
1530,3,3,10098000,40,1,1,1,2,5,3,4,6600
1643,3,3,12322500,40,1,1,2,1,3,3,3,7500
2300,3,3,80000,75,1,2,2,1,2,2,4,34.7826087
1100,2,3,36000,134,4,1,1,1,1,3,15,32.72727273
2250,4,3,80000,75,1,1,1,1,2,3,4,35.55555556
2100,3,3,75000,75,1,1,2,1,3,1,4,35.71428571
1441,3,3,60000,134,2,2,2,2,4,3,4,41.63775156
2360,3,4,55000,40,1,2,1,1,2,3,3,23.30508475
992,2,2,35000,40,5,1,3,1,2,3,3,35.28225806
2800,4,4,120000,75,1,1,2,1,4,2,12,42.85714286
2600,5,4,200000,74,1,2,3,4,3,1,3,76.92307692
1200,3,3,8000400,118,1,1,1,1,1,2,3,6667
1550,3,3,10499994.5,138,2,1,1,2,3,3,3,6774.19
1700,4,4,14450000,123,1,1,2,1,2,3,3,8500
830,2,2,4649660,123,5,1,2,1,1,3,4,5602
1450,3,3,7250000,20,1,1,2,1,4,3,7,5000
65,1,1,5500,118,2,1,1,1,1,2,3,84.61538462
975,3,2,8500050,16,2,2,1,1,4,2,4,8718
1500,3,3,3900000,61,1,2,2,1,3,3,3,2600
12500,26,25,450000,31,5,2,3,1,3,3,4,36
3400,4,6,120000,135,1,1,1,1,2,2,15,35.29411765
1700,3,3,150000,135,4,1,3,1,2,3,3,88.23529412
1000,2,3,7200,146,3,1,2,2,1,2,3,7.2
7000,8,7,150000,135,1,1,1,1,5,1,3,21.42857143
700,2,2,7000,146,1,1,1,3,3,1,3,10
700,2,2,5000,146,2,1,3,1,1,2,3,7.142857143
1100,2,3,6800,146,1,1,1,1,4,3,5,6.181818182
600,2,2,4000,146,1,2,1,2,5,1,4,6.666666667
2300,4,4,42000,56,1,1,2,1,2,3,2,18.26086957
900,2,2,20000,180,1,2,2,1,4,3,4,22.22222222
900,2,2,25000,180,1,1,2,1,3,3,3,27.77777778
850,2,2,20000,56,1,1,2,2,3,1,3,23.52941176
1200,3,3,22000,180,4,2,1,1,2,2,3,18.33333333
500,1,2,7500,118,4,1,2,1,1,1,4,15
1000,3,3,21000,180,1,1,1,1,1,3,3,21
1150,3,3,24000,56,1,2,2,1,2,1,3,20.86956522
1050,4,3,4200000,123,5,1,2,1,3,2,3,4000
2254,4,4,27048000,139,1,2,1,1,3,2,3,12000
1677,3,3,13416000,123,1,2,2,1,5,2,3,8000
1650,3,3,13200000,139,1,1,2,1,4,2,3,8000
1450,2,3,8501350,14,1,2,2,1,3,3,3,5863
1650,3,4,5940000,123,3,2,3,2,2,3,3,3600
1470,3,3,10290000,40,1,2,1,5,3,2,3,7000
2400,4,4,24000000,180,1,1,1,1,3,3,3,10000
1553,4,3,7765000,180,1,2,3,1,2,1,4,5000
1320,3,3,6499680,180,5,1,1,1,2,2,3,4924
2200,3,3,30000,180,1,2,1,2,5,2,4,13.63636364
700,1,1,20000,40,1,1,1,1,4,2,1,28.57142857
1650,3,3,24000,180,2,1,1,1,3,3,4,14.54545455
2440,3,4,140000,74,1,1,3,2,3,3,1,57.37704918
1100,2,3,30000,56,1,2,1,1,1,3,14,27.27272727
1200,3,3,25000,56,1,1,2,1,3,3,3,20.83333333
3000,5,4,100000,74,1,2,1,2,1,2,3,33.33333333
1550,3,3,30000,40,1,2,2,1,3,2,3,19.35483871
2100,3,3,77500,74,1,2,1,2,3,3,3,36.9047619
4200,4,4,220000,75,3,1,2,1,4,3,1,52.38095238
3554,5,4,241500,75,1,1,3,1,1,1,3,67.95160383
3600,5,4,220000,75,1,2,2,1,4,3,3,61.11111111
1900,3,3,65000,74,4,2,1,1,3,1,5,34.21052632
800,2,3,16500,110,1,2,3,2,3,3,4,20.625
850,2,2,4500750,180,1,2,2,1,4,3,4,5295
1800,3,3,36000,139,1,1,3,1,5,3,5,20
1100,2,3,28000,139,1,1,2,1,4,1,3,25.45454545
1100,2,2,25000,110,4,2,3,1,3,3,1,22.72727273
1050,3,3,28000,110,4,1,3,2,3,3,3,26.66666667
1000,3,3,27000,110,3,2,2,1,1,1,3,27
700,1,2,14000,133,1,1,2,1,3,3,4,20
700,2,2,14000,133,1,1,3,1,3,2,4,20
2650,4,4,80000,61,1,2,2,1,3,3,4,30.18867925
1000,2,2,4445000,24,1,1,2,2,1,3,4,4445
700,2,2,14000,133,1,1,1,1,1,3,4,20
700,1,2,14000,133,1,1,2,1,2,2,4,20
1900,3,4,10450000,123,4,2,1,1,3,3,4,5500
1550,4,3,7750000,123,1,1,3,1,2,2,2,5000
1300,3,3,7930000,123,1,1,2,1,1,3,3,6100
1595,3,3,11962500,123,1,1,3,1,4,1,3,7500
2000,5,4,15000000,40,1,2,1,3,3,3,3,7500
4466,4,4,350000,75,1,4,1,1,2,2,4,78.36990596
1400,3,2,9800000,123,4,1,1,1,4,1,1,7000
1020,2,3,5100000,123,4,1,2,1,2,3,3,5000
1350,3,3,26000,124,1,1,2,1,2,2,1,19.25925926
450,1,2,13000,110,1,1,3,1,2,1,3,28.88888889
700,2,2,17000,124,1,3,3,1,3,2,3,24.28571429
1405,3,3,35000,139,4,2,1,1,1,3,3,24.91103203
700,2,2,16000,124,1,1,2,1,4,1,3,22.85714286
1350,4,4,6615000,123,1,2,1,3,2,1,2,4900
750,1,1,45000,75,1,1,2,1,6,1,4,60
2700,4,4,70000,74,1,2,3,1,1,3,5,25.92592593
2800,4,4,150000,75,1,2,1,1,1,3,4,53.57142857
2000,3,3,50000,40,1,1,1,1,1,3,4,25
3800,4,4,200000,75,1,1,3,1,2,1,3,52.63157895
3400,4,4,150000,31,1,3,2,1,1,3,2,44.11764706
2300,4,4,65000,40,1,1,3,1,3,3,4,28.26086957
2000,3,3,90000,75,1,2,1,1,3,3,3,45
5500,5,4,400000,75,1,1,2,2,2,3,4,72.72727273
2700,3,4,80000,75,1,1,2,1,2,4,4,29.62962963
2445,3,3,55000,40,1,1,2,1,2,1,4,22.49488753
1800,3,3,60000,40,4,2,1,1,2,3,4,33.33333333
2900,4,3,160000,31,1,2,1,1,3,3,3,55.17241379
600,1,2,4500,146,1,2,2,1,2,3,3,7.5
600,2,2,4000,146,1,2,2,1,1,3,3,6.666666667
1863,3,3,19561500,180,1,1,2,1,1,1,4,10500
950,2,3,3040000,24,1,1,1,1,1,2,4,3200
850,2,2,7437500,135,1,1,2,1,5,3,3,8750
1170,3,3,8073000,135,1,2,1,1,3,3,3,6900
1625,3,3,10725000,92,1,2,2,1,4,2,3,6600
1550,3,3,11998550,180,4,2,1,1,3,3,3,7741
1800,4,3,14400000,31,2,1,2,2,1,2,3,8000
1285,3,3,9509000,116,1,2,2,1,5,3,4,7400
1311,3,3,6004380,24,1,1,3,1,3,3,1,4580
700,1,2,4000,146,1,1,1,1,3,1,3,5.714285714
600,1,2,5500,146,1,2,3,1,2,1,4,9.166666667
800,2,2,6000,146,1,3,2,1,3,3,14,7.5
2160,3,3,50000,135,4,1,1,2,3,3,3,23.14814815
400,1,2,4500,62,1,1,3,1,4,1,3,11.25
1050,2,2,15000,149,1,1,3,1,5,3,5,14.28571429
1250,3,3,7500000,123,1,1,3,2,4,3,4,6000
1200,3,3,6000000,101,1,1,2,3,2,3,3,5000
20250,4,3,169998750,40,1,2,2,1,3,1,3,8395
1135,2,3,11500001.6,24,1,1,1,2,3,3,12,10132.16
973,2,3,4000003,118,1,2,1,1,2,3,4,4111
2200,4,3,18700000,170,1,1,2,5,5,2,4,8500
1220,3,3,7200000.8,162,1,2,2,1,2,2,3,5901.64
1500,3,3,11250000,101,1,1,1,1,1,4,5,7500
7500,5,5,700000,31,1,2,1,1,3,2,3,93.33333333
5000,6,4,500000,31,1,2,3,1,3,1,12,100
1750,3,3,7507500,123,4,2,2,1,2,3,3,4290
1900,2,3,16150000,31,1,1,2,1,2,1,3,8500
1100,3,3,5500000,24,3,1,2,1,2,3,14,5000
1362,4,3,10010700,24,1,2,1,1,2,2,3,7350
1225,2,3,5880000,102,3,2,3,1,1,1,4,4800
1060,2,3,6201000,118,2,1,1,1,1,3,3,5850
1530,3,3,6885000,179,1,2,2,1,4,1,4,4500
5500,7,9,450000,31,1,1,2,1,3,3,5,81.81818182
700,1,3,2100000,95,1,2,2,2,1,1,3,3000
2300,3,3,110000,22,4,2,1,1,3,3,3,47.82608696
1800,3,3,100000,40,4,1,2,2,3,3,4,55.55555556
2800,4,3,200000,31,1,2,3,1,5,3,3,71.42857143
2300,3,3,80000,22,2,2,2,1,4,1,3,34.7826087
3750,4,4,220000,74,4,2,2,1,2,1,4,58.66666667
2950,3,4,170000,31,1,1,1,2,1,3,3,57.62711864
3000,4,2,150000,74,5,1,1,1,1,3,3,50
1500,3,3,50000,22,1,1,2,1,4,3,3,33.33333333
3500,4,4,150000,74,1,1,1,1,1,2,3,42.85714286
1600,3,3,60000,22,1,1,1,1,4,3,3,37.5
1650,3,3,60000,180,1,1,2,1,1,1,1,36.36363636
1950,4,3,60000,24,1,1,2,3,2,3,3,30.76923077
3700,4,4,220000,22,1,2,1,1,1,3,5,59.45945946
1880,3,3,65000,22,1,1,2,1,4,2,3,34.57446809
1951,4,3,20095300,179,1,1,2,1,2,1,4,10300
3000,4,3,180000,75,1,1,2,1,2,3,3,60
1200,3,3,6960000,24,1,1,3,1,1,2,3,5800
1450,3,3,54000,134,1,2,3,1,2,2,1,37.24137931
700,1,2,12000,61,1,1,1,1,3,2,4,17.14285714
3000,3,3,130000,31,4,1,2,1,3,2,2,43.33333333
2700,3,3,150000,31,5,2,3,1,2,2,1,55.55555556
3000,4,4,80000,31,1,2,2,1,1,3,3,26.66666667
900,2,2,18000,81,1,2,2,2,3,3,2,20
1275,3,3,7203750,20,1,1,3,2,3,2,3,5650
2600,4,4,250000,31,1,2,2,1,3,3,3,96.15384615
1350,4,3,11002500,183,1,2,2,2,2,2,3,8150
550,1,2,1925000,24,1,1,1,1,3,3,13,3500
1194,4,3,10149000,183,1,1,2,1,1,3,6,8500
1481,3,3,15002530,183,1,1,3,1,4,3,3,10130
820,2,2,4920000,183,5,1,2,1,2,2,4,6000
1125,2,3,5199750,24,1,2,2,1,3,2,3,4622
1250,3,3,24000,81,2,2,2,1,4,1,4,19.2
1200,4,3,7999200,61,1,1,2,2,4,2,3,6666
1350,3,3,20000,81,1,2,1,1,2,1,3,14.81481481
3200,4,4,170000,31,1,1,3,1,3,3,3,53.125
2360,4,3,85000,61,1,2,3,3,3,3,3,36.01694915
2650,4,4,80000,61,1,2,2,3,1,3,4,30.18867925
800,2,2,16000,81,1,1,2,1,5,3,3,20
1800,4,4,45000,139,1,1,1,1,5,2,14,25
800,2,2,17000,81,1,1,2,1,4,2,5,21.25
950,2,3,17000,81,2,1,3,2,3,3,2,17.89473684
650,2,2,12000,81,1,2,3,1,3,1,4,18.46153846
2000,4,4,45000,139,1,2,3,1,3,1,1,22.5
1860,3,3,36000,139,1,1,3,1,4,2,5,19.35483871
1300,2,3,35000,139,1,2,2,4,1,1,7,26.92307692
1200,3,3,34000,139,4,1,1,2,1,3,2,28.33333333
1650,2,3,11550000,24,3,2,1,1,5,3,3,7000
1760,3,3,15999984,67,1,1,2,1,1,2,2,9090.9
1250,4,3,9375000,67,1,1,2,1,4,3,1,7500
1500,3,4,9750000,24,1,2,2,1,3,3,3,6500
1500,3,3,12000000,86,1,1,2,1,4,1,4,8000
650,2,2,2242500,118,1,2,2,1,1,3,4,3450
1250,3,3,4500000,118,1,2,1,3,4,2,3,3600
2250,4,4,12375000,20,1,1,2,2,2,3,4,5500
1270,3,3,6477000,145,1,1,2,2,3,3,3,5100
1180,3,3,7788000,20,2,1,1,1,3,2,1,6600
1500,3,3,6750000,20,4,2,2,2,5,3,3,4500
1244,3,3,6220000,20,1,2,1,1,1,2,3,5000
1050,2,3,3990000,123,1,1,3,2,3,3,3,3800
1500,3,3,7999995,24,1,1,2,1,4,1,3,5333.33
1620,4,3,11340000,20,1,1,1,1,3,2,3,7000
10000,7,9,600000,31,1,2,1,1,2,1,3,60
5500,6,5,350000,31,4,1,1,1,3,1,14,63.63636364
60,1,1,5600,151,1,1,2,1,1,1,3,93.33333333
180,1,1,8500,118,1,1,3,1,3,2,3,47.22222222
6000,8,10,600000,31,5,1,1,2,3,1,4,100
800,2,2,6000,143,2,3,1,2,1,3,7,7.5
2250,3,3,100000,31,1,3,1,2,4,2,4,44.44444444
3400,3,4,160000,31,1,3,1,2,1,2,5,47.05882353
2540,4,4,160000,31,1,1,2,1,4,3,4,62.99212598
2300,3,3,120000,75,1,2,2,1,4,3,5,52.17391304
2300,4,3,90000,75,1,1,2,1,2,2,1,39.13043478
24000,3,3,85000,75,1,1,3,1,3,3,3,3.541666667
2400,3,3,90000,75,1,2,1,1,4,2,3,37.5
2540,4,4,160000,31,1,2,2,4,1,1,2,62.99212598
2150,3,3,120000,75,1,2,2,1,3,1,4,55.81395349
2500,4,3,17500000,180,1,2,1,1,2,3,3,7000
1100,3,3,4840000,118,1,2,2,1,2,3,1,4400
950,2,2,7220000,61,1,1,3,2,3,3,3,7600
1175,3,3,6462500,20,2,2,2,1,2,3,3,5500
1020,2,3,4080000,24,5,1,1,1,1,3,3,4000
2150,3,3,17200000,56,1,1,2,2,3,1,1,8000
1125,3,3,5062500,24,1,1,1,1,2,3,3,4500
1700,3,3,9001500,40,4,1,2,4,5,3,3,5295
2500,5,6,120000,135,1,1,2,1,1,3,13,48
2000,3,3,50000,135,2,1,1,1,3,3,14,25
1800,3,3,24000,103,1,1,1,1,2,2,3,13.33333333
4000,4,4,700000,31,1,1,2,1,4,3,4,175
2400,3,3,45000,179,1,3,1,1,4,1,3,18.75
1150,3,3,5175000,24,1,1,2,1,5,3,3,4500
1250,2,2,16000,24,4,2,2,2,1,1,4,12.8
850,2,2,14500,145,1,1,2,1,3,1,4,17.05882353
1550,3,3,22000,145,3,2,3,4,1,3,3,14.19354839
1450,3,3,22000,145,1,1,2,2,3,3,3,15.17241379
850,1,2,12000,145,1,1,3,1,1,2,3,14.11764706
1125,3,3,5625000,24,1,1,2,2,2,2,1,5000
550,2,2,15000,24,1,1,3,1,2,2,13,27.27272727
1200,3,3,18000,145,1,2,1,1,4,2,5,15
1330,3,3,20000,145,1,1,2,1,3,1,4,15.03759398
1150,3,3,20000,24,1,2,2,2,1,2,3,17.39130435
1050,2,2,20000,24,1,2,1,1,4,1,1,19.04761905
1,1,1,10000,22,1,3,2,1,3,2,4,10000
1200,3,3,40000,14,2,4,3,1,1,3,3,33.33333333
1,1,1,1000,18,1,1,1,1,1,3,14,1000
800,2,2,11000,145,1,2,2,1,4,3,3,13.75
1150,3,3,20000,81,1,1,2,1,1,3,4,17.39130435
850,2,2,18000,61,3,1,3,2,2,1,4,21.17647059
1274,3,3,7007000,24,1,1,1,1,1,3,4,5500
1050,3,3,22000,81,1,1,2,2,3,2,3,20.95238095
1356,3,3,6746100,74,3,2,2,2,4,3,3,4975
1385,4,3,8033000,24,2,2,3,1,2,1,1,5800
2000,4,4,12000000,24,1,1,2,1,1,3,4,6000
1290,3,3,5418000,47,2,1,3,1,3,2,3,4200
1250,4,3,8000000,47,4,1,3,1,1,3,3,6400
2100,4,4,9450000,61,1,2,1,1,3,3,4,4500
1250,3,3,5000000,123,1,2,1,1,1,3,3,4000
2000,2,2,7000000,123,1,1,2,1,1,3,4,3500
1450,3,3,6380000,24,4,2,2,1,3,3,3,4400
4400,3,5,400000,31,2,1,1,1,3,3,4,90.90909091
4000,5,6,175000,31,1,3,2,1,1,1,1,43.75
1800,2,3,16000,90,2,1,1,1,4,1,3,8.888888889
4000,4,5,500000,31,1,3,3,1,1,3,3,125
18000,7,10,1500000,31,1,1,2,1,4,2,3,83.33333333
4000,5,6,350000,135,1,2,1,1,3,3,3,87.5
1800,3,4,21000600,139,1,1,2,1,1,2,2,11667
1600,3,3,12000000,20,1,2,2,1,2,3,3,7500
1511,4,3,9501168,24,1,1,2,1,3,3,2,6288
5000,5,4,700000,31,1,1,2,2,4,2,1,140
1120,2,3,15000,51,1,1,2,1,4,3,3,13.39285714
7000,5,6,750000,31,1,2,2,1,1,1,3,107.1428571
8000,5,5,250000,92,1,2,3,1,1,1,3,31.25
650,1,2,10000,151,1,2,2,1,1,1,4,15.38461538
600,2,2,2820000,123,1,2,1,1,4,3,1,4700
1365,4,3,6552000,118,1,1,2,1,1,1,4,4800
1100,2,2,6499900,24,1,2,2,2,3,1,4,5909
720,3,2,3199680,123,4,1,1,1,2,1,3,4444
1175,3,3,6462500,118,1,1,2,1,1,3,3,5500
1475,3,3,6195000,101,1,2,1,1,1,2,3,4200
1150,2,3,5175000,24,1,1,2,1,4,2,4,4500
5800,6,5,250000,31,1,1,1,1,2,1,4,43.10344828
1100,3,3,3300000,123,1,1,2,1,2,3,1,3000
1350,4,3,6750000,47,1,2,2,2,2,2,4,5000
1310,4,4,9825000,47,1,1,1,2,3,1,3,7500
1272,3,3,5469600,14,1,1,2,1,5,3,3,4300
1618,3,3,7442800,47,1,1,2,1,2,2,3,4600
2440,5,4,18300000,47,1,3,2,1,4,2,4,7500
1460,2,3,13870000,40,1,2,1,1,1,2,4,9500
900,1,2,13500,24,1,1,2,1,1,3,4,15
1300,3,3,27000,179,1,2,3,2,3,3,5,20.76923077
1094,3,3,30000,179,1,1,2,1,2,3,3,27.42230347
2200,3,3,60000,179,5,1,1,1,2,3,4,27.27272727
2100,4,3,50000,179,1,1,2,1,1,2,1,23.80952381
1650,2,3,36000,40,1,2,1,3,2,3,12,21.81818182
1800,3,3,35000,24,1,2,2,1,1,3,3,19.44444444
1150,3,3,25000,24,1,2,1,1,2,3,3,21.73913043
1250,2,2,25000,179,2,1,1,1,3,2,5,20
2500,5,4,45000,40,1,1,2,1,4,2,3,18
2000,3,3,32000,179,1,3,2,2,5,3,3,16
1600,4,3,27000,180,4,1,2,1,1,2,3,16.875
2010,4,4,60000,179,1,2,1,1,1,2,5,29.85074627
1500,3,3,30000,179,1,3,2,1,3,2,1,20
1250,3,3,25000,34,1,1,1,2,3,1,4,20
1700,3,3,34000,179,1,1,3,2,5,2,3,20
1450,3,3,30000,179,3,1,1,5,3,3,2,20.68965517
1000,2,3,15500,101,1,1,2,1,3,3,3,15.5
2250,3,3,50000,179,1,2,3,1,5,3,3,22.22222222
1600,3,3,28000,40,1,1,2,1,5,2,3,17.5
1359,3,3,7882200,180,1,1,2,1,4,2,3,5800
1350,3,3,8005500,180,1,1,3,1,4,3,4,5930
1010,2,3,2525000,180,4,2,2,3,3,2,5,2500
960,3,3,3360000,47,1,2,2,1,3,1,3,3500
1300,3,3,6240000,47,5,2,1,1,2,2,4,4800
1540,3,4,9240000,47,1,2,3,1,2,2,3,6000
2,3,3,16600,61,4,2,2,1,1,2,4,8300
1005,2,2,3718500,180,1,2,2,2,1,2,4,3700
750,2,2,3525000,118,1,3,2,1,4,3,3,4700
1400,3,3,7700000,180,1,1,2,1,2,3,1,5500
1476,3,3,7380000,118,1,1,3,1,4,2,4,5000
1100,3,3,5500000,118,1,1,1,2,4,3,2,5000
1160,3,3,5220000,118,5,1,3,1,1,2,3,4500
1200,3,3,7200000,56,1,1,1,2,4,3,3,6000
1400,3,3,10999800,56,4,1,2,2,5,2,3,7857
1172,3,3,5508400,145,1,2,2,1,1,3,3,4700
4000,5,4,300000,75,1,1,3,1,3,2,3,75
1150,3,3,5290000,24,5,2,2,1,3,2,4,4600
3300,4,4,200000,75,1,1,1,1,5,2,5,60.60606061
855,2,2,4702500,118,4,2,2,2,2,2,14,5500
850,2,2,4505000,92,5,1,3,1,5,1,5,5300
1100,3,3,3520000,138,1,2,3,1,2,3,4,3200
1135,3,3,6242500,118,1,1,3,1,1,3,3,5500
1060,3,3,5300000,118,1,1,1,1,4,3,4,5000
1370,3,3,4795000,180,4,2,2,1,4,3,4,3500
1050,2,3,5775000,24,1,2,3,1,3,3,3,5500
1362,3,3,6810000,118,1,1,1,1,3,2,4,5000
750,2,2,2325000,123,5,1,2,2,1,1,3,3100
11,2,2,93500,123,1,2,2,1,2,2,4,8500
960,3,3,4032000,123,2,2,2,1,4,1,4,4200
1150,3,3,6325000,118,1,1,1,1,3,1,4,5500
2200,4,3,80000,61,1,2,2,1,3,3,3,36.36363636
3000,4,3,150000,31,1,2,1,1,4,3,3,50
2750,3,3,72000,61,1,1,1,1,3,3,3,26.18181818
3000,3,3,100000,31,1,1,3,1,3,3,3,33.33333333
1400,3,3,25000,145,1,1,2,1,3,3,1,17.85714286
1000,2,2,45000,180,1,2,3,1,3,3,3,45
3200,4,4,150000,74,1,1,1,1,4,3,4,46.875
2200,3,3,90000,22,1,1,1,1,4,2,3,40.90909091
1250,3,3,22000,20,1,2,3,1,2,2,4,17.6
2800,3,3,95000,22,1,1,1,1,3,3,3,33.92857143
2200,3,3,100000,22,2,1,1,2,1,3,3,45.45454545
3600,4,3,110000,22,1,2,3,1,1,3,3,30.55555556
1500,3,3,28000,40,1,2,1,1,2,2,4,18.66666667
2350,4,3,110000,75,1,1,2,1,2,1,1,46.80851064
500,1,2,20000,67,2,2,1,1,2,1,6,40
700,1,2,13000,145,1,2,3,1,3,3,3,18.57142857
1500,2,3,20000,40,1,1,1,1,2,3,3,13.33333333
700,2,2,12000,86,1,3,3,1,1,3,3,17.14285714
2600,4,3,300000,75,1,1,1,1,3,2,4,115.3846154
3500,4,4,175000,75,1,2,2,2,3,3,4,50
2200,3,3,130000,75,1,1,3,1,2,1,3,59.09090909
1000,2,2,20000,40,1,2,1,1,2,2,4,20
1400,3,3,30000,40,1,1,2,1,2,2,3,21.42857143
1800,4,3,65000,179,1,1,3,1,2,2,3,36.11111111
800,2,2,8000,181,4,1,3,1,5,3,1,10
2300,3,3,90000,75,1,2,1,2,2,2,1,39.13043478
1200,2,2,23000,86,4,1,2,1,3,3,3,19.16666667
1300,3,3,20000,16,1,1,1,2,2,3,3,15.38461538
2210,3,3,40000,40,1,1,1,1,1,2,4,18.09954751
1450,3,3,10999700,101,1,1,2,3,1,3,3,7586
1760,2,4,14080000,101,1,2,2,1,3,2,4,8000
1210,2,3,5082000,24,1,2,3,2,3,3,3,4200
1172,3,3,5274000,59,1,3,2,1,5,2,3,4500
1180,3,3,6501800,170,1,1,1,1,1,2,4,5510
1310,4,2,6550000,24,1,2,2,1,2,3,3,5000
1873,4,4,14984000,92,1,2,1,1,6,1,1,8000
1000,3,3,3600000,173,1,1,2,1,4,3,1,3600
1250,3,3,5250000,59,1,3,3,1,3,3,14,4200
1167,3,3,6301800,119,1,2,2,2,1,3,3,5400
1400,3,3,13500200,31,1,1,2,1,2,1,4,9643
1352,3,3,8999993.6,14,1,2,2,1,1,3,4,6656.8
1486,3,3,8173000,123,3,1,2,1,5,2,1,5500
1650,3,3,12375000,31,1,1,1,1,4,3,3,7500
900,2,2,4500000,24,1,1,3,1,2,1,3,5000
900,2,2,4500000,24,1,1,3,1,1,3,4,5000
1245,3,3,6225000,118,4,2,3,1,1,2,4,5000
1600,4,3,9000000,24,5,4,2,3,3,3,2,5625
2200,3,3,85000,75,1,2,1,2,1,1,14,38.63636364
1200,3,3,28500,40,1,2,2,1,2,3,3,23.75
900,1,2,9000,24,1,3,2,1,1,2,3,10
1800,4,4,30000,40,3,1,3,1,4,3,5,16.66666667
3000,3,4,120000,75,1,1,2,2,1,2,5,40
2500,3,3,35000,180,1,2,2,1,2,3,4,14
1610,3,3,30000,40,4,2,2,1,4,3,4,18.63354037
1400,3,3,20000,180,1,1,1,1,3,2,4,14.28571429
1320,3,3,6600000,118,1,1,1,1,2,2,4,5000
1650,3,3,32000,16,1,2,1,1,2,1,3,19.39393939
1550,4,4,6982750,118,1,1,2,2,2,3,4,4505
1550,3,3,6975000,24,1,1,1,1,1,3,3,4500
1510,3,3,11204200,40,1,2,2,1,4,3,1,7420
1150,3,3,5635000,24,1,2,3,3,4,2,3,4900
1400,3,3,6020000,118,1,1,3,2,2,1,3,4300
1500,3,3,9300000,145,1,1,2,1,1,2,3,6200
1350,3,3,7425000,145,1,2,2,1,5,3,4,5500
1400,3,3,7980000,145,4,4,2,1,1,3,3,5700
1547,3,3,20000,16,2,1,3,1,3,3,3,12.92824822
1050,2,3,5250000,179,1,3,3,1,1,1,3,5000
1337,3,3,7731871,118,1,1,3,1,3,3,4,5783
1350,3,3,7202250,118,1,2,3,1,1,3,4,5335
1147,3,3,4588000,20,1,2,2,2,2,2,3,4000
2300,4,4,13800000,14,1,2,3,2,2,2,3,6000
600,1,2,1800000,183,5,2,1,1,3,2,4,3000
1226,3,3,7969000,183,1,1,2,1,3,4,3,6500
1125,3,3,6750000,183,1,3,1,1,6,3,3,6000
1150,3,3,9085000,91,1,2,2,1,1,2,4,7900
1750,3,4,13002500,40,5,1,3,1,1,2,3,7430
1175,3,3,6004250,118,1,1,2,2,2,3,3,5110
1300,3,3,25000,16,1,2,2,1,3,3,3,19.23076923
920,2,2,16000,16,1,1,3,1,4,3,4,17.39130435
950,2,2,17000,24,1,1,1,1,4,2,3,17.89473684
1200,3,3,12000,24,2,1,3,1,3,2,3,10
1167,3,3,6301800,119,3,1,1,1,2,1,5,5400
1400,3,3,19000,24,1,2,2,1,2,3,4,13.57142857
1935,3,3,13000007.25,51,1,2,3,1,2,2,3,6718.35
1450,3,3,6960000,145,1,2,3,1,2,3,1,4800
1690,3,3,10055500,61,1,1,1,1,4,3,5,5950
1100,2,3,6270000,24,1,3,2,2,4,2,3,5700
1492,3,3,9250400,20,2,1,2,1,3,1,4,6200
1300,2,3,6760000,118,1,1,3,2,2,1,4,5200
1400,3,3,3200400,150,1,3,2,3,2,2,4,2286
1100,3,3,6050000,118,4,2,3,1,1,1,3,5500
950,2,3,15000,24,1,2,2,1,2,3,5,15.78947368
950,2,3,18000,24,1,1,1,1,1,3,3,18.94736842
1700,4,3,40000,40,1,2,2,2,3,3,3,23.52941176
1150,3,3,20000,16,1,1,2,1,3,1,4,17.39130435
1100,2,3,2970000,116,1,2,3,1,5,3,3,2700
700,2,2,10000,24,1,1,2,1,1,1,4,14.28571429
1365,4,3,4504500,167,1,1,2,1,4,1,4,3300
1600,4,3,10400000,40,1,1,2,1,1,2,3,6500
1650,4,4,9900000,20,1,1,1,2,2,3,3,6000
1350,3,3,8100000,20,1,2,2,2,1,3,4,6000
1300,2,3,2990000,60,1,1,2,1,1,2,13,2300
1575,3,3,10237500,40,1,1,2,3,5,3,5,6500
1250,2,3,28000,67,4,1,1,2,3,2,3,22.4
1050,3,3,20000,24,4,1,1,1,1,2,3,19.04761905
1596,3,4,11172000,116,2,2,1,1,4,3,3,7000
1390,3,3,9730000,116,1,2,2,2,1,3,4,7000
1070,2,2,3531000,116,4,1,2,1,3,2,4,3300
900,3,1,10500,24,1,2,1,1,2,3,4,11.66666667
1000,2,2,11500,24,5,1,1,2,4,3,1,11.5
1800,3,3,28000,24,1,1,3,2,3,1,3,15.55555556
1050,2,3,14000,86,4,1,1,1,4,3,7,13.33333333
250,1,2,9000,86,1,1,3,3,1,1,3,36
750,2,2,15000,24,1,1,3,1,1,3,3,20
1145,3,3,22000,180,1,2,2,1,3,3,3,19.2139738
2500,4,4,45000,56,1,3,3,2,3,3,3,18
1650,3,3,25000,180,4,1,3,1,3,3,3,15.15151515
850,2,2,18000,180,1,1,2,1,3,1,3,21.17647059
1500,3,3,25000,180,1,1,1,1,1,3,4,16.66666667
1250,3,3,30000,180,1,2,2,1,1,1,3,24
1920,4,4,50000,180,1,1,1,1,4,3,4,26.04166667
1800,2,2,18000,180,1,2,2,1,3,3,3,10
900,2,1,22000,180,1,3,3,1,3,3,3,24.44444444
1100,2,2,6600000,157,4,2,3,1,1,2,3,6000
1767,4,3,17670000,74,1,2,2,1,1,3,4,10000
900,3,2,5580000,24,1,2,2,1,2,3,1,6200
1700,4,3,11050000,40,1,1,3,1,4,3,2,6500
1150,3,3,5520000,20,1,3,2,3,1,1,3,4800
1510,3,3,12533000,180,1,3,1,1,4,2,4,8300
1600,4,3,10400000,40,1,2,2,2,1,3,4,6500
900,1,2,14000,180,1,1,3,1,3,2,4,15.55555556
950,2,2,18000,180,1,2,3,1,3,1,3,18.94736842
900,2,2,19000,180,2,2,2,1,3,3,3,21.11111111
1000,2,3,26000,180,1,1,2,5,1,3,1,26
1100,2,3,14000,123,1,1,1,1,2,3,3,12.72727273
450,1,2,11000,123,1,1,3,1,2,3,2,24.44444444
2600,3,3,50000,180,1,1,2,1,2,3,3,19.23076923
850,2,2,13500,14,3,1,1,1,1,3,3,15.88235294
1400,3,2,40000,57,4,2,3,1,1,3,4,28.57142857
1913,4,4,6999667,150,1,1,2,1,5,3,3,3659
2400,3,3,55000,57,1,2,2,1,1,3,4,22.91666667
800,2,2,4000000,123,1,2,2,1,2,2,3,5000
1824,3,3,18002880,153,1,1,2,1,3,3,3,9870
1047,2,2,5549100,24,2,1,2,1,4,2,3,5300
1070,2,3,5007600,24,1,1,2,1,1,3,4,4680
1640,3,3,9512000,92,1,1,1,1,2,2,3,5800
1230,3,3,4305000,123,1,1,2,1,1,1,4,3500
1150,2,3,4800100,118,1,2,1,1,3,3,2,4174
850,2,2,3400000,174,1,1,1,1,2,2,1,4000
2467,3,3,12335000,182,1,2,2,1,3,3,3,5000
1680,3,3,45000,57,1,1,2,1,3,3,4,26.78571429
2750,4,4,70000,57,3,1,3,1,4,2,3,25.45454545
1200,3,3,19000,90,3,2,2,1,3,2,3,15.83333333
700,1,2,10500,118,5,1,1,1,3,1,15,15
1400,3,3,22000,16,1,2,1,1,2,2,3,15.71428571
1250,2,2,16000,16,1,1,1,2,2,3,3,12.8
1100,3,3,17000,118,1,1,2,1,4,3,3,15.45454545
2200,3,4,40000,56,1,1,2,1,3,3,3,18.18181818
2200,3,4,40000,56,1,1,2,1,4,1,4,18.18181818
1150,3,3,20000,180,2,1,2,2,2,3,1,17.39130435
1250,3,3,20000,180,1,1,2,2,3,3,3,16
550,2,2,2194500,53,1,1,2,1,3,3,4,3990
2190,2,5,13140000,40,1,2,2,1,6,3,3,6000
900,2,2,3780000,90,5,1,3,1,1,3,3,4200
1410,3,3,11280000,51,1,1,2,1,1,3,4,8000
1100,2,3,7000400,24,1,1,2,2,4,1,4,6364
1230,3,3,4305000,123,1,3,1,1,3,2,2,3500
1700,3,3,10200000,118,1,1,3,1,3,1,3,6000
1340,3,3,6499000,51,1,2,2,1,3,2,4,4850
1900,3,3,14250000,31,1,1,2,1,5,1,3,7500
2200,4,3,35000,56,1,1,2,1,1,2,3,15.90909091
900,2,2,13000,180,1,1,1,2,4,3,2,14.44444444
1600,4,3,11520000,40,1,3,3,1,2,3,15,7200
1100,3,3,2200000,150,1,2,2,1,3,3,3,2000
1350,3,3,6480000,145,1,1,1,1,3,3,4,4800
1371,3,3,8911500,61,3,1,2,1,1,2,3,6500
1200,3,3,6000000,118,1,1,2,3,2,3,3,5000
2204,4,3,12783200,133,1,2,2,1,5,1,4,5800
1100,3,3,4400000,118,2,2,3,1,1,1,4,4000
2200,4,3,35000,56,1,1,1,2,3,3,4,15.90909091
2200,4,3,35000,56,1,1,1,1,2,3,3,15.90909091
700,2,1,14000,180,1,1,2,1,2,2,3,20
2094,4,3,14658000,123,1,2,1,2,3,3,5,7000
1750,3,3,18375000,22,4,2,2,1,3,3,4,10500
1250,3,3,6875000,118,2,1,2,1,4,3,4,5500
950,2,2,3800000,118,3,2,2,1,5,2,4,4000
850,2,2,4250000,59,1,1,2,1,3,3,3,5000
1692,4,3,11336400,123,1,2,2,1,2,2,4,6700
1150,2,3,6325000,118,4,2,2,1,3,2,3,5500
2275,3,3,65000,22,1,2,2,1,3,3,4,28.57142857
1250,3,3,32000,116,2,1,3,1,1,1,3,25.6
1250,3,3,20000,14,1,2,1,1,3,3,3,16
2200,4,3,45000,22,1,1,3,2,3,3,3,20.45454545
1000,3,3,21000,180,3,1,2,4,2,3,3,21
1700,2,3,42000,180,1,3,1,1,4,3,4,24.70588235
1400,2,2,22000,180,1,1,2,1,3,2,5,15.71428571
4200,4,4,260000,31,1,1,2,1,2,2,4,61.9047619
1880,3,3,26000,180,4,1,2,1,5,3,3,13.82978723
1650,3,3,38000,22,1,1,2,3,1,2,3,23.03030303
1200,3,3,3900000,100,1,3,1,2,4,3,4,3250
1450,3,3,30000,180,1,1,1,1,2,2,5,20.68965517
1320,3,3,30000,180,1,1,2,1,2,3,4,22.72727273
1000,2,3,3100000,100,1,3,1,1,4,3,3,3100
1320,2,2,8184000,31,2,2,2,1,1,1,3,6200
1450,3,3,14500000,31,1,1,2,1,3,2,3,10000
1250,2,2,5625000,118,2,2,2,1,4,3,5,4500
1085,2,2,4502750,47,1,2,2,1,3,3,3,4150
1200,3,3,10800000,92,1,2,2,1,2,3,1,9000
1300,1,2,15000,180,1,1,3,1,1,3,4,11.53846154
900,2,2,18000,180,1,2,2,1,3,3,3,20
1100,2,2,20000,180,1,1,1,1,1,1,3,18.18181818
1825,3,3,35000,180,1,2,2,3,1,3,3,19.17808219
2000,4,4,33000,180,1,2,2,1,4,3,3,16.5
1629,3,3,35000,180,1,2,3,2,2,3,4,21.48557397
1100,2,2,24000,180,1,1,1,3,2,2,4,21.81818182
1000,3,3,16000,118,1,1,2,4,3,3,4,16
10000,6,8,1500000,22,2,1,2,2,3,3,3,150
1,2,2,5000,78,4,2,1,1,4,1,3,5000
700,1,2,13000,133,1,1,2,1,3,3,3,18.57142857
813,2,3,8500,70,1,1,2,2,1,1,4,10.45510455
2000,3,6,90000,61,1,2,1,1,1,2,3,45
1500,2,3,25000,20,1,3,1,1,3,2,4,16.66666667
2200,2,3,22000,67,1,1,1,1,5,3,3,10
1200,3,3,22000,162,1,1,2,1,4,3,4,18.33333333
1204,4,2,6622000,101,2,3,1,1,2,1,3,5500
1060,3,3,17000,162,2,1,1,1,5,1,3,16.03773585
1050,2,3,18000,162,1,2,2,1,3,1,2,17.14285714
1700,2,2,5950000,131,1,1,2,1,2,3,2,3500
2160,4,4,25012800,170,1,1,3,1,4,1,3,11580
1230,3,3,4305000,123,1,1,1,2,5,3,3,3500
2300,4,4,14950000,145,1,1,2,2,4,3,4,6500
900,3,3,4320000,20,1,1,1,5,3,2,4,4800
1388,3,3,7634000,145,1,2,1,1,3,2,1,5500
1150,3,3,5002500,24,1,1,2,1,3,3,4,4350
1315,3,4,7890000,145,1,2,3,1,1,3,2,6000
1300,2,3,2860000,100,1,1,2,2,5,3,4,2200
1000,2,3,18000,162,1,1,1,1,6,2,4,18
1000,2,2,20000,162,1,3,3,1,3,3,4,20
1300,3,3,18000,162,1,2,2,1,1,3,13,13.84615385
1250,3,3,25000,162,1,1,2,1,3,3,4,20
900,3,3,18000,162,2,1,2,1,2,2,4,20
700,1,2,10500,118,1,1,2,1,2,3,3,15
1550,3,3,25000,162,4,1,1,2,2,3,3,16.12903226
4550,4,3,450000,75,1,2,2,1,5,3,13,98.9010989
3600,4,3,200000,75,1,2,2,1,1,3,5,55.55555556
1495,3,3,6428500,24,1,2,2,1,2,3,3,4300
1220,3,3,8540000,139,1,2,1,1,2,3,3,7000
1400,4,3,8120000,40,1,4,1,2,2,3,1,5800
1160,3,2,7540000,56,1,1,2,1,1,3,3,6500
1450,4,3,5365000,162,1,3,2,2,3,3,3,3700
1430,3,3,6435000,145,1,2,2,1,2,3,4,4500
1200,3,3,6960000,22,1,2,2,1,3,2,1,5800
910,2,2,3732820,59,1,1,1,1,3,3,4,4102
850,2,2,4499900,101,1,3,2,1,1,2,5,5294
220,1,1,13000,120,4,2,1,1,1,3,5,59.09090909
950,3,3,25000,120,3,2,2,1,3,3,3,26.31578947
1140,3,3,26000,170,1,2,2,1,4,3,3,22.80701754
3500,5,4,200000,75,1,2,1,1,2,2,3,57.14285714
4500,5,4,300000,75,1,4,1,1,2,2,4,66.66666667
1000,2,2,14000,118,1,1,2,1,2,3,7,14
1320,3,3,6099720,145,1,1,2,1,1,3,3,4621
1490,3,3,5501080,131,1,1,3,2,1,3,3,3692
1050,2,3,5250000,179,2,1,2,1,1,3,3,5000
1600,4,3,100000,22,5,2,2,1,2,3,3,62.5
1800,3,5,6598800,24,1,2,1,1,3,3,4,3666
1500,3,3,9750000,20,1,2,3,1,3,3,3,6500
1250,2,3,6312500,14,1,2,3,2,2,1,4,5050
1000,2,3,6000000,145,1,2,1,1,3,3,4,6000
1150,3,3,5060000,101,1,2,2,1,2,3,4,4400
1850,3,3,10175000,24,1,3,1,3,3,2,1,5500
1150,3,3,5175000,145,1,1,1,2,2,3,4,4500
1150,2,3,5175000,24,1,2,1,1,4,1,3,4500
900,2,2,4050000,145,1,1,2,1,3,3,8,4500
1800,3,3,25000,123,1,1,2,2,3,3,3,13.88888889
1100,2,3,20000,162,1,2,1,1,1,3,4,18.18181818
1100,2,3,15000,90,1,1,2,1,5,2,3,13.63636364
1200,1,2,12500,162,2,2,2,1,2,3,4,10.41666667
1250,3,3,22000,90,2,2,2,2,4,3,3,17.6
1000,2,2,13000,90,1,1,2,1,2,3,1,13
1500,3,3,30000,14,1,1,2,1,1,3,3,20
750,2,2,13000,90,1,1,1,1,4,1,3,17.33333333
1165,3,3,18000,90,1,2,2,1,2,3,3,15.45064378
1000,2,2,11000,90,1,1,3,1,3,2,3,11
700,2,2,11000,118,1,2,2,1,3,1,6,15.71428571
700,2,2,11000,118,1,2,2,2,2,3,4,15.71428571
850,2,2,10000,90,2,2,1,2,2,2,4,11.76470588
1500,3,4,25000,118,1,1,2,1,1,2,3,16.66666667
1500,4,4,30000,118,1,1,2,1,5,2,1,20
650,2,2,15500,123,1,1,3,1,4,3,4,23.84615385
800,2,2,15000,24,1,1,1,1,4,3,3,18.75
1300,1,2,25000,57,1,1,1,1,3,2,4,19.23076923
1600,3,3,25000,118,1,1,2,1,1,3,12,15.625
1250,2,2,80000,74,2,2,2,1,4,1,3,64
2250,4,4,13500000,180,2,2,1,1,4,3,3,6000
1115,2,3,4237000,24,1,1,2,1,1,2,1,3800
1224,2,3,5508000,51,1,1,2,2,4,3,2,4500
1900,3,3,13062500,180,1,1,2,1,1,3,4,6875
296600,2,1,2076200000,51,4,1,2,1,4,3,4,7000
1462,3,3,8041000,180,1,1,1,1,4,3,3,5500
790,2,2,3950000,20,1,1,1,1,3,3,1,5000
1100,2,3,5500000,90,1,1,1,1,2,3,13,5000
1435,3,3,10499995.45,180,4,2,2,1,4,3,4,7317.07
1350,3,3,6210000,145,2,1,2,1,2,3,4,4600
1368,2,3,8892000,145,1,2,2,1,1,2,4,6500
1940,3,3,8730000,145,1,2,1,2,5,3,3,4500
1150,2,3,5750000,145,1,2,3,2,3,1,4,5000
1385,3,3,6232500,118,1,1,3,1,1,3,3,4500
1655,3,3,9764500,18,1,1,2,1,3,3,3,5900
2400,4,4,18000000,40,1,1,3,2,3,2,3,7500
1300,3,3,10400000,40,1,2,1,1,2,3,3,8000
1800,3,3,18000000,144,4,2,3,5,2,3,2,10000
1450,4,3,12000200,180,1,1,1,1,3,3,4,8276
2450,3,2,18375000,40,1,2,2,2,2,3,3,7500
850,2,2,3999998,20,1,2,3,1,3,3,5,4705.88
2050,4,3,22140000,144,1,1,1,1,3,3,3,10800
1250,3,3,5000000,118,1,1,1,1,3,1,3,4000
1600,3,4,8800000,24,2,2,2,1,3,2,1,5500
1512,3,3,8498952,180,1,1,3,2,3,3,3,5621
1050,2,3,7350000,92,2,1,2,1,1,3,4,7000
1150,2,3,4830000,94,3,1,1,1,3,3,3,4200
1050,2,3,5250000,179,1,1,2,1,4,1,3,5000
1550,3,3,10075000,40,1,1,2,1,2,1,1,6500
1500,3,3,10500000,40,1,1,2,1,1,2,3,7000
400,1,2,10500,123,3,2,1,1,5,1,3,26.25
1460,3,3,31000,40,1,1,2,1,1,3,1,21.23287671
1000,2,2,17000,14,1,2,1,1,3,3,3,17
900,2,3,8500,118,1,1,2,2,2,3,3,9.444444444
1420,3,3,18000,14,1,1,2,1,2,3,4,12.67605634
1250,2,3,20000,123,1,1,2,1,4,3,3,16
1200,2,2,17000,123,1,1,2,1,3,2,4,14.16666667
1000,2,2,20000,123,1,2,3,1,2,1,14,20
1200,2,2,22000,123,1,2,2,1,2,1,3,18.33333333
950,2,3,18000,123,5,2,1,1,2,2,3,18.94736842
1100,2,3,20000,118,5,2,2,1,2,2,3,18.18181818
1600,3,3,19000,118,1,1,1,2,3,2,3,11.875
1385,3,3,25000,14,1,2,3,1,3,3,5,18.05054152
1150,2,3,13000,118,1,1,1,1,1,2,3,11.30434783
1500,2,2,20800,14,1,1,2,1,2,2,3,13.86666667
1100,2,2,14500,123,1,2,2,1,2,1,3,13.18181818
950,2,3,18000,123,1,2,3,1,1,1,3,18.94736842
950,2,2,13000,123,1,2,2,2,3,3,4,13.68421053
4350,5,5,41760000,40,1,2,2,2,2,3,4,9600
1250,2,2,15000,123,1,1,2,2,4,2,12,12
1050,3,2,5999700,180,1,2,2,3,3,3,14,5714
900,3,2,17000,14,1,2,1,1,5,2,3,18.88888889
1200,3,3,7200000,61,1,1,2,1,1,1,3,6000
1040,3,3,4160000,20,2,3,2,2,3,1,4,4000
1280,3,3,6400000,123,1,1,1,1,4,3,4,5000
1350,2,3,5008500,123,1,1,2,1,2,2,3,3710
1870,3,3,11033000,180,1,1,1,1,3,1,4,5900
2033,3,3,10165000,180,1,1,2,1,1,3,5,5000
1605,3,3,12037500,40,1,2,2,1,4,2,15,7500
1500,1,3,8500500,143,1,1,1,1,2,3,5,5667
1220,3,3,4514000,100,1,1,1,1,1,3,3,3700
1250,3,3,8500000,180,1,1,1,1,4,3,1,6800
1050,3,3,3979500,24,1,2,2,1,2,3,4,3790
1300,3,3,6500000,133,1,1,2,1,3,3,3,5000
1210,2,3,7018000,149,1,2,2,1,2,3,1,5800
728,2,2,4700696,75,1,1,3,2,2,3,4,6457
1050,2,3,7999950,149,1,1,2,2,2,3,3,7619
950,2,3,4750000,166,1,2,2,3,5,3,3,5000
1350,3,3,7499925,118,1,1,3,1,2,3,3,5555.5
1700,2,3,13000002,144,1,1,3,2,5,2,1,7647.06
1310,3,3,6999998.1,118,1,1,1,1,1,3,4,5343.51
7000,6,6,700000,31,1,1,1,1,3,3,3,100
6000,7,8,1500000,31,1,2,1,3,2,3,4,250
5600,7,4,600000,31,1,2,2,2,3,1,3,107.1428571
6000,5,4,200000,135,1,2,3,1,3,3,3,33.33333333
7000,6,6,856000,31,1,2,1,2,1,3,5,122.2857143
25600,5,5,1800000,31,2,1,2,1,1,3,4,70.3125
5600,7,4,600000,31,1,1,1,1,1,1,5,107.1428571
6000,6,5,230000,135,5,1,2,1,4,3,3,38.33333333
7000,2,3,200000,135,1,2,2,1,2,1,3,28.57142857
2400,3,3,65000,74,1,2,2,1,6,3,3,27.08333333
7500,3,8,250000,135,1,1,1,1,1,3,3,33.33333333
6000,3,3,235000,135,1,2,2,1,1,3,5,39.16666667
2750,5,4,90000,74,1,2,2,1,3,3,4,32.72727273
1170,4,2,4680000,59,1,2,1,1,3,3,4,4000
1200,2,3,5040000,59,1,1,2,1,5,2,3,4200
700,3,2,3710000,170,1,1,2,1,4,3,14,5300
1100,2,3,8250000,123,1,1,2,1,4,3,2,7500
1465,3,3,7999998.75,61,1,1,1,1,4,1,3,5460.75
750,1,2,12000,14,4,1,2,2,3,2,3,16
800,2,2,12000,123,1,1,3,1,2,2,3,15
150,1,1,5000,40,1,1,3,4,1,2,1,33.33333333
1000,2,2,18000,123,1,1,3,2,4,3,4,18
750,2,2,15000,123,1,1,2,2,2,2,3,20
1500,4,3,40000,123,3,2,1,3,1,2,4,26.66666667
700,2,2,16000,123,1,2,3,1,1,3,4,22.85714286
1200,2,2,16000,123,1,1,1,1,5,2,1,13.33333333
900,2,2,17500,123,1,2,1,4,2,3,5,19.44444444
2400,3,4,30000,123,2,1,2,1,1,2,3,12.5
1150,2,3,17000,123,1,2,1,1,4,1,3,14.7826087
1168,2,3,16500,123,1,1,1,1,3,2,4,14.12671233
1150,3,3,10005000,139,4,2,3,2,3,2,3,8700
1000,3,3,3500000,118,4,1,1,1,2,4,3,3500
1050,2,2,4725000,118,1,2,2,1,2,2,4,4500
850,2,2,4420000,61,1,1,2,4,3,2,3,5200
1385,2,3,8656250,118,1,1,3,1,4,1,2,6250
1650,3,3,7095000,20,1,1,3,1,1,3,4,4300
1725,3,3,20010000,61,1,1,2,1,1,3,5,11600
1150,2,2,14500,123,1,1,2,2,3,3,4,12.60869565
1250,3,3,18000,123,1,1,2,1,3,2,3,14.4
900,2,2,14300,123,5,2,1,1,2,3,3,15.88888889
1250,3,3,15000,123,1,2,2,2,3,1,3,12
1340,4,3,8040000,20,1,1,3,2,1,3,3,6000
1788,3,3,17343600,123,1,1,2,1,2,3,3,9700
1400,3,3,10500000,61,1,2,2,1,2,3,1,7500
1489,3,3,5956000,143,1,2,1,2,2,3,3,4000
1250,3,3,8375000,67,1,3,2,1,1,3,3,6700
1300,3,3,6500000,20,1,1,2,1,1,3,14,5000
2000,5,3,17000000,31,1,1,1,1,2,3,3,8500
750,2,2,3800250,92,1,3,2,1,4,3,3,5067
1150,2,2,13000,123,1,1,1,1,1,1,4,11.30434783
1250,3,3,14000,123,1,2,2,1,1,3,3,11.2
2700,3,3,190000,22,2,1,3,4,1,1,1,70.37037037
2200,4,4,40000,92,1,1,2,1,3,2,3,18.18181818
1800,4,4,10800000,90,1,3,2,2,4,1,3,6000
1850,3,3,16650000,61,5,1,2,1,1,2,4,9000
1880,4,3,13160000,40,3,1,2,1,1,3,3,7000
1000,2,3,6500000,20,1,4,2,1,2,3,3,6500
1175,3,3,7108750,20,1,1,1,1,2,3,2,6050
1750,2,3,10500000,123,1,1,2,1,3,1,3,6000
1000,2,3,3500000,100,1,1,1,1,2,3,3,3500
1250,2,3,5625000,34,1,2,2,1,1,1,4,4500
1150,3,3,6325000,170,1,1,2,1,1,2,3,5500
1150,3,3,6325000,170,1,1,2,2,4,2,4,5500
1080,2,3,4000320,24,1,2,2,1,3,3,3,3704
1030,2,2,4635000,170,1,1,3,1,3,3,3,4500
1050,3,3,4095000,59,5,2,2,1,2,2,3,3900
950,3,3,3610000,59,1,1,2,1,1,1,3,3800
1347,3,3,5401470,20,1,1,2,1,3,3,2,4010
873,2,2,4976100,153,1,1,2,1,3,2,3,5700
1600,4,3,6400000,20,2,3,1,1,2,2,3,4000
6000,5,5,400000,74,1,2,2,1,3,3,15,66.66666667
1300,2,3,22000,123,1,2,3,1,4,3,3,16.92307692
900,2,2,19000,123,1,2,3,1,4,2,3,21.11111111
1150,2,3,20000,123,1,1,1,1,4,3,3,17.39130435
900,2,2,15000,123,5,2,2,1,2,3,4,16.66666667
900,2,2,15000,123,1,3,1,1,4,3,3,16.66666667
900,2,2,15000,123,1,1,1,1,3,3,3,16.66666667
900,2,2,17000,14,1,2,2,2,3,2,4,18.88888889
1300,3,3,6500000,124,1,1,1,2,2,3,3,5000
452,1,2,1808000,24,5,2,2,2,3,3,13,4000
814,2,2,6105000,124,1,2,2,1,2,3,4,7500
2150,6,4,13330000,179,1,1,1,1,4,2,3,6200
1400,3,3,10920000,67,1,1,2,2,5,2,3,7800
970,3,2,5044000,20,1,2,1,1,3,2,3,5200
1250,3,3,6000000,162,5,3,2,2,1,2,3,4800
1000,2,3,4500000,20,1,1,1,2,2,2,3,4500
1000,1,2,18500,14,3,1,2,3,1,1,3,18.5
700,1,1,9500,123,1,2,1,1,1,1,4,13.57142857
1050,2,2,15000,123,1,1,2,1,3,4,13,14.28571429
900,2,2,16000,123,1,1,2,2,1,3,3,17.77777778
1100,2,2,18000,123,1,1,2,1,2,3,3,16.36363636
750,2,2,11000,123,1,1,2,1,2,3,3,14.66666667
1200,2,3,22000,123,5,3,2,1,3,1,3,18.33333333
900,2,2,15000,123,1,1,2,1,2,1,4,16.66666667
850,2,2,15000,123,1,2,2,3,2,3,5,17.64705882
700,2,2,16000,14,1,1,1,1,4,2,4,22.85714286
1000,2,3,20000,14,1,2,1,1,3,2,5,20
2250,4,3,80000,75,1,2,3,1,4,3,3,35.55555556
1300,2,2,25000,57,1,2,3,1,2,3,3,19.23076923
2200,5,3,80000,75,1,1,2,1,2,2,4,36.36363636
750,2,2,16000,14,4,1,2,1,1,2,4,21.33333333
2400,3,3,90000,74,1,1,2,1,3,3,4,37.5
2625,3,3,120000,74,1,1,2,1,2,3,4,45.71428571
1500,3,3,65000,40,1,2,1,1,1,3,3,43.33333333
2135,3,3,80000,74,3,1,1,2,3,3,5,37.470726
3200,3,3,260000,75,2,1,2,1,3,2,14,81.25
1700,3,3,10200000,40,1,1,1,1,3,3,3,6000
2000,4,3,13000000,24,1,2,2,1,4,3,3,6500
994,2,3,4970000,24,1,1,1,1,3,3,12,5000
2700,3,3,10800000,162,1,2,2,1,3,3,3,4000
760,2,2,3420000,20,1,1,3,1,2,3,4,4500
1700,4,3,18020000,92,2,1,1,2,2,2,3,10600
2100,3,4,12600000,24,2,2,2,1,2,3,3,6000
1500,4,3,70000,74,2,1,2,1,1,1,13,46.66666667
4100,4,3,320000,75,1,1,1,1,5,3,3,78.04878049
2800,4,4,140000,75,3,1,1,1,1,2,3,50
1800,3,3,80000,74,1,1,1,1,2,2,3,44.44444444
1550,3,3,80000,134,1,1,2,1,3,3,1,51.61290323
3500,4,3,240000,75,1,1,2,1,3,1,3,68.57142857
1100,3,3,18000,14,1,2,2,1,3,1,4,16.36363636
3150,4,4,150000,40,1,1,2,1,1,3,4,47.61904762
3000,4,4,75000,134,1,2,3,1,2,3,4,25
3500,4,4,180000,75,1,1,2,2,2,3,3,51.42857143
3865,4,4,275000,75,1,1,2,5,3,2,3,71.15135834
900,2,2,13000,123,4,1,2,1,5,2,2,14.44444444
950,2,2,4560000,24,4,2,2,1,4,3,6,4800
887,2,3,3200296,145,1,2,1,2,3,3,3,3608
980,2,2,4000360,118,2,1,1,2,4,3,3,4082
1250,3,3,8000000,116,1,3,1,4,2,3,4,6400
1600,4,3,10400000,144,1,2,2,1,1,3,4,6500
1155,4,3,6006000,24,1,1,1,1,3,2,3,5200
3600,6,4,30240000,24,3,1,2,2,1,3,3,8400
1100,3,3,22000,14,1,1,2,1,5,3,4,20
1275,3,3,20000,14,1,2,1,1,2,1,3,15.68627451
1100,2,3,15000,14,1,2,1,1,2,3,5,13.63636364
1050,2,2,16000,123,1,1,3,1,3,3,4,15.23809524
1100,3,3,15000,14,1,4,3,1,2,3,3,13.63636364
1200,3,4,35000,14,1,1,1,1,2,3,3,29.16666667
1500,3,4,18000,14,1,4,3,2,1,1,4,12
1500,3,3,23000,123,1,2,3,2,1,3,4,15.33333333
1650,3,3,27000,14,1,1,2,1,3,3,4,16.36363636
1400,3,3,16000,14,1,2,2,2,2,3,3,11.42857143
1600,4,4,23000,14,1,1,1,1,2,1,3,14.375
1500,3,3,22000,14,4,2,3,2,3,2,3,14.66666667
1174,2,2,9979000,170,1,3,3,1,1,2,4,8500
1875,3,4,15000000,167,1,1,3,1,4,1,4,8000
1150,2,3,5485500,157,1,2,3,1,3,1,5,4770
1630,6,4,13040000,61,1,1,1,1,2,2,5,8000
1650,4,3,13035000,179,5,1,1,1,1,3,3,7900
1050,2,3,6825000,61,1,1,1,1,4,3,3,6500
1100,3,3,9020000,61,1,1,1,2,4,2,4,8200
960,3,2,5088000,14,1,2,3,2,1,1,3,5300
1600,4,4,18000,14,1,3,2,1,2,3,3,11.25
700,1,1,11500,14,4,1,3,2,2,3,3,16.42857143
900,2,3,16000,14,1,1,1,1,5,2,3,17.77777778
1350,2,3,18000,14,1,1,2,5,3,3,6,13.33333333
1450,4,3,7975000,94,1,1,1,1,3,2,4,5500
815,2,2,4000020,123,2,1,2,1,1,2,4,4908
1450,4,4,11499950,40,1,2,2,1,3,1,4,7931
1095,2,2,10074000,67,5,2,3,1,3,2,3,9200
950,2,2,6080000,124,1,2,2,1,4,3,4,6400
873,5,2,4887054,20,1,2,1,1,3,2,4,5598
1150,2,3,5750000,90,1,1,2,1,5,3,8,5000
1550,3,3,10075000,40,1,1,2,1,2,1,4,6500
1326,3,3,7293000,102,1,2,1,2,1,3,3,5500
2250,3,4,35000,56,1,1,1,1,4,3,3,15.55555556
2210,3,4,35000,56,1,3,3,2,2,2,3,15.83710407
4000,4,4,200000,75,1,1,2,2,1,3,3,50
2210,3,4,35000,56,1,1,1,2,1,3,4,15.83710407
3800,5,4,350000,75,1,1,2,2,3,3,3,92.10526316
900,2,2,14000,118,1,2,1,1,1,3,3,15.55555556
2600,4,4,80000,75,1,2,2,1,3,2,4,30.76923077
2300,3,3,100000,22,1,2,3,1,2,2,1,43.47826087
900,2,2,4050000,101,1,1,2,2,5,1,4,4500
775,2,2,2300200,51,2,2,3,1,2,1,4,2968
775,2,2,2300200,51,2,1,2,1,1,3,3,2968
720,2,3,2376000,133,1,2,1,1,2,2,3,3300
1050,2,3,5775000,116,1,2,2,1,3,1,3,5500
1200,3,3,7200000,145,4,1,1,1,3,3,4,6000
1250,3,3,6500000,14,1,1,2,1,3,3,3,5200
1303,2,3,6515000,105,1,2,2,1,2,3,3,5000
675,2,2,2835000,101,1,1,3,2,2,3,3,4200
750,2,2,3750000,101,1,1,3,2,1,2,16,5000
1100,2,3,18000,118,1,1,2,1,1,1,4,16.36363636
450,2,2,12500,118,2,2,2,1,3,3,3,27.77777778
1150,3,3,18000,118,1,1,1,1,5,3,3,15.65217391
1200,3,3,16000,118,1,2,1,1,2,3,13,13.33333333
1450,3,3,22000,118,1,1,3,1,2,3,4,15.17241379
1800,4,4,39500,14,1,2,2,3,2,3,5,21.94444444
1500,3,3,25000,14,1,1,1,1,1,3,3,16.66666667
1050,2,3,14000,118,3,1,1,1,4,3,1,13.33333333
1400,3,3,30000,14,1,1,2,1,3,3,3,21.42857143
900,2,2,15000,14,1,1,2,1,4,3,4,16.66666667
2250,4,3,60000,75,1,1,1,1,3,3,4,26.66666667
6000,5,5,450000,75,1,1,2,1,4,2,3,75
3000,3,8,220000,179,1,2,3,1,3,2,14,73.33333333
6600,5,4,400000,75,4,1,1,1,3,2,3,60.60606061
6000,9,10,150000,179,1,2,2,1,4,1,3,25
4000,9,9,150000,112,1,2,2,3,4,1,3,37.5
1550,4,4,20000,16,1,1,2,3,2,2,3,12.90322581
1100,3,3,4620000,61,2,2,1,1,4,2,4,4200
1200,3,3,3840000,51,1,1,2,1,3,3,4,3200
1000,3,2,4000000,61,2,3,3,1,5,2,3,4000
1600,3,3,10400000,20,1,1,1,2,4,2,3,6500
1650,3,3,9900000,20,5,2,1,1,3,2,4,6000
1500,3,3,6600000,123,1,1,2,1,3,3,2,4400
725,3,2,4350000,94,1,1,2,1,2,1,5,6000
1270,3,3,6799580,24,1,1,1,1,1,1,4,5354
1350,3,3,6075000,150,5,2,1,1,3,2,3,4500
7500,4,4,400000,74,1,2,2,1,2,1,4,53.33333333
1509,4,3,12500556,123,1,1,2,1,1,2,4,8284
4500,4,4,325000,31,1,1,1,2,3,3,3,72.22222222
2250,4,3,120000,31,1,3,2,2,1,3,4,53.33333333
2200,3,3,100000,31,2,2,2,3,2,2,1,45.45454545
1800,3,3,30000,14,1,2,3,1,4,3,3,16.66666667
2600,3,3,150000,31,2,1,2,2,3,2,3,57.69230769
2400,4,3,80000,74,2,2,3,1,3,2,4,33.33333333
4200,5,5,250000,31,1,1,1,1,1,3,3,59.52380952
2250,3,3,150000,40,1,2,3,1,4,1,3,66.66666667
2800,3,3,130000,55,4,1,2,1,1,3,3,46.42857143
2200,5,4,275000,75,1,2,3,1,2,2,3,125
3400,4,4,200000,31,1,2,2,1,3,1,3,58.82352941
1370,2,3,35000,67,4,4,3,1,3,3,4,25.54744526
2400,4,3,370000,31,1,1,1,1,3,3,1,154.1666667
2000,3,3,60000,31,1,1,2,1,3,3,3,30
1000,1,1,70000,31,1,1,2,1,3,3,4,70
3200,5,4,230000,31,1,1,1,1,1,2,4,71.875
1255,3,3,10040000,118,1,2,2,1,4,3,3,8000
1422,3,3,11376000,118,1,1,2,1,2,1,2,8000
940,2,2,7520000,118,1,2,1,1,1,3,3,8000
1360,3,3,8432000,118,1,2,2,1,3,3,4,6200
1000,4,3,7000000,180,1,2,1,1,2,1,4,7000
1360,3,3,8432000,118,1,1,2,1,2,3,4,6200
1360,3,3,8432000,118,1,1,1,1,2,3,1,6200
850,2,2,5699998,180,1,1,2,1,2,3,5,6705.88
1800,4,4,10999998,118,1,2,2,1,1,3,3,6111.11
1230,3,3,4305000,123,1,3,2,1,2,1,4,3500
1390,3,3,13000002.8,180,2,2,3,1,5,2,4,9352.52
1300,3,3,6760000,61,1,1,3,1,1,3,3,5200
1117,4,3,7595600,56,1,1,1,1,1,1,1,6800
1575,3,3,10080000,124,1,2,2,1,3,2,3,6400
1520,3,3,6232000,51,1,1,1,2,1,3,4,4100
1341,3,3,6503850,20,1,1,3,1,1,1,3,4850
1150,3,3,5060000,90,1,1,1,1,1,3,1,4400
1250,2,3,6000000,20,1,1,2,3,2,1,3,4800
1450,3,3,9425000,40,1,1,3,2,5,3,3,6500
1420,4,3,9999640,61,1,2,3,1,4,3,4,7042
1400,3,3,4200000,51,1,2,2,1,2,3,4,3000
1130,2,3,3955000,100,2,2,3,2,1,3,3,3500
1400,3,3,25000,40,1,1,3,1,3,2,3,17.85714286
950,2,2,21000,56,1,1,1,1,4,1,3,22.10526316
2200,3,3,32000,180,1,1,3,4,5,3,3,14.54545455
2300,4,4,33000,56,1,1,2,2,3,3,2,14.34782609
1000,2,2,16000,40,4,1,2,4,3,3,5,16
900,2,2,14500,56,1,2,1,1,3,4,1,16.11111111
2200,3,3,50000,56,1,1,1,2,4,3,1,22.72727273
1050,3,2,20000,56,1,3,2,1,3,3,3,19.04761905
850,3,3,30000,56,1,2,3,2,1,3,3,35.29411765
2300,3,3,45000,56,1,2,2,2,4,2,3,19.56521739
1100,2,3,18000,56,1,1,2,3,2,3,4,16.36363636
2200,3,3,40000,56,1,2,2,1,1,2,15,18.18181818
1100,2,3,22000,56,1,2,3,1,4,3,4,20
2250,5,4,34000,56,1,2,1,3,1,3,4,15.11111111
2200,4,4,37000,56,1,2,3,1,3,2,4,16.81818182
2200,4,4,45000,56,1,1,2,1,2,3,1,20.45454545
2200,5,4,42000,56,1,2,2,2,2,3,4,19.09090909
995,4,3,6069500,118,3,2,2,1,5,2,3,6100
2600,3,3,16900000,180,1,2,1,1,3,3,3,6500
1700,3,3,10200000,123,4,1,2,1,4,1,5,6000
1550,3,3,9300000,40,1,2,1,3,1,3,8,6000
1600,3,3,7200000,24,1,2,2,1,4,2,4,4500
1400,3,3,10801000,61,4,1,2,1,3,3,4,7715
2,3,3,13000,45,1,2,2,1,5,3,3,6500
1000,2,3,6500000,20,1,1,3,4,2,2,3,6500
1130,3,3,3390000,100,1,2,2,1,3,3,1,3000
1500,4,3,7500000,157,3,1,3,1,2,1,3,5000
1420,3,3,8520000,94,1,1,2,2,2,2,3,6000
1515,3,3,9090000,145,1,1,3,1,2,3,4,6000
1250,2,3,5250000,101,1,3,2,1,1,3,3,4200
1440,2,3,9360000,94,1,1,1,1,1,3,5,6500
1385,4,3,8310000,90,2,2,2,2,4,1,1,6000
1500,3,3,6999000,94,2,1,2,1,3,2,1,4666
820,2,2,2870000,86,1,1,2,1,2,3,4,3500
1150,2,3,5500450,94,1,1,2,2,3,3,4,4783
1480,3,3,21000,118,1,2,2,1,3,3,3,14.18918919
1600,3,3,6400000,138,1,2,1,1,2,1,4,4000
1250,3,3,22000,118,1,1,2,1,3,1,3,17.6
900,2,2,10500,86,1,1,2,1,5,3,4,11.66666667
1200,3,3,20000,118,1,2,1,1,3,3,3,16.66666667
2500,5,4,50000,40,1,2,2,2,1,3,3,20
900,1,2,8000,24,1,2,3,1,4,2,3,8.888888889
2200,3,3,25000,40,1,1,2,1,5,2,5,11.36363636
700,2,2,12000,118,1,2,3,3,1,2,4,17.14285714
1250,3,3,18000,118,4,2,2,1,1,3,3,14.4
3000,5,4,52000,40,1,1,3,1,3,1,3,17.33333333
1800,2,3,25000,138,2,1,2,1,3,3,3,13.88888889
2350,4,3,100000,31,1,2,1,1,3,2,4,42.55319149
2800,5,5,13160000,145,1,2,2,1,1,3,5,4700
1150,3,3,5750000,118,1,1,1,2,1,3,3,5000
2400,6,3,20160000,31,3,1,2,1,2,3,1,8400
1120,2,3,4256000,51,1,1,1,1,3,3,4,3800
775,2,2,2712500,30,1,2,1,1,2,1,2,3500
1080,3,3,5599800,51,1,2,2,1,1,1,4,5185
1219,3,3,5500128,51,1,1,2,1,3,3,3,4512
1370,3,3,4521000,148,1,1,2,1,3,1,3,3300
800,3,2,4160000,145,1,1,1,1,4,3,2,5200
1356,3,3,7001028,157,1,1,1,2,1,1,4,5163
1100,3,2,5500000,157,1,1,3,2,2,2,2,5000
1150,4,3,6555000,118,1,1,2,1,4,3,1,5700
650,2,2,12000,138,2,1,3,1,4,3,3,18.46153846
1200,3,3,19000,138,1,1,1,4,5,1,2,15.83333333
1100,3,3,14000,138,1,2,3,2,3,3,4,12.72727273
900,2,2,15000,138,4,2,2,1,2,3,3,16.66666667
1505,3,3,25000,118,1,2,2,3,1,3,4,16.61129568
1200,3,3,23000,138,1,1,1,1,4,2,1,19.16666667
675,2,2,11000,138,1,1,3,3,4,2,3,16.2962963
1050,3,3,20000,118,2,2,1,1,3,1,4,19.04761905
965,2,2,4400400,131,1,2,1,1,3,2,3,4560
980,2,2,5000940,24,1,1,1,2,4,2,3,5103
950,2,2,3999500,145,1,1,1,1,3,3,3,4210
900,2,2,4050000,101,1,1,1,2,3,2,3,4500
1800,4,3,11998800,138,1,2,2,1,1,2,1,6666
1183,2,3,3549000,173,4,1,3,2,3,2,4,3000
1200,3,3,5400000,116,1,3,2,1,1,3,3,4500
1050,2,3,5199600,145,3,2,2,2,1,3,14,4952
650,3,2,2535000,148,1,1,3,1,4,1,3,3900
1150,2,2,26000,56,1,3,1,2,4,3,3,22.60869565
2200,2,2,55000,56,1,3,2,2,3,3,4,25
2800,4,4,23044000,22,1,1,3,1,3,3,1,8230
2210,3,4,35000,56,1,2,3,1,3,1,2,15.83710407
1180,3,3,5310000,24,3,2,2,1,6,3,3,4500
1020,2,2,2907000,117,1,2,2,2,4,3,3,2850
2100,3,3,8820000,34,1,2,2,5,3,3,1,4200
1040,2,2,4576000,59,4,1,3,1,1,3,3,4400
650,2,2,12000,118,1,2,2,1,4,1,4,18.46153846
800,2,2,14000,118,1,1,1,1,2,3,4,17.5
600,1,2,12000,118,1,1,2,1,5,3,4,20
1050,2,2,16000,118,1,3,1,1,3,3,5,15.23809524
850,2,2,16000,118,1,2,3,1,1,3,1,18.82352941
2600,4,4,120000,75,1,1,2,1,6,1,14,46.15384615
900,2,2,14000,118,1,2,3,1,1,3,3,15.55555556
800,2,2,14000,118,1,2,2,1,3,1,3,17.5
1300,3,3,20000,118,1,1,2,2,2,2,3,15.38461538
750,2,2,15000,118,1,1,3,1,1,3,4,20
4800,4,3,190000,75,5,1,1,1,3,3,4,39.58333333
3642,4,4,250000,75,1,1,2,1,2,3,3,68.64360242
2200,3,4,25000,118,1,1,2,1,3,3,5,11.36363636
1450,3,3,22000,118,1,2,3,1,1,3,3,15.17241379
2400,3,3,120000,75,1,3,2,1,3,3,4,50
120,1,1,10000,118,1,3,1,1,3,2,3,83.33333333
2400,3,3,60000,180,3,1,1,1,1,1,3,25
1200,3,3,20000,118,4,1,2,1,2,2,4,16.66666667
1550,3,3,40000,180,5,1,2,1,5,3,4,25.80645161
1550,3,3,60000,180,5,1,3,2,5,2,3,38.70967742
1500,4,3,11001000,139,1,2,1,1,3,2,5,7334
1000,3,2,3500000,145,1,2,2,1,4,2,3,3500
1925,4,4,9625000,101,1,2,1,2,2,3,3,5000
1550,3,3,6510000,24,1,1,2,1,2,3,4,4200
1350,3,3,8505000,153,1,1,2,1,3,3,16,6300
850,2,3,3230000,24,1,1,2,2,3,3,4,3800
1390,3,3,11120000,47,1,1,2,1,3,3,3,8000
872,2,2,4185600,24,1,2,2,2,1,3,4,4800
1700,2,2,6800000,24,1,3,3,2,3,3,4,4000
905,3,2,4706000,24,1,2,1,1,2,3,3,5200
1600,3,4,9600000,24,2,2,2,1,6,3,1,6000
1050,2,3,4725000,24,1,2,3,3,1,2,4,4500
1100,2,3,4400000,59,1,1,1,1,2,1,3,4000
1500,3,3,11250000,145,1,2,3,1,3,1,1,7500
1200,2,3,7000800,118,1,2,1,1,3,3,6,5834
1700,3,3,20400000,61,1,3,2,2,1,2,3,12000
1400,3,3,8540000,118,2,1,1,1,1,3,3,6100
800,2,2,4800000,119,3,2,1,1,3,2,3,6000
1100,3,2,7480000,133,1,1,3,1,1,3,4,6800
1160,4,3,7076000,119,1,3,2,1,1,2,14,6100
915,3,2,6039000,116,1,3,2,1,3,3,4,6600
850,2,2,6001000,92,1,2,2,1,1,3,1,7060
1130,2,3,10170000,27,5,1,2,1,1,3,3,9000
1050,2,3,4515000,31,1,2,3,1,4,3,1,4300
1585,3,3,8242000,138,5,1,2,2,3,2,3,5200
1922,5,3,23064000,75,1,2,3,1,3,2,4,12000
2500,3,3,80000,31,1,3,2,1,1,1,4,32
3000,5,4,100000,22,1,1,3,2,2,2,3,33.33333333
3800,5,4,100000,22,1,1,2,1,3,3,3,26.31578947
1400,3,3,10999800,14,1,1,2,1,3,2,4,7857
1800,2,2,80000,22,1,1,1,1,4,2,3,44.44444444
1100,3,3,70000,22,1,1,1,1,1,3,4,63.63636364
2215,4,4,276875,22,1,1,1,2,1,2,1,125
2000,4,3,55000,22,1,1,2,1,1,3,15,27.5
1850,3,3,65000,22,2,1,3,1,4,3,3,35.13513514
2400,4,4,70000,22,1,2,2,1,2,2,4,29.16666667
2100,4,3,75000,22,1,1,2,1,2,3,3,35.71428571
2150,4,3,80000,22,4,1,2,1,3,3,4,37.20930233
1750,3,3,60000,22,5,1,1,1,1,3,4,34.28571429
2600,3,3,65000,22,1,2,2,2,2,1,3,25
2650,4,4,60000,180,1,1,2,1,3,2,4,22.64150943
1220,3,3,22000,118,4,1,2,1,4,2,3,18.03278689
1100,3,3,22000,118,2,1,1,2,5,2,3,20
4000,5,4,600000,31,1,1,2,1,4,2,3,150
800,1,2,12000,118,1,1,2,2,4,3,14,15
3500,4,3,150000,31,5,2,3,1,4,3,3,42.85714286
1200,4,3,8040000,61,1,1,1,1,2,3,3,6700
875,2,2,3701250,118,1,2,3,1,4,3,3,4230
1390,3,3,10425000,61,1,1,2,2,1,3,3,7500
1100,2,2,7040000,56,2,2,2,1,5,2,3,6400
1950,3,4,12675000,138,2,1,1,1,3,2,4,6500
1248,4,2,8112000,119,1,1,3,3,1,2,2,6500
1260,3,3,6300000,24,1,1,2,1,3,4,3,5000
1640,4,3,15744000,92,1,2,1,1,1,3,4,9600
1200,3,3,7080000,120,3,2,2,1,2,3,3,5900
700,2,2,2800000,118,1,1,1,1,1,1,3,4000
950,2,3,4275000,24,1,1,1,1,3,3,3,4500
1015,2,2,7003500,170,3,1,1,1,1,3,5,6900
1500,4,3,7500000,20,3,2,1,1,4,3,3,5000
1260,3,3,6501600,24,1,2,3,1,4,2,3,5160
1000,3,3,4700000,20,1,1,2,1,4,3,3,4700
1735,4,4,8675000,24,1,1,3,2,2,2,4,5000
790,1,2,3950000,20,1,1,3,1,3,3,3,5000
2680,5,3,26800000,24,1,1,1,2,2,3,3,10000
1600,5,4,8000000,20,1,1,1,1,3,2,4,5000
2850,4,4,27075000,61,1,1,2,2,3,3,3,9500
1265,3,3,8096000,61,1,2,2,1,2,1,1,6400
1150,3,3,6532000,170,1,2,2,1,2,3,4,5680
5700,8,8,400000,75,1,1,2,1,2,3,4,70.1754386
6500,6,7,250000,135,1,2,1,2,3,1,3,38.46153846
5700,8,8,450000,31,3,1,2,1,4,2,4,78.94736842
2500,5,6,100000,135,2,2,2,1,3,3,4,40
21000,4,4,800000,134,1,1,2,2,2,2,1,38.0952381
15900,5,5,750000,134,2,2,1,1,2,3,7,47.16981132
22000,4,3,1200000,31,1,2,2,1,2,2,16,54.54545455
4000,7,7,320000,75,1,2,2,1,2,3,2,80
1600,4,3,8000000,40,1,2,1,1,2,3,3,5000
875,3,2,5075000,119,1,1,2,2,2,2,3,5800
1730,4,3,10553000,40,1,1,2,1,1,3,5,6100
1252,3,3,10003480,144,1,2,2,1,4,1,3,7990
1000,2,3,6500000,24,1,1,2,2,3,3,3,6500
1440,3,3,11016000,40,3,1,2,1,1,2,3,7650
775,3,2,4030000,170,1,1,1,2,2,2,5,5200
945,2,1,4999995,20,1,1,2,1,5,3,4,5291
900,2,2,4050000,101,1,1,3,1,1,3,3,4500
850,2,2,5525000,119,2,1,2,1,1,3,4,6500
1400,4,3,7000000,150,5,2,2,1,3,2,4,5000
1300,3,3,13000000,55,4,1,2,2,4,3,3,10000
2200,3,3,130000,31,1,1,3,2,1,2,3,59.09090909
1500,2,3,30000,40,1,1,1,1,4,1,12,20
2700,4,3,185000,31,1,1,1,1,4,1,3,68.51851852
2400,4,3,140000,31,1,1,1,1,4,1,4,58.33333333
4000,4,3,400000,31,2,1,1,1,2,3,3,100
500,2,2,16000,135,1,1,2,1,2,2,3,32
2700,3,3,150000,31,1,2,2,1,5,3,4,55.55555556
1250,3,3,22000,16,1,3,1,1,2,2,3,17.6
700,2,2,15500,16,1,2,2,2,4,1,4,22.14285714
4200,4,4,110000,31,1,1,1,1,1,2,3,26.19047619
1600,4,3,25000,16,1,1,2,3,5,2,5,15.625
1260,3,3,29000,16,1,3,1,1,1,1,3,23.01587302
2000,4,4,32000,16,1,2,1,1,3,3,3,16
2000,3,4,35000,16,4,1,1,1,1,3,3,17.5
1360,3,3,20000,16,1,4,3,1,2,2,3,14.70588235
1350,3,3,32000,92,1,1,3,1,2,1,14,23.7037037
4400,4,4,300000,22,1,2,2,1,4,3,4,68.18181818
2700,3,3,190000,22,1,1,2,1,2,3,2,70.37037037
1100,3,3,70000,22,1,3,3,2,4,2,1,63.63636364
1200,3,3,20000,16,1,1,1,1,4,3,4,16.66666667
4500,6,5,400000,31,1,2,2,1,1,3,4,88.88888889
1620,3,3,30000,16,1,1,2,1,2,1,3,18.51851852
2800,4,3,100000,74,1,2,1,2,2,3,4,35.71428571
3000,4,3,70000,75,1,1,2,1,3,1,4,23.33333333
1275,3,3,8287500,170,2,2,2,1,4,3,4,6500
1750,4,3,17500000,144,1,1,3,1,5,3,3,10000
1265,3,3,5692500,118,1,2,2,1,1,3,3,4500
1650,4,3,12375000,40,1,1,2,1,2,3,4,7500
1050,2,2,6510000,40,1,2,1,2,2,3,3,6200
1890,3,3,13797000,40,1,2,1,1,1,2,13,7300
1700,5,3,20400000,61,1,2,3,1,3,2,3,12000
1550,3,3,12090000,40,1,1,2,2,1,3,3,7800
1226,3,3,9195000,61,1,2,1,1,1,2,1,7500
1200,4,3,7200000,20,1,1,1,1,3,3,3,6000
1050,2,2,5250000,20,1,1,1,2,1,3,3,5000
1557,3,3,25000,14,1,2,2,1,4,3,4,16.05651895
4100,4,3,260000,75,1,1,2,1,3,1,1,63.41463415
2550,4,4,100000,57,1,2,1,1,2,3,4,39.21568627
2000,4,3,110000,75,1,1,2,1,1,3,3,55
2500,4,3,100000,75,2,1,2,3,3,3,12,40
2300,4,3,90000,75,1,1,1,1,2,2,4,39.13043478
2750,5,4,100000,75,1,1,2,1,1,3,4,36.36363636
2200,2,2,80000,75,1,1,2,1,5,2,3,36.36363636
2700,3,3,120000,75,5,2,1,1,3,3,3,44.44444444
2200,3,3,100000,22,1,2,2,2,1,2,3,45.45454545
3800,5,4,350000,75,1,1,2,2,4,4,3,92.10526316
4000,4,4,425000,75,5,2,2,1,1,3,4,106.25
1650,3,3,65000,22,2,3,2,4,3,3,3,39.39393939
2200,3,3,100000,74,1,1,2,1,2,3,3,45.45454545
2400,4,4,19200000,56,1,1,3,2,4,2,4,8000
26000,3,3,189800000,180,1,2,2,1,3,3,4,7300
1050,3,3,4300800,123,1,1,3,1,3,2,4,4096
1150,3,3,4502250,118,1,2,2,1,3,1,3,3915
2800,4,4,23800000,31,1,1,2,1,1,2,4,8500
1260,3,3,6300000,118,1,3,2,1,5,1,3,5000
1052,4,3,6417200,101,1,1,2,1,5,3,4,6100
950,2,3,4400400,166,2,1,1,1,2,1,6,4632
1962,5,4,13734000,40,1,2,2,1,3,3,13,7000
1102,3,3,7163000,67,1,1,2,1,4,3,3,6500
700,2,2,273000,102,1,2,2,2,3,3,15,390
1700,4,4,250000,135,1,1,1,1,3,3,3,147.0588235
2160,3,4,75000,135,1,1,2,1,3,3,4,34.72222222
1100,2,3,19000,24,1,2,2,3,1,3,4,17.27272727
2100,3,4,28000,24,1,1,3,1,4,3,3,13.33333333
1200,2,2,21000,24,5,2,2,1,2,1,3,17.5
1365,3,3,23000,24,4,3,1,1,4,3,1,16.84981685
1600,3,3,18000,24,1,1,1,2,4,1,3,11.25
1100,2,3,18000,24,3,2,2,1,1,3,3,16.36363636
1700,3,3,37000,24,1,1,3,1,3,3,3,21.76470588
1100,2,3,18000,24,1,1,2,2,1,4,4,16.36363636
2750,3,3,80000,31,2,1,1,4,1,2,3,29.09090909
3000,3,3,80000,31,1,2,2,2,3,2,4,26.66666667
2300,3,3,90000,31,1,1,1,3,4,2,3,39.13043478
1370,3,3,37000,31,1,2,3,3,1,3,3,27.00729927
2700,4,3,100000,31,1,1,2,1,3,3,3,37.03703704
4500,5,4,120000,31,1,2,2,2,2,3,1,26.66666667
4000,2,4,250000,31,1,1,1,2,3,3,5,62.5
2800,4,4,100000,31,1,1,3,1,3,4,3,35.71428571
1700,3,3,37000,16,1,1,2,1,2,2,3,21.76470588
2500,3,3,180000,31,1,1,2,1,1,1,4,72
2500,3,3,110000,31,2,1,3,1,5,2,4,44
2400,5,4,28080000,102,2,2,2,1,1,3,1,11700
2050,3,3,40000,40,3,2,3,1,2,3,4,19.51219512
1700,3,3,14999100,162,1,1,2,1,2,3,3,8823
1788,4,3,16092000,162,4,2,3,2,3,2,3,9000
1250,4,3,9625000,123,4,2,2,1,5,2,8,7700
1400,4,4,9240000,123,1,1,3,1,1,1,1,6600
1415,4,3,6509000,14,1,1,1,1,4,2,4,4600
1245,3,3,8499615,145,2,1,2,1,3,3,4,6827
1050,2,3,4725000,90,1,1,1,1,1,3,3,4500
1255,3,3,9412500,31,1,1,3,2,3,3,4,7500
928,2,2,5104000,123,1,1,1,1,4,3,4,5500
2350,4,3,25145000,61,1,1,3,2,4,2,3,10700
1200,3,3,4020000,132,1,2,1,1,1,3,1,3350
1250,2,2,6500000,118,1,2,3,2,3,3,3,5200
1200,3,3,10020000,61,1,1,2,1,2,2,4,8350
1350,4,3,8505000,138,1,2,2,1,1,3,3,6300
1340,4,3,11390000,170,1,2,2,1,5,3,3,8500
2500,2,2,11250000,102,1,2,2,2,2,3,4,4500
2050,3,3,17015000,20,1,2,1,1,3,1,3,8300
2050,3,3,16010500,20,1,1,1,1,1,3,13,7810
3200,4,5,20000000,147,1,1,2,1,4,2,3,6250
9000,9,10,65025000,14,2,1,1,1,1,2,3,7225
1670,3,4,8684000,138,1,2,2,1,1,3,1,5200
6000,5,5,6000,51,2,2,3,1,6,3,3,1
1300,3,5,1755000,150,1,2,2,1,5,3,4,1350
3200,6,5,19200000,147,1,1,2,1,3,3,1,6000
1550,4,4,7595000,123,3,1,2,1,3,1,4,4900
1390,5,3,12510000,27,1,2,3,1,5,1,3,9000
1500,3,3,9750000,75,1,2,3,1,2,3,3,6500
2200,3,4,8800000,131,1,2,2,1,2,2,3,4000
1179,4,3,11790000,120,2,2,2,1,1,4,2,10000
1000,2,3,4500000,118,1,3,2,1,4,3,3,4500
1375,4,3,8043750,123,1,2,3,1,2,2,3,5850
1000,2,3,5000000,24,1,1,3,1,5,1,4,5000
1100,4,3,4400000,118,1,1,2,1,5,3,1,4000
1600,2,3,9120000,61,1,1,2,1,2,3,3,5700
2050,3,3,22550000,27,1,1,1,1,1,1,4,11000
975,2,3,4499625,118,1,2,2,1,5,3,4,4615
1170,4,3,7020000,118,5,1,2,1,2,1,3,6000
2300,5,3,9499000,150,1,1,2,1,4,3,3,4130
1320,3,3,5280000,86,1,1,3,2,5,3,3,4000
650,2,2,3055000,118,3,3,2,1,3,3,4,4700
700,1,2,10000,24,1,1,2,1,4,4,4,14.28571429
1200,3,3,20000,34,1,2,3,1,3,2,1,16.66666667
1200,2,2,17000,34,1,2,2,2,1,3,3,14.16666667
1217,2,3,7302000,162,1,1,2,2,4,3,5,6000
982,2,2,4222600,101,3,1,1,1,1,3,3,4300
1160,2,3,5800000,124,1,2,2,1,5,3,4,5000
755,2,2,2944500,123,2,1,1,1,1,2,4,3900
1360,3,3,7999996,20,1,4,2,2,3,3,4,5882.35
1180,3,3,6501800,118,4,1,2,1,3,3,16,5510
1475,4,3,8407500,20,1,1,3,2,3,2,11,5700
1250,2,2,10000000,61,4,1,2,1,3,1,11,8000
1800,2,3,13500000,118,2,1,2,1,3,2,3,7500
1250,4,3,6000000,118,3,2,2,1,5,1,4,4800
1130,4,3,6328000,20,2,1,3,1,4,3,4,5600
720,2,2,20000,40,1,2,3,1,2,2,4,27.77777778
1400,3,3,25000,40,1,2,2,2,2,2,3,17.85714286
1350,3,3,25000,40,3,1,1,2,2,2,4,18.51851852
800,2,2,19000,135,5,3,3,1,2,3,4,23.75
1600,2,2,23000,183,1,1,3,2,3,3,3,14.375
1250,3,3,22000,34,1,2,3,1,2,2,3,17.6
1150,2,3,23000,24,1,1,2,1,5,2,6,20
1369,3,3,25000,124,3,2,2,1,4,2,3,18.26150475
1100,2,3,19000,24,1,1,2,1,1,2,4,17.27272727
900,1,2,15000,24,1,1,1,1,3,3,4,16.66666667
1100,2,3,17000,24,1,1,3,1,3,1,3,15.45454545
4000,4,4,200000,75,1,1,2,1,2,1,4,50
900,2,2,15000,24,1,1,2,2,3,1,4,16.66666667
1600,3,3,25000,24,1,1,2,1,1,3,3,15.625
1100,2,3,22000,24,3,2,3,2,3,3,5,20
1200,3,3,20000,24,3,2,2,1,1,1,4,16.66666667
1100,2,2,17000,182,1,2,2,2,5,1,4,15.45454545
7500,7,10,260000,135,1,1,2,4,3,2,9,34.66666667
24550,3,3,650000,40,4,2,2,2,2,3,3,26.47657841
8000,2,2,400000,135,1,2,1,2,1,3,3,50
10000,9,9,800000,31,3,1,2,1,4,3,4,80
7000,4,4,250000,135,1,2,2,2,3,1,3,35.71428571
6000,6,6,800000,31,1,2,2,5,4,3,4,133.3333333
7500,5,10,400000,61,1,1,1,1,3,3,3,53.33333333
1112,4,3,5782400,20,2,2,1,1,4,3,4,5200
1000,2,2,6200000,56,1,2,2,2,1,3,3,6200
1410,4,3,10575000,20,1,1,1,1,2,2,3,7500
900,3,2,3870000,90,1,1,2,1,5,1,4,4300
1000,4,3,4000000,118,2,1,1,1,5,2,3,4000
1100,3,3,4950000,90,1,2,3,3,3,3,3,4500
1500,4,3,6750000,90,1,2,2,1,1,1,6,4500
975,4,3,6240000,123,1,3,2,2,4,2,1,6400
1250,3,3,5625000,118,1,3,2,1,2,3,3,4500
952,3,3,3522400,118,1,1,3,3,3,3,4,3700
1400,3,3,5320000,146,1,2,2,2,3,1,4,3800
975,4,3,6240000,123,1,3,2,1,4,3,13,6400
1150,3,3,9200000,118,1,2,1,1,3,3,3,8000
1250,3,3,10000000,118,1,2,3,1,1,1,4,8000
700,2,2,2500001,118,1,2,1,2,2,1,4,3571.43
1150,3,3,7000050,118,1,1,1,1,2,2,4,6087
1050,2,3,7500150,180,1,1,2,2,1,1,3,7143
1200,2,2,12000000,56,1,1,2,2,3,2,4,10000
2200,3,4,20999000,56,1,1,3,2,4,3,4,9545
1299,3,3,14999553,56,5,2,1,1,3,1,3,11547
1500,3,3,10000500,40,1,1,2,1,5,3,1,6667
1200,3,3,9499200,180,1,2,2,1,1,2,3,7916
749,2,2,3370500,90,1,1,1,1,5,2,3,4500
1856,3,3,12064000,138,1,1,2,1,3,3,4,6500
650,2,2,2099500,138,1,1,2,1,2,2,4,3230
620,2,3,1999500,170,1,2,1,3,3,3,4,3225
1400,3,3,16800000,55,1,1,2,1,3,3,3,12000
1136,2,3,5112000,90,1,1,2,1,5,2,4,4500
1208,3,3,19000,118,4,2,3,1,5,1,4,15.72847682
1700,4,3,200000,135,5,2,2,1,3,2,5,117.6470588
6000,6,5,125000,40,1,1,2,1,4,1,1,20.83333333
9500,5,5,300000,135,1,1,2,3,4,3,4,31.57894737
3900,5,5,125000,180,1,1,2,1,3,2,4,32.05128205
4464,4,4,350000,75,2,3,1,2,3,3,3,78.40501792
5500,5,4,180000,180,4,1,2,1,3,1,5,32.72727273
2200,5,4,62000,55,2,2,2,1,1,1,1,28.18181818
4500,5,5,410000,31,1,1,3,3,4,2,3,91.11111111
1550,3,3,25000,40,1,1,2,2,3,3,3,16.12903226
900,2,2,25000,40,4,1,1,1,1,3,3,27.77777778
1000,2,2,16000,118,1,1,1,3,3,3,3,16
1200,2,3,27000,34,1,2,2,1,3,3,2,22.5
1150,3,3,31000,139,1,2,2,2,1,3,3,26.95652174
1400,2,3,33000,139,1,3,1,1,3,3,3,23.57142857
900,2,2,16000,34,5,1,2,1,3,2,4,17.77777778
1700,4,3,13100200,40,1,2,1,1,1,3,6,7706
1850,2,4,9799450,59,2,2,1,2,1,3,3,5297
1576,3,3,15760000,144,1,2,1,2,3,3,3,10000
940,2,2,4803400,24,1,2,2,1,2,2,4,5110
1040,2,3,7800000,144,4,1,3,1,2,3,6,7500
900,2,2,16000,34,4,2,2,2,3,3,4,17.77777778
2400,3,3,24000000,31,1,1,1,2,1,4,1,10000
1185,2,3,20000,126,1,1,2,1,4,3,3,16.87763713
2200,3,3,18000,34,1,2,2,1,3,3,2,8.181818182
1400,3,3,32000,170,4,4,1,1,2,2,4,22.85714286
1092,2,3,22000,152,3,1,1,1,5,3,3,20.14652015
1400,4,4,30000,183,1,1,3,1,3,2,1,21.42857143
1000,2,2,45000,54,1,2,2,1,3,3,3,45
1400,3,3,50000,54,1,1,2,2,5,3,4,35.71428571
1800,4,4,9900000,150,1,2,1,2,3,3,3,5500
1155,2,3,25000,67,4,2,1,1,3,2,4,21.64502165
1250,3,2,12500,123,1,2,1,2,5,1,3,10
1100,2,2,20000,135,1,2,3,1,3,1,1,18.18181818
23000,4,6,138000000,118,1,1,2,2,3,2,3,6000
1100,2,2,15000,102,1,1,2,1,3,3,3,13.63636364
1500,3,3,25000,40,1,1,2,1,1,3,3,16.66666667
1600,3,3,7200000,150,1,2,3,1,2,3,3,4500
1260,3,3,6300000,118,3,1,1,1,3,2,4,5000
1575,3,3,10710000,40,1,2,1,1,4,3,4,6800
1575,4,2,8662500,40,1,2,2,1,4,3,4,5500
1575,6,3,10710000,40,1,2,2,2,3,3,3,6800
1575,6,3,10710000,40,2,1,3,1,3,2,2,6800
1575,3,3,10710000,40,1,1,1,1,2,1,4,6800
1750,3,3,37000,40,1,2,2,1,1,2,4,21.14285714
1950,3,3,200000,75,2,2,1,1,3,3,4,102.5641026
2200,2,1,100000,31,1,1,2,1,3,2,4,45.45454545
2700,3,4,90000,75,5,1,3,1,3,3,4,33.33333333
1600,3,3,60000,179,1,1,2,1,1,2,3,37.5
2200,4,4,18000000,75,2,1,1,1,2,2,3,8181.818182
3400,3,4,150000,31,1,2,1,1,2,3,3,44.11764706
1200,2,2,40000,180,1,1,2,1,3,3,2,33.33333333
1800,3,3,100000,180,1,2,2,1,4,2,3,55.55555556
1350,3,3,35000,145,1,2,2,1,1,3,3,25.92592593
1200,3,3,45000,180,1,1,2,1,1,3,4,37.5
1200,3,3,45000,180,1,2,1,3,2,2,3,37.5
1800,3,4,8100000,118,1,2,1,1,2,3,14,4500
1800,3,3,12060000,40,1,1,2,1,3,1,3,6700
3060,6,6,21420000,40,4,1,2,1,1,3,4,7000
1700,3,3,13430000,40,1,1,2,1,2,3,3,7900
1830,3,3,11199600,40,1,3,1,1,1,2,4,6120
3835,5,4,36432500,40,1,1,3,4,1,3,1,9500
4500,4,4,45000000,40,1,1,1,1,2,3,15,10000
1700,3,3,10200000,40,1,2,2,1,3,3,5,6000
1600,3,3,8800000,40,1,1,3,1,2,3,3,5500
2150,3,3,21500000,61,1,1,2,2,5,3,3,10000
2150,3,3,21500000,61,1,1,1,1,4,2,3,10000
1200,3,3,6720000,153,1,1,2,2,3,3,3,5600
1422,3,3,4621500,42,1,3,2,2,4,3,15,3250
2800,4,4,23800000,31,2,1,2,1,1,2,3,8500
1350,3,3,7020000,123,1,2,3,1,4,3,7,5200
1400,3,3,10500000,124,1,1,2,1,5,3,5,7500
1320,4,3,4752000,45,1,1,2,1,2,3,4,3600
1143,3,3,6172200,118,1,2,2,2,3,3,3,5400
1400,3,3,5880000,53,1,1,3,1,4,3,13,4200
1520,3,3,12920000,51,1,1,2,1,1,1,4,8500
1550,3,3,25000,40,1,2,2,1,4,3,3,16.12903226
1300,3,3,22000,16,1,2,2,1,3,3,3,16.92307692
1450,3,3,20000,118,5,2,1,1,3,3,3,13.79310345
1275,3,3,20000,102,5,1,1,1,2,3,3,15.68627451
1400,3,3,12000,102,1,1,2,1,2,3,3,8.571428571
1200,3,3,18000,102,1,2,1,1,4,3,1,15
2050,4,4,60000,55,1,2,2,1,1,3,3,29.26829268
1550,3,3,25000,40,1,1,2,1,1,3,3,16.12903226
1350,3,3,35000,183,1,1,2,1,2,4,4,25.92592593
1400,2,2,27000,183,1,2,2,1,2,3,3,19.28571429
1100,3,3,20000,40,1,2,2,1,4,3,3,18.18181818
1450,3,3,25000,40,1,1,3,1,3,3,4,17.24137931
1100,2,2,16000,40,1,2,1,1,5,3,4,14.54545455
1800,3,3,22000,118,4,2,2,1,1,2,3,12.22222222
1600,2,2,25000,40,1,1,2,3,4,1,3,15.625
2400,3,3,80000,183,1,2,1,1,1,2,3,33.33333333
2200,3,3,40000,16,4,2,3,1,2,3,3,18.18181818
1300,3,3,10999300,40,1,1,1,1,1,1,4,8461
3835,3,4,31447000,40,1,1,2,4,5,3,4,8200
1350,3,3,9000004.5,40,1,1,1,2,4,1,4,6666.67
1850,3,3,12950000,40,5,1,1,1,3,3,4,7000
1800,3,3,32500,183,4,2,2,1,1,1,12,18.05555556
1025,2,3,6006500,24,1,1,1,1,1,3,16,5860
1600,3,3,8800000,90,4,1,2,5,2,3,3,5500
705,2,2,3172500,151,4,1,2,1,1,1,13,4500
2350,3,4,12337500,40,1,2,2,1,3,1,10,5250
1165,2,3,9320000,61,4,1,2,2,4,3,5,8000
1500,3,3,28000,40,1,2,3,1,1,3,3,18.66666667
1490,3,3,10000000.9,145,1,2,2,1,2,3,14,6711.41
1850,3,3,12950000,40,2,1,1,1,1,2,4,7000
1245,2,3,9522942.75,123,1,2,2,1,4,3,3,7648.95
1570,3,3,7999150,90,1,3,1,1,4,3,3,5095
1300,3,3,6999200,90,1,1,1,1,2,3,4,5384
1200,3,3,5760000,24,1,2,2,1,1,1,3,4800
1075,2,3,6503750,40,1,1,1,2,3,3,3,6050
1090,2,3,6499997,123,4,1,2,1,3,2,4,5963.3
1400,3,3,9800000,40,1,1,2,2,3,3,2,7000
1140,3,2,8550000,56,1,2,1,1,4,1,4,7500
1760,3,3,20099200,22,4,3,2,1,3,2,3,11420
2200,3,3,17501000,56,1,2,1,1,2,3,4,7955
1200,2,2,8499600,56,1,2,2,1,1,2,3,7083
1720,4,3,10492000,138,1,1,2,2,2,3,3,6100
1,4,3,5000,150,1,2,2,2,4,3,3,5000
1797,3,3,11680500,118,1,2,1,1,1,1,4,6500
700,2,2,3199000,123,1,1,1,1,3,2,3,4570
1000,2,3,6000000,123,1,2,2,1,5,2,4,6000
2300,3,3,18400000,56,1,2,2,1,4,1,1,8000
956,2,3,6000812,123,1,2,1,2,1,2,14,6277
1400,3,3,15400000,133,1,1,3,1,2,3,4,11000
1070,3,3,6420000,123,1,1,3,1,1,3,4,6000
1725,4,3,7762500,118,1,2,3,2,4,1,4,4500
1100,2,3,7499998,56,2,1,1,2,3,2,3,6818.18
4,2,2,14000,131,5,2,2,2,3,2,4,3500
1200,3,3,8000004,56,1,1,2,1,2,3,4,6666.67
3200,5,4,200000,31,1,2,2,1,2,3,4,62.5
1400,2,3,17000,135,1,2,2,1,4,3,1,12.14285714
1200,2,3,26000,152,1,1,2,2,4,2,4,21.66666667
1100,2,3,22000,16,1,1,1,1,2,3,5,20
900,2,3,30000,135,1,2,2,2,1,3,4,33.33333333
700,2,2,18000,135,1,3,2,1,1,2,12,25.71428571
1100,2,2,15000,135,1,1,1,1,5,2,3,13.63636364
1300,3,3,30000,170,1,2,1,1,3,2,3,23.07692308
1300,2,3,18000,170,1,1,2,1,1,3,2,13.84615385
1470,3,3,35000,170,1,1,1,1,1,3,4,23.80952381
1100,2,2,20000,170,1,1,2,1,4,2,3,18.18181818
1200,3,3,26000,157,1,1,2,3,1,1,4,21.66666667
1100,2,2,16000,40,1,2,3,1,1,3,8,14.54545455
3765,5,4,300000,31,1,1,1,1,2,2,3,79.6812749
1739,3,3,13477250,119,1,1,2,1,2,1,3,7750
1180,2,3,4000200,118,2,2,2,1,1,2,4,3390
650,2,2,6045000,118,5,2,2,1,2,3,3,9300
1350,3,3,10665000,123,1,2,2,1,2,1,4,7900
1725,3,3,15525000,123,1,2,1,1,2,3,3,9000
1000,2,2,6000000,145,1,1,1,1,2,3,13,6000
1510,3,3,25000,40,1,1,1,1,3,3,3,16.55629139
3600,5,4,200000,31,1,1,1,1,1,3,5,55.55555556
650,2,2,2499900,118,1,2,3,2,3,3,4,3846
1165,3,3,6407500,118,1,1,2,1,1,3,1,5500
1200,3,4,12000000,40,2,2,2,2,2,3,3,10000
750,2,2,2300250,118,4,3,1,1,4,3,4,3067
1133,3,3,4599980,118,1,1,1,1,3,2,3,4060
1000,2,2,4300000,118,1,1,2,1,4,2,3,4300
1684,3,3,11788000,40,2,2,1,1,2,1,1,7000
1835,3,3,14221250,119,1,1,1,1,3,2,5,7750
1720,3,3,12040000,116,1,1,2,1,4,1,3,7000
900,2,2,16000,40,2,1,1,1,4,1,15,17.77777778
1280,2,3,45000,55,3,2,2,1,3,2,3,35.15625
1100,2,3,22000,16,1,2,2,1,3,2,3,20
1400,3,3,22000,16,1,2,2,1,3,2,3,15.71428571
1000,2,3,4500000,24,2,1,2,1,3,1,3,4500
1550,2,3,7750000,24,4,1,2,1,2,2,3,5000
660,2,2,2999700,118,1,2,2,2,2,2,4,4545
1350,3,3,8000100,118,1,2,1,1,3,3,4,5926
850,2,4,6499950,118,1,1,2,1,4,3,3,7647
1270,3,3,6499860,118,1,2,3,1,3,3,4,5118
1550,3,3,8990000,40,3,2,2,1,2,1,4,5800
870,2,2,4002000,20,1,1,2,2,2,3,4,4600
1411,3,3,9171500,61,1,1,2,1,2,2,3,6500
850,2,2,4700500,61,1,2,1,1,2,2,4,5530
1200,2,2,20000,170,2,3,2,2,1,3,4,16.66666667
2200,3,4,30000,67,1,1,2,1,3,3,14,13.63636364
1600,3,3,37000,135,1,1,1,1,4,2,4,23.125
1700,2,3,32000,135,1,1,3,1,4,2,1,18.82352941
900,2,2,26000,135,1,1,3,1,2,2,3,28.88888889
4200,5,5,250000,31,1,1,3,1,2,1,2,59.52380952
3200,5,4,250000,31,1,1,1,1,3,1,3,78.125
1500,3,3,35000,170,1,1,3,1,4,3,5,23.33333333
3300,4,4,250000,31,4,1,2,1,4,3,4,75.75757576
1200,2,2,20000,170,3,1,2,1,4,2,3,16.66666667
1050,2,2,20000,135,1,2,2,2,1,3,4,19.04761905
3000,5,3,200000,31,1,2,1,4,2,3,3,66.66666667
3775,3,3,300000,31,1,1,2,1,3,3,1,79.47019868
2200,3,3,150000,31,1,2,3,1,5,3,3,68.18181818
3000,5,4,250000,31,1,1,3,1,3,3,4,83.33333333
1700,4,4,9999400,24,1,1,1,1,1,3,3,5882
1000,2,2,4000000,101,1,1,2,1,1,1,1,4000
750,2,2,2501250,24,1,1,1,2,4,3,4,3335
1400,3,3,7700000,123,1,1,3,1,1,2,3,5500
1190,3,3,3808000,103,1,2,2,1,3,2,3,3200
1412,3,3,7766000,123,1,1,1,2,2,3,1,5500
1070,2,3,5500870,59,2,1,2,1,1,3,3,5141
840,2,2,4032000,101,1,1,2,1,2,1,3,4800
1140,3,3,7524000,94,1,1,1,1,3,3,4,6600
1900,3,3,10450000,24,1,1,2,1,1,2,4,5500
5500,3,3,250000,135,1,2,3,1,5,3,3,45.45454545
800,2,2,13000,135,1,1,1,2,1,1,2,16.25
5500,3,3,250000,102,1,1,1,2,4,1,3,45.45454545
2200,4,3,40000,67,1,2,2,2,3,1,3,18.18181818
1700,3,3,7650000,24,1,1,2,3,3,3,3,4500
1400,2,3,35000,135,1,1,3,1,3,2,1,25
1115,2,2,4014000,51,1,1,2,4,3,2,4,3600
1250,3,3,10500000,123,1,2,2,1,1,3,3,8400
1020,3,3,5100000,34,4,2,2,2,4,3,3,5000
1710,4,3,11508300,40,1,1,3,2,2,3,4,6730
2154,3,3,19498008,123,2,3,2,1,1,3,4,9052
1386,2,3,7623000,131,1,1,3,1,5,3,4,5500
1500,3,3,6750000,123,1,3,1,1,1,3,4,4500
850,2,3,6375000,110,1,2,3,1,1,3,3,7500
1520,3,3,11096000,123,1,2,2,1,1,3,3,7300
1518,3,3,13054800,123,1,2,2,1,3,3,3,8600
900,2,2,7000002,123,2,1,3,1,2,3,3,7777.78
1375,3,3,11000000,67,1,2,2,1,1,1,4,8000
1205,3,3,9037500,139,1,1,1,1,4,1,3,7500
2200,3,3,17000,90,1,2,2,2,5,3,3,7.727272727
1180,3,3,19000,20,1,2,2,1,2,1,3,16.10169492
700,2,2,12000,118,1,1,3,1,5,2,3,17.14285714
3600,2,3,320000,75,1,1,3,1,3,3,4,88.88888889
800,1,1,7000,118,3,2,3,1,2,2,5,8.75
1100,1,2,16000,20,1,1,1,3,3,2,14,14.54545455
1800,2,2,15000,118,5,1,3,1,1,3,3,8.333333333
1200,3,3,18000,90,1,1,3,1,3,2,1,15
2500,4,4,17000,20,1,1,3,2,1,3,3,6.8
1200,2,3,15000,118,1,1,1,1,1,3,3,12.5
1200,3,3,19000,118,2,2,3,1,2,1,4,15.83333333
1600,4,4,24000,101,1,2,1,1,1,2,3,15
800,2,3,24000,170,1,2,2,1,3,2,7,30
720,1,2,20000,135,1,2,2,1,2,2,5,27.77777778
700,1,1,13000,135,1,1,3,1,3,2,16,18.57142857
1200,2,2,20000,67,2,2,2,1,3,3,5,16.66666667
1400,2,3,20000,67,1,2,1,1,1,2,3,14.28571429
1150,2,3,25000,67,1,1,3,3,1,3,13,21.73913043
1300,3,3,30000,67,1,1,2,1,4,2,2,23.07692308
1600,4,4,4800000,167,1,2,3,2,3,2,5,3000
1985,3,3,18003950,180,1,1,1,2,4,1,4,9070
1200,3,3,25000,135,5,1,2,1,3,1,4,20.83333333
1000,2,2,5000000,145,1,2,1,1,1,1,3,5000
1150,3,3,6503250,145,1,2,2,2,4,3,4,5655
900,2,2,5400000,61,1,2,2,3,3,3,3,6000
1400,3,3,7700000,24,2,2,2,1,5,1,3,5500
1240,3,3,5611000,24,1,1,3,1,3,1,5,4525
1220,3,3,12498900,123,1,3,2,1,4,3,3,10245
900,2,2,4500000,24,1,2,2,1,4,3,3,5000
1210,2,3,5505500,24,1,2,1,1,2,1,4,4550
1450,3,3,7250000,145,1,3,2,2,3,1,3,5000
950,2,3,5999250,67,1,2,1,1,2,3,3,6315
1250,2,3,12500000,47,1,3,2,2,1,2,5,10000
1435,3,3,14998620,61,1,1,2,1,4,3,4,10452
1324,3,3,7944000,116,1,1,2,2,2,3,2,6000
2360,4,4,11800000,51,1,3,3,2,4,3,4,5000
1500,3,3,8550000,24,1,2,2,1,2,3,3,5700
1650,4,3,11000005.5,145,1,1,1,1,1,2,1,6666.67
1550,3,3,10501250,24,1,1,1,1,3,3,3,6775
920,2,3,4600000,118,2,1,1,1,2,1,4,5000
1,3,3,12000,144,1,1,2,1,3,2,3,12000
1025,3,3,4920000,24,1,3,2,2,1,2,1,4800
1327,3,3,5971500,118,2,2,2,1,1,3,3,4500
1300,3,3,7007000,118,1,1,1,1,2,2,3,5390
754,2,2,3749642,118,2,2,2,1,5,3,4,4973
1680,3,4,9072000,24,2,2,1,1,4,3,1,5400
1390,3,3,10842000,61,1,2,2,1,1,3,3,7800
1400,3,3,7000000,24,1,3,2,3,2,3,2,5000
1680,4,3,9240000,24,4,1,1,2,1,3,4,5500
2400,4,3,200000,75,2,2,2,1,4,3,3,83.33333333
1100,2,3,17000,90,1,1,2,2,2,3,3,15.45454545
2000,3,3,100000,75,1,3,3,1,1,1,3,50
2900,4,4,200000,75,1,1,2,1,3,2,6,68.96551724
2200,3,3,75000,61,1,3,2,1,2,3,4,34.09090909
2000,3,3,100000,75,1,1,1,1,2,3,5,50
2200,3,3,90000,75,1,1,2,2,3,1,3,40.90909091
4000,5,4,300000,75,1,2,1,1,1,3,3,75
1200,3,3,20000,118,1,1,2,1,1,3,4,16.66666667
900,1,2,900,118,1,2,2,2,3,2,3,1
1850,3,3,100000,75,1,1,2,1,5,3,4,54.05405405
3600,4,4,150000,75,1,1,1,1,2,2,3,41.66666667
1000,2,3,13000,118,1,2,1,1,2,1,3,13
1050,2,3,16000,118,1,1,2,1,3,3,4,15.23809524
1150,2,3,5175000,24,4,1,2,1,3,3,3,4500
1225,3,3,7350000,118,1,1,3,1,5,2,3,6000
1090,2,3,5499050,90,1,2,2,1,4,1,4,5045
1260,2,3,6930000,118,1,4,2,1,3,3,3,5500
1350,3,3,9499950,118,1,1,1,2,3,2,3,7037
1900,4,4,20900000,92,1,2,2,1,1,3,3,11000
1220,4,3,6100000,118,5,3,2,1,2,3,4,5000
650,2,2,2199600,118,1,1,2,1,2,3,1,3384
1200,3,3,8400000,61,1,1,2,1,4,2,3,7000
1460,3,3,20000,90,1,1,3,1,3,3,3,13.69863014
1000,2,2,18000,90,3,2,1,1,3,2,14,18
1100,3,3,21000,118,1,1,3,1,4,3,4,19.09090909
1100,3,3,18000,118,5,3,2,2,6,3,3,16.36363636
1100,4,3,17000,90,1,2,2,1,2,3,3,15.45454545
1210,2,3,5445000,24,1,1,3,1,4,3,4,4500
1100,3,3,5500000,24,1,2,2,2,3,3,4,5000
935,2,2,4675000,40,1,2,3,2,3,3,4,5000
1313,3,3,6000410,90,1,1,1,1,1,1,3,4570
1735,3,3,11277500,40,1,1,1,1,2,2,3,6500
1600,4,4,6720000,24,1,1,3,1,3,2,6,4200
1130,3,3,5499710,90,1,1,1,3,5,2,4,4867
2600,8,6,7800000,101,4,2,2,1,4,2,4,3000
800,2,3,3200000,90,1,2,1,1,3,3,3,4000
1350,3,3,7499250,118,1,1,2,1,3,3,3,5555
700,1,1,7000,20,5,1,2,1,5,3,1,10
1200,3,3,6199200,148,1,1,1,3,2,2,3,5166
1315,3,3,11835000,92,2,1,3,3,3,4,5,9000
2000,3,3,15000000,144,1,2,2,1,3,1,1,7500
1518,3,3,11999790,157,1,2,2,1,4,1,1,7905
1200,3,3,9999600,61,1,2,3,1,2,3,5,8333
2,2,2,10000,118,1,1,1,1,1,3,3,5000
630,3,2,2400300,148,1,2,2,1,5,3,14,3810
600,1,2,2799600,148,1,1,3,1,2,2,3,4666
1735,5,3,13498300,40,1,1,2,1,4,3,3,7780
1500,3,3,9000000,40,1,2,3,1,3,3,13,6000
1200,3,3,5199600,148,1,3,3,1,2,3,4,4333
1125,3,3,6500250,24,1,1,2,1,1,3,3,5778
1240,3,3,6820000,40,1,2,3,2,3,2,3,5500
2050,3,3,13325000,40,1,1,1,1,2,3,2,6500
1115,2,3,5017500,24,3,1,2,1,1,1,3,4500
1550,3,3,8525000,24,1,3,2,1,1,2,3,5500
1570,3,3,10205000,40,1,2,3,3,2,3,3,6500
1550,3,3,7130000,24,2,3,1,1,5,4,3,4600
1425,3,3,9262500,133,1,2,2,1,4,3,3,6500
995,3,3,5472500,118,4,1,2,2,2,3,3,5500
1000,3,3,20000,101,1,1,2,1,3,3,5,20
1100,2,2,22000,110,1,1,3,1,3,3,3,20
1800,5,4,8100000,167,5,3,1,1,3,3,2,4500
1100,3,3,20000,16,1,1,3,1,1,3,2,18.18181818
1600,2,3,35000,144,1,1,1,2,4,3,3,21.875
1100,2,2,25000,90,1,2,3,1,5,3,3,22.72727273
1400,2,2,25000,92,1,2,1,3,4,2,14,17.85714286
1300,3,4,35000,116,1,2,1,1,4,2,3,26.92307692
1600,4,3,35000,116,1,1,1,1,1,3,3,21.875
1200,2,3,30000,116,1,1,3,1,1,3,3,25
900,2,2,3950100,24,2,1,1,1,4,3,4,4389
1250,3,3,32000,116,2,2,1,1,5,3,4,25.6
2500,3,3,4500,116,1,1,3,1,2,3,1,1.8
1500,3,3,6600000,24,1,2,2,1,4,3,5,4400
1400,3,3,9298800,40,1,1,2,1,4,2,3,6642
1400,3,3,11501000,40,4,2,2,2,1,3,2,8215
2950,4,4,22125000,40,5,1,2,1,2,3,4,7500
1300,3,3,8060000,40,1,2,2,1,2,1,14,6200
1030,2,2,6695000,24,1,1,2,1,1,1,3,6500
935,2,2,5329500,40,1,1,3,1,3,2,4,5700
1650,3,3,8745000,24,1,2,1,1,2,3,4,5300
1403,3,3,9999181,40,4,1,3,1,2,1,5,7127
1200,2,3,14000,90,4,1,3,1,1,3,3,11.66666667
3500,3,3,132000,75,1,2,3,1,4,3,3,37.71428571
4000,5,4,300000,75,1,1,2,1,4,3,3,75
2200,4,3,100000,75,1,1,1,2,3,3,5,45.45454545
3600,4,4,150000,75,1,1,1,1,1,2,3,41.66666667
905,2,2,4163000,145,1,3,1,1,4,2,5,4600
700,2,2,4499600,123,1,1,2,1,2,3,16,6428
1050,2,2,4200000,24,4,1,2,1,4,2,4,4000
1025,2,3,6499525,24,1,2,2,1,5,2,4,6341
650,2,2,2925000,24,1,2,2,1,5,3,13,4500
1350,3,3,8775000,92,4,2,3,1,3,1,3,6500
1450,3,3,7975000,24,4,2,2,1,3,3,2,5500
1500,3,3,11250000,124,5,1,2,1,3,3,1,7500
1400,3,3,9100000,116,1,1,1,2,3,3,3,6500
1150,3,2,4700050,24,1,2,2,2,5,3,3,4087
1300,3,3,6500000,24,4,1,1,2,2,3,2,5000
1069,3,3,4499421,24,1,1,2,1,4,3,4,4209
1250,3,3,5625000,118,1,1,1,1,3,1,3,4500
1510,3,3,14998830,123,1,1,2,4,3,2,4,9933
1050,3,3,5000100,90,1,1,1,1,4,1,3,4762
1300,3,3,10400000,118,4,1,2,2,2,3,3,8000
1245,3,3,7499880,118,1,1,3,1,2,1,3,6024
1300,3,3,6500000,90,1,1,1,2,2,3,14,5000
1300,3,3,5460000,118,4,1,1,1,1,3,1,4200
1180,3,2,4484000,103,2,1,2,1,1,3,3,3800
1800,2,3,4654800,103,1,2,2,2,4,3,4,2586
1134,2,3,5499900,90,1,2,3,1,5,3,3,4850
700,2,2,2499000,118,2,2,2,1,4,2,3,3570
816,2,2,4080000,90,1,1,2,1,1,3,3,5000
1200,3,3,5400000,145,1,1,1,2,1,3,5,4500
700,2,2,2940000,123,4,1,2,4,5,3,3,4200
1625,3,3,8498750,157,1,1,1,5,2,2,2,5230
1438,3,3,9600088,139,1,3,2,1,3,1,3,6676
1700,4,4,7990000,24,1,2,1,1,4,2,7,4700
1654,4,3,7443000,123,1,1,3,2,1,3,3,4500
1185,2,1,4147500,51,1,2,3,1,1,3,5,3500
935,3,3,4499220,123,1,2,2,1,3,2,3,4812
1908,3,3,12402000,123,4,1,2,1,1,3,3,6500
1700,3,3,8500000,102,1,2,2,2,3,3,4,5000
2056,4,3,13364000,123,1,2,3,1,2,2,3,6500
1400,3,3,10990000,123,1,1,2,1,4,1,13,7850
1590,3,3,17490000,61,1,1,2,1,3,2,3,11000
2600,3,3,18200000,145,1,1,2,1,1,3,1,7000
1800,4,3,12420000,40,1,2,2,1,4,3,3,6900
1275,3,3,8287500,145,4,2,3,1,6,2,5,6500
2377,4,4,13073500,145,1,1,1,1,3,1,4,5500
1550,3,3,10850000,40,1,2,2,2,5,2,2,7000
1680,3,3,12678960,40,4,1,3,1,4,3,3,7547
1550,3,3,9501500,40,1,1,3,2,3,3,3,6130
1450,3,3,9497500,40,1,1,2,2,3,2,3,6550
1500,4,3,4500000,167,3,1,1,1,2,3,3,3000
1460,3,3,9052000,40,1,1,2,1,3,2,4,6200
1350,3,3,20000,118,2,1,1,1,4,3,3,14.81481481
1400,3,3,22000,16,1,1,2,3,1,3,3,15.71428571
500,1,2,10000,16,4,1,2,1,1,3,4,20
800,1,2,16000,55,4,2,2,2,3,2,1,20
1350,3,3,37000,55,1,1,1,2,3,3,3,27.40740741
1400,3,3,18000,16,1,1,2,2,2,2,4,12.85714286
800,2,2,14000,16,1,1,2,1,1,3,2,17.5
1600,3,3,24000,16,1,1,2,1,1,1,3,15
1100,3,3,20000,16,1,1,1,1,3,3,4,18.18181818
1000,2,3,15000,16,1,2,2,1,4,3,3,15
1300,3,3,16000,16,1,2,1,1,2,1,3,12.30769231
1400,3,3,30000,40,1,1,1,1,3,2,3,21.42857143
2200,3,3,20000,16,1,2,2,1,1,2,5,9.090909091
1005,2,2,15000,16,1,2,2,1,1,3,12,14.92537313
1190,3,3,11067000,162,1,2,2,2,3,1,14,9300
570,1,2,2280000,101,1,1,2,1,3,1,3,4000
1775,4,3,14200000,40,3,1,2,1,4,2,4,8000
1800,4,3,12600000,92,1,1,2,2,1,3,5,7000
1200,2,3,3180000,167,1,1,3,2,3,3,3,2650
1571,3,3,14139000,92,1,1,2,1,3,3,4,9000
1730,3,3,15570000,92,1,2,2,1,5,1,3,9000
1400,3,3,10599400,92,1,1,1,1,1,3,2,7571
1575,3,3,12600000,92,1,1,2,1,5,2,3,8000
5,3,3,25650,51,1,1,3,1,6,2,4,5130
1300,2,2,30000,180,1,2,2,1,1,3,3,23.07692308
1256,3,3,15000,14,1,2,2,1,1,2,4,11.94267516
2200,2,3,14000,90,3,2,2,1,1,3,4,6.363636364
1000,2,3,3800000,31,1,1,1,1,3,2,5,3800
1600,3,3,22000,180,2,1,2,2,3,3,3,13.75
1950,3,3,55000,180,1,2,1,1,4,3,14,28.20512821
1190,3,3,6783000,162,5,2,1,1,1,2,12,5700
1450,4,3,8998700,145,1,1,3,1,4,2,3,6206
1200,3,3,10200000,61,1,1,1,2,2,3,5,8500
1215,3,3,5499090,123,1,3,2,1,3,2,3,4526
5400,3,3,28000,180,1,1,2,1,4,3,3,5.185185185
1237,3,2,8499427,119,1,2,2,1,1,3,3,6871
1430,3,3,7865000,123,1,1,2,1,2,2,3,5500
2100,4,5,15000300,24,1,1,1,1,1,1,4,7143
1500,3,3,9000000,24,1,2,1,1,5,3,3,6000
1047,2,2,6099822,24,5,1,3,2,3,1,2,5826
650,2,2,3250000,61,1,1,2,1,3,3,3,5000
1400,4,3,12199600,123,1,2,1,2,3,3,3,8714
1465,3,3,13999540,92,1,1,2,1,1,1,3,9556
1100,2,2,5280000,90,1,2,1,1,1,3,3,4800
1150,3,3,5175000,90,1,1,2,1,3,3,3,4500
1200,2,3,6693600,94,2,1,2,1,4,3,4,5578
1100,3,3,6000500,118,1,2,2,2,2,2,3,5455
1069,3,3,4499421,24,1,2,1,1,2,3,3,4209
1537,3,3,8999135,94,1,1,1,2,1,1,3,5855
1000,2,3,5000000,118,1,1,3,1,3,3,4,5000
1255,2,3,6500900,94,3,1,2,1,2,3,4,5180
330,1,2,990000,110,1,1,1,1,1,1,3,3000
1308,3,3,6670800,90,1,1,2,1,5,2,3,5100
725,2,2,2699900,118,1,3,2,2,3,3,14,3724
2200,4,4,60000,55,1,2,2,1,3,2,2,27.27272727
1280,3,3,30000,180,1,2,2,2,3,3,3,23.4375
1500,3,3,30000,180,1,1,1,1,1,1,4,20
1500,3,3,60000,180,1,2,1,1,2,2,4,40
1650,4,3,28000,180,1,1,1,1,3,3,3,16.96969697
1600,3,3,36000,180,1,2,2,2,3,3,1,22.5
2030,3,4,42000,180,1,2,1,1,4,1,3,20.68965517
1566,3,3,20000,180,1,1,3,1,2,2,4,12.77139208
1300,3,3,30000,180,1,1,2,4,3,1,4,23.07692308
1000,2,2,24000,180,1,1,1,2,2,2,1,24
1400,3,3,28000,40,1,1,2,1,1,1,2,20
3150,5,4,150000,40,1,1,3,1,5,2,5,47.61904762
2300,2,3,75000,54,1,1,1,1,2,2,2,32.60869565
2600,4,4,110000,55,1,1,2,1,3,2,3,42.30769231
2700,4,4,120000,55,1,3,2,1,3,1,5,44.44444444
2200,4,3,50000,55,1,2,1,2,2,2,4,22.72727273
1600,3,3,30000,40,1,2,1,2,3,2,4,18.75
500,2,2,2500000,90,1,1,2,1,1,3,5,5000
1150,3,3,4370000,59,2,1,2,1,3,2,4,3800
900,2,2,4500000,145,1,2,1,1,1,2,4,5000
850,2,2,3570000,59,1,2,2,1,4,1,3,4200
1220,3,3,5490000,145,1,2,3,1,5,3,3,4500
1250,2,3,6000000,59,1,2,2,2,2,3,3,4800
840,2,2,4032000,101,4,1,2,1,2,3,2,4800
1510,3,3,6493000,145,1,1,1,1,1,3,3,4300
900,2,2,3400200,90,1,2,1,1,2,3,5,3778
1050,3,2,5000100,90,1,1,2,1,2,3,3,4762
1025,2,3,5535000,90,1,1,2,1,3,3,3,5400
2600,4,4,90000,55,1,2,2,1,4,1,3,34.61538462
2200,3,3,20000,16,1,1,3,1,3,1,4,9.090909091
1140,3,3,20000,16,1,1,2,1,4,3,3,17.54385965
1320,3,3,5808000,59,3,2,1,3,1,3,3,4400
1220,3,3,14030000,123,1,1,2,1,3,1,4,11500
1235,3,3,5557500,59,2,1,3,1,4,2,2,4500
1390,3,3,7019500,162,1,1,2,1,1,2,3,5050
1100,3,3,4950000,59,1,1,1,1,1,3,4,4500
1225,3,3,6125000,162,1,1,2,1,2,1,4,5000
1144,3,3,6292000,123,1,2,1,2,1,1,3,5500
1382,3,3,6910000,162,1,1,2,1,3,3,4,5000
1596,2,3,7501200,90,1,2,2,1,3,3,5,4700
1520,3,3,11096000,123,1,1,3,1,1,2,1,7300
1090,2,3,5668000,90,1,2,1,1,2,3,2,5200
1135,3,3,4313000,59,2,2,1,1,1,2,4,3800
1375,3,3,10037500,139,1,1,2,1,3,3,4,7300
1100,3,3,5060000,90,1,2,2,1,5,1,4,4600
1100,3,3,4840000,24,1,3,2,1,3,3,11,4400
1147,3,3,5098415,118,2,1,2,1,2,2,3,4445
1438,3,3,10066000,139,4,1,2,2,4,1,3,7000
1200,3,3,8040000,139,1,2,3,1,2,3,3,6700
1350,3,3,6480000,118,1,1,3,1,1,3,3,4800
1135,3,3,8001750,139,4,1,2,1,3,3,3,7050
950,2,2,4560000,90,1,1,2,1,4,2,4,4800
1472,3,4,6624000,90,1,2,3,1,2,3,4,4500
200,3,3,30000,180,1,1,2,1,1,1,3,150
2900,3,3,250000,75,1,3,1,1,2,1,4,86.20689655
2350,3,3,150000,54,1,1,1,1,3,3,3,63.82978723
3000,6,4,90000,75,1,2,2,2,2,2,3,30
1800,2,2,45000,57,1,1,1,1,1,3,4,25
2200,3,3,50000,75,4,2,2,1,3,3,4,22.72727273
1680,2,2,40000,57,1,2,3,1,2,2,4,23.80952381
2600,4,4,110000,54,1,1,2,3,4,1,6,42.30769231
2800,3,3,90000,57,1,1,2,2,2,3,4,32.14285714
2300,3,4,6000,57,3,1,2,2,3,3,3,2.608695652
2650,5,5,80000,54,1,2,3,1,2,2,3,30.18867925
1200,2,2,25000,57,1,2,1,1,1,3,3,20.83333333
2200,4,4,100000,57,4,2,3,1,5,3,3,45.45454545
1200,1,2,20000,57,1,1,2,1,1,3,3,16.66666667
1800,3,2,65000,57,3,1,2,1,2,3,2,36.11111111
1150,3,2,6900000,170,1,1,2,1,3,2,3,6000
1000,2,2,4000000,170,1,1,1,1,1,3,3,4000
1238,3,3,6500738,31,1,1,2,1,3,1,3,5251
1096,3,3,6028000,118,1,1,2,1,3,2,14,5500
1500,3,4,6000000,59,1,1,1,1,4,3,3,4000
1850,3,3,22200000,31,3,2,2,2,2,3,4,12000
1040,3,2,5500560,31,1,2,2,1,1,3,3,5289
3000,3,3,90000,57,1,2,1,2,3,3,13,30
1322,2,3,5288000,59,3,1,1,1,4,2,3,4000
1263,3,3,5557200,126,1,1,1,1,4,3,4,4400
1200,3,3,4800000,59,1,1,2,1,2,2,1,4000
936,2,2,2800512,118,1,1,3,1,2,1,3,2992
850,2,2,4600200,118,1,1,3,1,2,2,3,5412
1100,2,3,30000,180,1,1,3,2,3,2,4,27.27272727
2284,4,3,42000,180,1,2,3,1,2,3,4,18.38879159
1350,3,3,40000,22,1,1,1,1,3,2,11,29.62962963
1706,4,3,10236000,51,1,2,2,1,1,3,3,6000
900,3,3,5000400,123,1,1,2,1,3,3,3,5556
810,2,2,5499900,34,1,2,1,1,5,3,3,6790
1500,3,3,11025000,40,1,2,2,1,3,1,4,7350
1200,3,3,6000000,24,1,2,2,1,2,2,3,5000
1100,3,3,6501000,24,1,1,1,1,1,3,3,5910
1030,3,3,5999750,34,1,2,2,1,2,2,3,5825
2435,4,4,14123000,51,1,1,1,1,2,3,4,5800
2200,4,4,15400000,119,1,3,1,1,1,3,4,7000
1350,3,3,1000350,118,1,2,2,1,1,1,3,741
1810,3,3,12670000,118,1,1,2,1,1,3,3,7000
1071,2,3,3748500,59,1,2,2,1,2,1,3,3500
890,2,2,5000020,24,1,1,2,1,4,3,4,5618
1320,3,3,7260000,61,1,2,2,1,4,3,3,5500
1100,3,3,6600000,123,2,2,2,2,2,3,1,6000
930,2,2,3999000,61,2,1,1,2,1,3,1,4300
835,2,2,2700390,148,1,2,2,1,3,3,13,3234
1060,2,2,4770000,148,3,3,2,1,1,3,5,4500
1100,3,3,4800400,148,1,1,2,1,3,3,4,4364
1150,3,3,5600500,148,5,1,1,2,1,2,3,4870
2335,5,4,20001610,67,1,1,3,1,1,2,2,8566
630,2,2,2700180,148,1,1,1,1,2,1,14,4286
1600,7,4,16800000,124,1,1,2,1,3,2,3,10500
1250,2,3,2600000,45,1,1,2,2,1,3,3,2080
1765,3,3,36000,40,2,1,3,1,3,1,3,20.39660057
1650,3,3,30000,40,1,1,3,1,2,2,3,18.18181818
1472,3,3,30000,40,3,2,2,1,3,3,3,20.38043478
1650,3,3,45000,54,4,1,1,2,2,2,3,27.27272727
1850,4,3,36000,40,1,1,2,1,1,2,3,19.45945946
2150,3,3,45000,40,2,1,2,1,1,3,3,20.93023256
1500,2,3,30000,40,1,2,1,1,3,2,3,20
1400,4,3,65000,40,4,2,3,1,3,1,4,46.42857143
2008,3,5,45000,40,1,1,2,1,2,3,3,22.41035857
1860,3,3,35000,40,4,1,2,1,3,3,4,18.8172043
2000,3,3,53000,22,1,1,2,1,1,2,4,26.5
2100,4,3,40000,40,1,1,3,1,3,2,3,19.04761905
2100,4,3,40000,40,1,1,2,1,4,3,3,19.04761905
1881,3,3,40000,40,4,1,1,1,4,3,3,21.26528442
1770,4,3,32000,180,1,2,1,2,3,3,5,18.07909605
1200,3,3,35000,134,1,1,2,1,2,3,5,29.16666667
850,2,2,11000,138,5,2,2,1,4,3,4,12.94117647
2050,3,3,35000,40,1,1,3,1,4,3,3,17.07317073
500,2,2,35000,54,5,1,2,2,4,3,3,70
1779,3,3,13787250,123,1,2,2,1,1,3,4,7750
1050,2,3,5040000,110,1,2,2,2,2,2,14,4800
1030,3,3,3499940,31,1,1,2,1,1,3,15,3398
1565,3,3,17000595,123,1,4,1,2,2,2,3,10863
815,2,2,2526500,31,1,1,2,1,4,3,4,3100
1100,3,3,4499000,118,1,1,2,1,4,3,3,4090
1265,3,3,5692500,123,1,1,2,1,3,3,3,4500
1172,4,3,5500196,118,1,2,3,1,3,3,3,4693
2150,3,4,17501000,56,4,2,3,1,2,1,7,8140
1100,3,3,5016000,118,1,3,2,2,3,1,4,4560
1235,3,3,6792500,118,1,3,3,1,4,3,3,5500
1025,2,3,4100000,118,1,1,2,1,2,2,3,4000
1200,3,3,5500800,118,1,1,1,1,2,3,3,4584
1200,3,3,4200000,118,1,1,1,1,4,3,3,3500
982,2,2,4124400,118,1,1,3,1,3,3,1,4200
1146,3,3,5157000,31,1,1,2,2,1,3,2,4500
810,2,2,3726000,94,1,1,2,1,3,3,4,4600
1050,3,3,4725000,162,1,1,2,2,5,3,3,4500
1000,3,3,9000000,94,1,2,2,1,2,1,3,9000
1665,3,4,11655000,81,1,1,1,2,2,2,12,7000
1118,3,3,1249924,162,5,1,2,1,1,3,4,1118
1155,3,3,4389000,151,1,2,1,3,4,2,3,3800
1100,2,3,4950000,145,4,1,2,1,3,3,5,4500
2200,4,3,16500000,56,1,1,1,1,4,1,3,7500
1470,3,3,5145000,50,1,1,3,1,3,2,1,3500
1155,3,3,4389000,118,1,1,2,1,4,3,3,3800
670,2,2,2345000,118,5,1,2,1,3,3,3,3500
1675,3,3,10887500,123,4,1,2,1,2,2,1,6500
2000,3,4,45000,40,1,1,1,2,4,3,3,22.5
1500,3,3,32000,40,4,1,3,2,4,3,3,21.33333333
1850,3,3,40000,40,1,2,2,1,4,2,3,21.62162162
2200,2,3,22000,40,1,2,2,1,3,3,2,10
1450,3,3,30000,40,1,1,1,1,1,2,1,20.68965517
1420,3,3,30000,40,1,2,1,2,3,3,3,21.12676056
2590,4,5,450000,40,1,1,2,1,3,2,3,173.7451737
1850,4,3,30000,40,2,2,1,1,4,3,3,16.21621622
1300,3,3,22000,40,2,1,2,2,3,2,4,16.92307692
1150,3,3,3450000,70,1,2,2,1,1,3,3,3000
1450,6,3,50000,40,1,2,2,4,1,4,4,34.48275862
1100,2,2,2530000,167,2,1,2,1,2,2,6,2300
2100,4,4,50000,40,1,1,2,1,1,3,4,23.80952381
3000,3,4,11898000,76,4,2,3,1,3,2,3,3966
1250,2,3,5625000,123,1,1,3,1,3,3,3,4500
1047,2,3,6199287,24,1,1,1,1,2,2,3,5921
2600,5,4,24960000,31,1,2,2,1,4,4,15,9600
1350,3,3,4725000,50,2,1,2,1,6,2,3,3500
1225,3,3,3430000,84,1,2,1,1,2,2,3,2800
1360,3,3,4760000,50,5,1,2,2,3,2,4,3500
1150,3,3,7475000,144,2,2,2,1,4,3,4,6500
1200,3,3,5400000,14,1,2,2,1,1,3,3,4500
1100,2,2,3699300,145,1,1,2,1,2,2,4,3363
1750,4,5,1750,40,1,2,2,1,1,3,1,1
2200,3,4,50000,40,5,3,1,1,2,2,4,22.72727273
1275,3,3,25000,40,1,2,2,1,5,3,3,19.60784314
1275,6,3,32200,40,1,2,3,1,4,3,3,25.25490196
2300,4,4,45000,40,1,2,3,1,3,3,4,19.56521739
2,3,3,13000,133,1,2,2,1,2,3,3,6500
1585,3,3,13499445,92,1,2,1,1,2,3,3,8517
1250,3,3,4375000,51,1,1,1,1,2,2,3,3500
1505,4,3,4816000,24,1,1,1,2,1,3,4,3200
850,3,3,3570000,124,1,2,2,1,5,3,3,4200
1430,3,3,4282850,24,1,1,1,1,1,3,3,2995
1943,3,3,10647640,51,4,1,3,1,5,3,12,5480
950,2,2,3325000,51,5,2,1,1,1,2,3,3500
1980,3,3,11880000,51,1,1,2,1,5,3,3,6000
1650,3,3,30000,40,1,2,2,2,4,2,5,18.18181818
1370,3,3,8905000,124,4,1,2,1,2,3,4,6500
1600,3,3,30000,40,1,2,2,1,3,2,3,18.75
1650,3,3,30000,40,1,1,1,1,3,3,3,18.18181818
2400,3,3,60000,40,1,1,2,1,4,3,4,25
1250,2,3,55000,61,1,1,2,1,1,2,4,44
700,2,2,19000,123,1,1,1,1,2,2,3,27.14285714
2000,3,3,45000,92,1,2,1,1,1,3,1,22.5
1150,3,3,20000,16,1,1,2,1,1,1,3,17.39130435
1400,3,3,30000,92,1,2,3,2,2,3,4,21.42857143
1150,3,3,23000,183,1,1,1,1,2,1,1,20
2480,4,4,60000,179,1,2,2,2,3,2,3,24.19354839
3350,3,3,150000,22,1,1,3,2,2,2,3,44.7761194
2450,2,2,50000,22,5,1,3,3,1,3,4,20.40816327
1577,3,3,11827500,119,4,2,2,1,1,3,5,7500
1577,4,3,11827500,119,1,1,3,1,4,1,1,7500
1150,2,3,30000,123,1,3,1,2,1,2,3,26.08695652
1150,3,3,4025000,51,1,1,3,1,2,3,4,3500
1210,2,3,4840000,24,2,2,2,1,4,2,4,4000
1550,3,3,5425000,143,1,1,2,1,3,3,1,3500
2430,4,3,100000,22,1,2,1,1,4,3,6,41.15226337
1120,3,3,7499520,144,1,1,1,1,4,1,3,6696
2600,4,3,200000,22,1,2,2,1,1,3,3,76.92307692
2150,4,4,15480000,56,1,1,2,1,3,3,1,7200
1100,3,3,4400000,24,1,1,1,2,3,1,5,4000
1550,2,3,40000,22,1,1,3,1,2,2,4,25.80645161
1100,3,3,6600000,162,2,2,2,1,1,1,3,6000
1245,1,3,5602500,145,1,1,1,2,3,2,4,4500
1245,3,3,5602500,145,1,1,3,1,5,3,3,4500
1880,3,3,30000,22,1,2,2,1,1,2,3,15.95744681
1943,3,3,16499956,51,3,1,1,1,1,3,3,8492
1250,3,3,5625000,51,2,2,3,5,4,3,3,4500
1600,3,3,30000,40,1,2,3,1,3,2,4,18.75
2200,2,3,70000,40,1,1,2,1,6,3,4,31.81818182
760,2,2,3000480,123,1,1,1,1,4,3,3,3948
2150,3,3,40000,40,2,1,1,1,2,1,3,18.60465116
2400,2,3,45000,40,1,2,3,1,1,3,4,18.75
1500,4,3,18000,123,1,3,1,1,1,1,4,12
1850,3,4,40000,40,1,1,1,1,2,3,1,21.62162162
700,2,2,3000200,123,1,1,3,1,2,2,3,4286
1575,4,3,7875000,118,1,1,2,1,2,2,4,5000
1000,2,2,2850000,117,1,1,2,1,3,2,3,2850
2050,3,4,10250000,51,1,2,2,1,1,3,4,5000
985,2,2,2807250,117,1,2,1,2,1,3,4,2850
3000,5,6,15000000,144,1,2,3,1,1,1,3,5000
1706,3,3,10236000,51,1,1,1,2,3,3,1,6000
1250,5,3,4750000,51,4,1,1,3,1,1,3,3800
1235,3,3,7904000,123,1,1,1,1,2,2,3,6400
2200,4,4,15400000,118,3,2,2,1,4,3,3,7000
1500,2,2,32000,61,1,1,1,2,1,2,4,21.33333333
2500,3,3,45000,180,2,1,2,1,1,2,3,18
1500,4,3,30000,180,1,1,2,2,4,1,1,20
2090,3,3,45000,180,1,1,1,1,4,3,4,21.53110048
1800,4,3,60000,180,1,2,2,2,4,2,3,33.33333333
1220,2,3,32000,134,1,2,1,2,2,3,3,26.2295082
1150,2,3,23000,180,1,1,1,1,1,3,6,20
1500,3,3,25000,180,1,2,1,1,1,3,4,16.66666667
1300,3,3,25000,34,1,1,2,1,4,1,3,19.23076923
1500,2,3,30000,180,1,1,2,1,4,3,4,20
400,2,2,12500,86,1,1,2,1,5,2,3,31.25
1300,1,1,24000,34,3,1,2,1,2,3,3,18.46153846
900,2,2,20000,16,1,2,3,1,4,2,4,22.22222222
2000,2,2,80000,180,5,1,2,1,3,3,1,40
1500,3,3,35000,180,1,2,2,1,1,1,3,23.33333333
850,2,2,14000,14,1,2,2,2,2,2,1,16.47058824
1400,2,3,11000,86,1,2,2,1,2,1,3,7.857142857
1210,3,3,5203000,131,1,1,2,2,4,3,4,4300
965,4,3,4246000,123,4,1,2,1,3,1,4,4400
1875,1,3,18000000,144,1,2,2,1,2,3,1,9600
1040,2,3,3952000,101,2,2,1,3,2,3,1,3800
1410,3,3,7755000,47,4,1,1,1,3,3,3,5500
1150,4,3,4370000,51,1,1,2,2,3,2,2,3800
2200,4,4,14740000,56,1,1,2,3,3,2,4,6700
1000,2,2,5500000,123,3,1,1,1,5,2,3,5500
1400,3,3,47000,123,1,1,2,1,1,3,3,33.57142857
1300,3,4,12000300,123,1,2,2,1,1,2,2,9231
1900,3,3,13870000,119,3,1,3,1,1,3,3,7300
1675,4,3,17044800,123,1,1,2,2,3,3,3,10176
1250,3,3,11500000,123,1,1,3,2,4,3,1,9200
2035,4,4,8547000,167,1,3,2,1,3,2,4,4200
1000,2,3,5600000,138,2,2,2,1,5,3,3,5600
720,2,2,4600800,92,1,2,2,1,1,3,14,6390
725,2,2,3516250,123,1,2,2,1,5,1,3,4850
1140,3,3,6798960,123,4,1,2,2,1,3,3,5964
2200,4,4,11880000,145,1,2,2,1,1,2,3,5400
1415,4,3,7782500,51,1,1,2,1,3,1,4,5500
1100,3,3,6050000,124,1,1,2,1,2,1,3,5500
850,1,2,4799950,145,1,1,1,1,1,3,3,5647
975,2,3,3999450,123,1,1,2,1,3,3,3,4102
975,2,3,3500250,123,1,1,2,2,1,2,3,3590
6,3,3,16800,173,4,1,2,1,3,2,3,2800
1785,3,4,12495000,139,5,2,2,1,3,3,5,7000
3119,3,4,24952000,144,1,1,1,3,5,3,3,8000
1150,3,3,4945000,51,1,2,2,1,2,3,3,4300
1600,2,2,4000000,167,1,2,1,1,3,3,2,2500
1500,3,3,7425000,145,1,1,2,1,3,3,4,4950
1294,3,3,5952400,94,2,1,1,1,4,2,4,4600
650,1,1,2399800,119,1,1,3,2,4,1,5,3692
1840,3,3,10120000,133,1,1,3,2,1,1,4,5500
1200,2,2,7500000,131,1,1,3,3,1,2,3,6250
850,2,2,3825000,145,5,1,3,2,2,2,4,4500
1720,3,3,15136000,144,1,2,3,1,3,3,3,8800
1300,3,3,6500000,24,1,1,2,2,1,3,1,5000
3100,4,4,18600000,133,1,1,2,1,3,1,3,6000
1720,3,3,15136000,144,2,2,1,2,3,1,3,8800
800,1,2,14000,116,1,1,1,1,2,2,4,17.5
2750,6,5,80000,180,1,1,2,1,3,3,4,29.09090909
1800,2,3,20000,123,1,1,1,1,1,2,4,11.11111111
1800,3,3,21000,123,1,2,1,1,3,2,3,11.66666667
700,1,1,15000,123,1,2,2,1,3,2,2,21.42857143
1375,3,3,35000,180,5,2,2,1,1,1,3,25.45454545
860,2,2,13000,123,1,1,2,1,3,3,4,15.11627907
1250,3,2,24000,116,4,1,2,1,1,2,4,19.2
1500,4,3,50000,123,1,2,1,1,4,3,4,33.33333333
1250,3,3,20000,14,1,2,2,1,1,2,3,16
1400,3,3,25000,123,3,2,1,3,3,2,5,17.85714286
1300,3,3,25000,14,1,1,3,2,4,2,4,19.23076923
1350,3,3,25000,14,1,2,2,1,2,2,3,18.51851852
800,2,2,15000,14,1,2,1,1,2,3,5,18.75
1450,3,3,35000,74,1,2,2,1,3,3,3,24.13793103
1440,3,3,28000,123,1,2,1,4,5,3,4,19.44444444
1100,2,2,18000,14,1,1,3,1,4,3,1,16.36363636
800,2,2,15000,14,2,1,1,1,2,1,4,18.75
1100,2,2,16000,14,1,1,2,1,1,2,2,14.54545455
910,2,3,3458000,101,1,1,1,1,1,3,3,3800
1200,2,3,7299600,162,1,2,1,1,1,3,4,6083
1050,2,3,4935000,24,1,1,2,1,3,1,3,4700
1250,3,3,5625000,145,1,1,3,1,2,3,4,4500
1450,3,3,9425000,116,2,2,3,1,1,3,3,6500
1000,2,2,6800000,123,1,2,1,1,1,3,4,6800
600,2,2,2799600,123,1,1,1,1,3,1,3,4666
1210,3,3,3267000,150,1,1,1,1,1,3,4,2700
1110,2,3,21000,123,1,1,1,1,2,3,3,18.91891892
860,2,2,5160000,124,1,2,1,1,2,2,13,6000
1025,2,3,6662500,123,3,2,1,1,3,3,3,6500
950,2,2,5700000,123,1,1,3,3,1,1,4,6000
660,2,2,2100120,131,5,1,1,1,2,3,3,3182
2200,5,4,15400000,56,1,3,2,1,1,2,3,7000
1380,4,3,7500300,124,3,2,2,2,3,3,3,5435
2200,3,4,18700000,139,1,2,1,1,4,2,1,8500
1113,3,3,6000183,51,1,1,2,1,1,1,12,5391
1450,3,3,6800500,51,1,1,3,1,2,3,4,4690
1150,3,3,4025000,103,1,1,2,2,2,3,4,3500
1030,3,3,4120000,131,1,1,2,1,1,3,16,4000
1300,3,3,5200000,51,1,1,2,1,3,3,4,4000
1550,3,3,6200000,51,4,1,2,2,3,3,3,4000
1618,4,3,9999240,51,3,1,2,1,3,2,5,6180
1750,4,4,9999500,51,1,1,3,1,1,3,4,5714
1050,2,3,5999700,51,1,3,2,1,2,3,4,5714
825,2,2,3499650,51,3,1,2,1,5,2,4,4242
2100,4,4,9450000,51,1,1,1,1,4,3,3,4500
1400,3,3,47000,123,1,3,2,1,3,1,3,33.57142857
1390,3,3,23000,14,2,2,1,2,4,2,1,16.54676259
1600,4,3,25000,162,1,2,2,1,2,3,1,15.625
1350,3,3,30000,162,1,1,2,1,3,3,4,22.22222222
1600,4,3,25000,162,1,2,1,1,4,3,12,15.625
2400,5,4,55000,180,1,1,1,2,5,1,3,22.91666667
1350,2,3,20000,162,1,2,3,2,3,2,1,14.81481481
3000,4,4,100000,31,1,1,2,2,3,3,3,33.33333333
3200,5,4,120000,74,2,1,3,1,3,3,4,37.5
1750,3,3,30000,123,1,1,2,1,3,3,3,17.14285714
1905,3,3,35000,123,1,3,2,1,1,3,5,18.37270341
1470,3,3,30000,123,1,2,3,1,1,3,1,20.40816327
2900,3,3,80000,31,4,2,2,1,2,1,5,27.5862069
1220,2,2,1220,123,1,1,1,1,4,3,3,1
2500,4,4,125000,74,1,2,2,1,1,3,2,50
3200,4,4,200000,74,1,1,3,2,4,2,3,62.5
2200,3,3,50000,180,1,1,1,1,5,3,3,22.72727273
3500,4,4,250000,75,1,1,3,1,3,1,4,71.42857143
2250,5,4,80000,180,1,2,1,1,3,3,2,35.55555556
4000,5,4,110000,40,1,3,1,1,2,3,3,27.5
1050,3,3,4200000,145,1,2,2,1,4,2,3,4000
1470,3,3,7497000,123,1,1,2,3,4,1,4,5100
1455,3,3,6800670,51,4,2,2,2,3,3,4,4674
1150,2,3,6325000,133,1,1,1,1,2,3,3,5500
1407,3,3,5346600,24,1,2,3,5,1,3,3,3800
1312,3,3,4985600,24,1,2,2,1,3,3,3,3800
900,3,4,4500000,133,1,2,2,1,3,3,3,5000
970,1,3,4300010,123,5,1,2,1,3,2,4,4433
1384,3,3,5812800,26,1,2,1,1,2,3,3,4200
510,1,2,2799900,53,2,2,1,1,2,3,1,5490
1200,2,3,7680000,40,1,1,2,1,3,3,3,6400
750,1,1,9000000,139,1,1,2,1,4,2,4,12000
1000,2,2,3600000,51,1,2,3,1,3,2,2,3600
1200,2,3,7680000,40,5,2,1,2,1,3,3,6400
1800,3,4,13500000,51,1,4,1,2,4,2,3,7500
1100,3,3,7150000,56,1,2,3,3,2,3,4,6500
1506,3,3,10542000,175,1,1,2,1,4,2,3,7000
900,2,3,2430000,158,1,2,1,1,4,3,3,2700
1200,3,3,4140000,143,1,2,1,1,4,3,3,3450
1500,2,3,15000000,144,4,1,2,1,1,3,3,10000
1200,3,3,4140000,143,1,1,2,1,1,1,4,3450
1300,3,3,10400000,116,1,2,1,3,2,3,13,8000
1050,3,3,5775000,67,1,1,2,1,3,1,3,5500
800,2,2,3600000,145,1,2,2,1,2,3,5,4500
950,2,2,3800000,145,2,1,3,1,3,3,3,4000
1150,2,3,5175000,145,1,2,2,1,4,3,4,4500
1541,4,3,4314800,143,1,2,1,2,3,1,1,2800
1760,4,3,5632000,167,1,1,3,1,2,2,3,3200
1200,3,3,4140000,143,1,1,2,1,1,3,3,3450
1085,3,3,3580500,143,1,2,2,1,2,3,3,3300
1313,3,3,3939000,143,1,1,1,1,3,3,3,3000
1030,2,3,3999490,150,5,1,1,2,3,2,3,3883
2017,4,4,18153000,144,1,3,1,1,2,2,3,9000
1320,4,4,5016000,167,1,2,3,1,3,2,3,3800
1455,3,3,10912500,144,1,1,2,1,4,3,4,7500
1255,3,3,5647500,145,1,2,1,1,3,3,4,4500
1200,2,3,3060000,167,2,2,3,2,5,1,3,2550
4000,3,3,320000,31,1,1,2,1,3,1,3,80
4000,5,4,160000,31,1,1,3,1,5,3,3,40
2200,3,4,45000,162,1,2,2,2,3,2,3,20.45454545
1800,3,3,80000,22,1,2,2,1,3,3,3,44.44444444
3700,6,4,250000,31,1,2,3,1,4,2,3,67.56756757
2000,2,2,20000,116,1,2,2,1,2,3,5,10
2000,2,2,70000,31,1,1,1,3,1,1,3,35
3500,4,4,160000,75,1,2,2,1,3,3,3,45.71428571
3700,5,4,150000,31,5,2,1,1,2,2,3,40.54054054
2400,3,3,80000,61,4,2,1,1,1,3,3,33.33333333
2200,3,3,65000,74,2,2,3,2,1,2,3,29.54545455
2280,4,3,65000,74,2,2,3,5,3,2,9,28.50877193
1150,2,3,25000,101,1,2,1,1,3,2,3,21.73913043
5500,6,5,400000,75,1,1,2,1,6,3,3,72.72727273
1800,2,3,16000,101,1,2,2,1,1,1,3,8.888888889
2500,4,3,22000,101,1,2,2,1,3,3,3,8.8
2500,2,2,18000,101,1,1,2,1,3,2,3,7.2
1800,3,3,60000,74,1,1,2,1,4,2,3,33.33333333
1800,3,3,115000,74,1,1,2,1,1,3,3,63.88888889
1155,3,3,4999995,145,1,1,1,1,2,2,3,4329
2009,4,3,16072000,144,1,2,2,1,2,1,5,8000
2080,4,4,13000000,162,4,1,2,1,3,3,3,6250
1229,3,3,4301500,51,4,2,2,1,4,2,1,3500
1025,2,3,6500550,145,1,4,3,1,1,2,4,6342
1100,2,2,2999700,167,4,1,2,1,2,1,3,2727
1160,3,3,5999520,145,5,1,2,1,2,3,4,5172
1200,2,3,6500400,143,1,2,3,1,1,2,4,5417
1071,3,3,3855600,143,1,1,2,1,3,2,4,3600
1625,3,3,5200000,143,1,1,1,1,1,3,4,3200
1030,3,3,3811000,145,2,1,3,1,3,1,12,3700
3,6,3,15600,51,4,1,2,1,3,2,14,5200
2400,4,4,9600000,167,1,1,1,1,1,3,3,4000
1140,2,3,5130000,170,1,2,1,1,1,3,3,4500
1150,2,3,6003000,145,1,2,2,3,1,2,4,5220
1071,3,3,3855600,143,5,2,1,1,2,3,4,3600
2360,3,3,70000,55,1,2,1,1,1,2,4,29.66101695
3500,4,3,150000,31,3,1,1,1,3,3,4,42.85714286
2200,5,4,75000,54,4,1,2,1,3,3,4,34.09090909
1100,2,2,55000,74,4,2,3,1,3,2,3,50
2500,4,4,70000,55,1,1,1,2,2,3,3,28
1300,4,3,45000,55,1,1,2,1,1,3,2,34.61538462
2630,4,4,110000,55,2,2,3,1,4,2,2,41.82509506
500,1,2,20000,54,1,1,3,1,2,2,4,40
2200,3,3,250000,54,1,3,2,1,2,2,3,113.6363636
2300,3,3,50000,54,1,1,3,2,2,2,3,21.73913043
1250,3,3,15000,123,1,1,2,1,2,2,4,12
1600,4,3,120000,54,1,2,2,1,3,3,3,75
1800,3,3,50000,54,1,2,3,1,1,2,3,27.77777778
1900,3,3,90000,31,1,1,1,1,3,1,2,47.36842105
1205,3,3,26000,101,1,1,1,1,1,2,2,21.57676349
2200,5,3,120000,54,1,2,2,1,4,2,1,54.54545455
3100,4,4,300000,75,4,1,1,1,5,3,3,96.77419355
900,2,2,16000,123,1,1,2,4,1,3,3,17.77777778
1200,2,2,17000,20,1,1,2,1,3,1,4,14.16666667
1720,3,4,27000,40,1,3,1,1,1,3,13,15.69767442
1100,2,3,16500,118,1,2,1,1,3,3,4,15
2210,4,3,90000,22,2,1,1,1,2,2,4,40.7239819
1700,2,3,22000,61,1,2,3,1,4,3,3,12.94117647
2200,4,3,75000,22,1,2,1,1,1,2,4,34.09090909
1585,4,3,28000,179,1,2,3,1,2,2,3,17.66561514
1400,3,3,45000,22,1,2,2,1,1,2,5,32.14285714
2800,5,4,100000,22,1,2,3,3,3,3,4,35.71428571
2200,4,3,68000,22,1,1,3,2,1,3,4,30.90909091
2800,4,3,1010000,22,1,1,3,2,3,2,3,360.7142857
1900,3,3,22000,20,1,2,1,1,4,3,3,11.57894737
1800,3,3,22000,20,1,1,1,2,2,2,4,12.22222222
1200,2,2,20000,123,1,2,1,1,5,3,3,16.66666667
1800,3,3,22000,20,1,2,2,1,1,3,14,12.22222222
3750,5,4,140000,61,1,2,2,1,5,2,5,37.33333333
1850,3,3,33000,61,1,1,3,1,4,2,3,17.83783784
1200,3,3,35000,61,5,3,2,1,1,3,4,29.16666667
400,1,1,4000,145,4,1,2,2,5,1,4,10
1200,1,2,20000,119,1,2,1,1,2,2,3,16.66666667
1000,1,2,12000,145,1,1,2,1,1,3,3,12
1900,3,3,48000,61,1,2,1,1,1,1,4,25.26315789
800,1,2,9000,145,1,2,1,1,2,2,4,11.25
1900,5,4,60000,31,1,1,2,1,1,2,5,31.57894737
1200,1,2,1300,145,1,2,2,2,1,2,1,1.083333333
1000,3,3,25000,61,1,1,2,1,2,3,3,25
1800,3,3,35000,31,1,1,1,1,2,2,3,19.44444444
2480,5,4,60000,31,1,1,3,1,2,3,4,24.19354839
2000,4,4,48000,31,1,1,2,1,2,2,3,24
2000,4,4,50000,31,1,2,3,1,2,3,1,25
2300,4,3,55000,61,1,1,1,1,4,3,3,23.91304348
2250,4,3,45000,40,2,1,2,2,2,3,8,20
1800,4,3,30000,40,4,2,2,1,4,2,3,16.66666667
1250,3,3,25000,40,1,1,1,1,4,2,3,20
2025,3,3,40000,40,1,1,3,2,3,2,3,19.75308642
600,1,2,15000,135,1,1,3,1,4,3,3,25
3000,4,4,100000,135,1,2,2,1,2,2,3,33.33333333
800,1,2,10000,135,1,2,2,1,3,2,3,12.5
1380,3,3,30000,134,1,2,2,2,3,2,2,21.73913043
1175,2,3,23000,20,1,2,1,2,5,3,3,19.57446809
1300,3,3,35000,134,1,2,2,1,1,3,4,26.92307692
1600,3,3,75000,57,1,1,2,2,3,3,14,46.875
1400,2,3,40000,57,3,1,1,1,2,3,3,28.57142857
1500,4,3,40000,134,1,1,1,1,3,2,3,26.66666667
1565,3,3,35000,134,4,2,2,1,1,3,3,22.36421725
1250,3,3,30000,134,1,1,2,1,2,2,5,24
1100,2,3,40000,22,1,2,2,2,4,3,4,36.36363636
1200,2,3,35000,134,1,2,1,1,4,1,4,29.16666667
4200,4,4,230000,75,1,1,2,1,3,2,3,54.76190476
1250,3,3,22000,40,1,1,2,2,4,3,4,17.6
4200,5,4,220000,74,1,1,1,2,2,3,4,52.38095238
2656,3,3,90000,74,1,2,2,2,4,3,3,33.88554217
4000,4,3,160000,75,1,1,3,1,1,2,3,40
2200,3,3,60000,74,1,2,2,2,2,3,4,27.27272727
2200,3,3,90000,74,1,1,1,1,4,2,4,40.90909091
3200,4,3,70000,74,1,2,2,2,3,2,2,21.875
3200,5,5,150000,74,2,1,2,1,3,1,4,46.875
2000,3,3,45000,40,1,1,2,1,2,2,1,22.5
2200,4,3,50000,40,1,1,3,1,1,3,3,22.72727273
2200,3,3,60000,74,1,2,1,1,1,3,3,27.27272727
1690,3,3,27000,40,1,1,2,1,3,1,3,15.97633136
2100,3,4,35000,40,1,1,2,1,3,2,3,16.66666667
1250,3,3,30000,40,1,1,1,1,3,2,4,24
3150,4,4,100000,40,3,2,1,2,3,2,4,31.74603175
1800,3,3,50000,40,4,2,1,1,2,2,5,27.77777778
2000,3,4,45000,40,1,2,3,5,4,3,3,22.5
1806,4,4,35000,40,1,1,2,2,4,3,3,19.37984496
1275,3,3,25000,40,4,2,2,2,2,2,3,19.60784314
1800,4,3,60000,74,1,1,3,1,5,3,5,33.33333333
2250,3,3,60000,74,1,2,3,1,3,1,14,26.66666667
410,3,3,28000,40,1,1,2,1,3,3,3,68.29268293
3000,3,3,80000,74,3,2,1,2,2,3,13,26.66666667
2550,3,3,120000,74,1,2,1,1,3,1,4,47.05882353
2600,3,3,70000,74,4,1,2,2,4,2,3,26.92307692
3700,4,3,300000,74,4,1,1,1,1,3,3,81.08108108
2300,3,3,60000,74,1,2,2,1,3,3,3,26.08695652
4400,4,4,250000,75,1,1,1,1,2,2,4,56.81818182
3000,4,4,110000,75,1,1,3,2,3,3,3,36.66666667
3500,5,4,160000,75,1,1,1,1,2,1,13,45.71428571
4055,4,3,300000,75,1,1,1,2,3,3,4,73.98273736
2950,4,4,80000,40,1,1,3,1,2,2,3,27.11864407
1200,2,2,16000,28,3,1,1,1,3,1,5,13.33333333
3100,4,4,60000,40,1,3,2,1,1,2,4,19.35483871
1800,3,4,34000,40,1,1,2,2,2,2,1,18.88888889
1700,3,3,1700,123,2,1,1,1,1,1,4,1
2350,4,3,45000,40,1,1,2,2,1,1,3,19.14893617
3536,4,4,95000,40,4,2,2,1,3,2,4,26.86651584
2200,3,3,80000,22,1,2,2,1,2,3,3,36.36363636
1600,3,2,40000,22,1,1,2,1,3,3,3,25
2800,3,3,90000,22,1,1,3,1,1,3,3,32.14285714
2250,3,3,60000,22,2,1,1,1,1,1,3,26.66666667
2300,3,3,120000,22,1,1,2,1,2,3,4,52.17391304
2100,3,3,70000,75,1,1,2,1,5,1,4,33.33333333
2250,3,3,70000,22,5,1,3,2,3,3,5,31.11111111
1775,3,3,70000,31,1,1,3,1,3,2,3,39.43661972
2130,3,3,60000,22,1,1,3,1,1,3,11,28.16901408
2100,3,3,55000,31,1,1,2,1,5,3,3,26.19047619
1450,4,3,35000,31,1,2,1,1,1,1,5,24.13793103
2200,3,3,50000,31,1,1,1,1,5,3,3,22.72727273
1900,3,3,40000,31,1,2,2,2,1,3,3,21.05263158
650,2,2,21000,57,1,3,3,1,2,3,3,32.30769231
1750,3,3,65000,31,1,2,2,1,2,2,3,37.14285714
2300,3,3,60000,57,1,1,2,1,1,1,3,26.08695652
300,1,1,15000,57,1,2,3,2,2,1,3,50
3600,4,4,110000,57,1,1,1,1,4,2,3,30.55555556
2800,3,4,90000,57,1,1,1,1,2,1,4,32.14285714
3000,3,3,80000,75,1,1,3,1,3,1,15,26.66666667
1396,3,3,35000,67,1,1,1,1,1,2,3,25.07163324
1850,3,3,45000,22,2,1,2,1,3,2,4,24.32432432
1800,3,3,55000,54,4,2,2,1,3,3,3,30.55555556
1200,3,3,24000,91,1,1,1,1,3,2,3,20
2100,4,4,35000,56,1,1,2,5,2,3,3,16.66666667
2200,3,3,70000,54,1,1,2,1,1,3,4,31.81818182
1500,3,3,26000,91,1,1,2,1,3,1,4,17.33333333
800,1,2,15000,91,1,1,1,1,3,3,3,18.75
1110,3,3,25000,91,1,1,1,1,3,1,3,22.52252252
950,3,3,26000,91,1,2,1,2,3,3,4,27.36842105
1200,3,2,24000,91,1,1,1,1,2,3,4,20
2031,4,1,180000,22,1,1,1,1,4,3,4,88.62629247
2450,4,4,65000,22,1,2,2,1,4,2,4,26.53061224
1325,3,3,27000,91,1,1,2,2,1,2,3,20.37735849
1900,3,3,50000,91,1,1,1,1,2,3,4,26.31578947
1050,2,3,22000,91,1,1,2,1,2,2,4,20.95238095
2500,4,4,75000,22,1,1,2,1,1,2,4,30
2000,3,3,50000,22,1,2,3,1,4,3,4,25
2228,3,3,65000,22,1,2,1,3,3,3,3,29.17414722
2500,4,4,85000,22,1,1,3,1,4,3,3,34
1100,3,3,20000,20,1,1,2,1,4,1,2,18.18181818
850,2,2,15000,20,1,1,2,2,1,3,3,17.64705882
800,2,2,21000,20,1,3,2,1,2,1,3,26.25
2200,4,3,35000,56,1,1,3,1,2,2,3,15.90909091
1380,3,3,35000,20,1,1,2,1,4,2,4,25.36231884
1000,2,2,17000,20,1,1,1,2,4,3,3,17
1200,2,3,22000,20,1,1,1,1,5,1,3,18.33333333
700,2,2,17000,20,2,2,2,2,2,2,12,24.28571429
1300,2,3,18000,20,1,1,2,1,3,3,5,13.84615385
550,2,2,13000,20,1,1,2,1,4,2,3,23.63636364
1550,4,4,24000,20,1,2,2,1,2,3,4,15.48387097
850,1,2,12000,20,1,2,2,2,2,2,5,14.11764706
1000,2,3,20000,20,1,1,2,3,3,3,4,20
1430,3,3,20000,20,1,1,2,1,4,1,4,13.98601399
1050,2,2,22000,20,1,1,2,1,1,3,3,20.95238095
850,2,3,17000,20,2,4,2,1,4,2,3,20
1200,2,3,17000,24,1,1,1,2,3,1,3,14.16666667
2300,3,4,35000,56,1,2,2,3,5,1,14,15.2173913
600,2,2,12000,20,1,2,2,1,3,3,4,20
1125,3,3,25000,56,1,1,1,2,1,3,4,22.22222222
800,1,2,14000,20,1,2,1,2,3,3,6,17.5
1350,3,3,22000,40,4,2,3,1,3,3,1,16.2962963
1200,3,3,32000,40,4,1,2,3,2,2,4,26.66666667
2300,5,5,60000,40,1,2,2,1,5,3,3,26.08695652
2100,3,3,50000,31,1,2,2,1,2,3,4,23.80952381
1450,3,3,30000,31,1,2,2,1,3,3,3,20.68965517
2300,3,3,44000,40,1,2,2,1,2,3,3,19.13043478
1965,3,4,37000,40,1,2,1,1,2,3,6,18.82951654
2600,4,4,55000,40,1,2,2,1,2,3,3,21.15384615
2200,3,3,40000,40,2,1,2,1,1,2,3,18.18181818
2100,3,3,45000,40,5,2,2,1,1,3,3,21.42857143
2450,3,3,60000,40,1,1,3,1,2,2,3,24.48979592
1450,4,3,30000,40,1,2,2,3,4,2,5,20.68965517
1400,2,3,22000,20,1,3,3,3,1,1,3,15.71428571
2055,4,4,45000,40,1,1,2,1,3,3,3,21.89781022
1000,3,3,17000,20,1,1,2,1,4,2,4,17
1100,2,3,20000,20,1,3,3,1,4,1,4,18.18181818
5000,4,3,125000,61,1,2,1,1,5,3,3,25
1450,3,3,25000,40,1,1,3,1,2,1,4,17.24137931
2500,3,3,50000,40,1,1,3,1,4,3,4,20
1250,3,3,22000,16,3,2,2,2,4,3,4,17.6
800,2,2,17000,16,1,2,2,1,4,3,4,21.25
1450,3,3,22000,16,1,3,2,1,3,3,4,15.17241379
1400,3,3,30000,40,1,1,2,2,4,3,5,21.42857143
1000,3,3,20000,16,2,3,2,1,4,2,3,20
1200,3,3,22000,16,1,2,3,1,3,3,3,18.33333333
1150,2,3,20000,16,1,2,2,1,2,3,4,17.39130435
1850,3,3,50000,61,1,1,1,1,6,3,1,27.02702703
950,2,3,17000,16,1,2,2,1,5,3,3,17.89473684
2340,3,3,65000,61,1,1,2,2,4,3,4,27.77777778
1300,3,3,35000,112,1,1,2,1,4,3,3,26.92307692
1500,3,3,25000,74,2,1,1,1,3,3,4,16.66666667
500,1,2,13000,16,1,2,1,1,2,3,5,26
1300,3,3,35000,112,1,1,2,3,3,2,4,26.92307692
5000,4,3,130000,61,1,1,3,1,2,2,1,26
2700,3,3,60000,40,1,2,1,1,3,1,4,22.22222222
3000,4,4,100000,31,1,2,2,1,3,3,3,33.33333333
2200,5,4,42000,40,2,1,1,2,1,3,4,19.09090909
2275,3,3,55000,61,2,1,2,2,2,2,4,24.17582418
2000,3,3,35000,40,1,2,2,1,1,2,2,17.5
1500,3,3,30000,40,1,2,2,1,1,2,3,20
1200,3,3,25000,40,1,3,2,2,3,3,1,20.83333333
1850,3,3,40000,40,1,1,2,1,5,3,13,21.62162162
1500,2,3,25000,40,1,1,3,2,3,3,3,16.66666667
1900,3,3,42000,40,3,2,1,1,5,3,3,22.10526316
800,2,2,13000,148,4,1,2,1,1,2,14,16.25
1955,3,4,45000,40,1,1,3,1,3,2,4,23.01790281
1260,3,3,20000,16,1,2,2,1,2,1,14,15.87301587
3000,5,4,80000,57,1,1,1,1,3,2,4,26.66666667
1400,3,3,35000,112,1,1,3,1,5,2,3,25
1980,3,3,50000,112,1,1,1,1,4,2,3,25.25252525
1559,3,3,40000,112,1,1,1,1,2,3,4,25.65747274
1700,3,3,42000,112,1,1,2,1,5,2,4,24.70588235
1300,3,2,30000,112,4,1,2,1,3,2,4,23.07692308
2350,3,3,60000,61,1,1,2,3,6,3,14,25.53191489
1960,3,3,50000,61,4,1,1,1,4,2,4,25.51020408
1700,3,4,22000,16,2,1,1,1,1,3,3,12.94117647
2400,3,3,40000,112,1,1,2,1,1,3,4,16.66666667
1450,3,3,35000,61,1,1,3,2,1,3,3,24.13793103
850,2,2,19500,40,1,2,3,1,3,2,1,22.94117647
2100,3,3,35000,40,1,1,2,1,4,3,4,16.66666667
2700,3,4,65000,31,1,2,1,1,4,3,4,24.07407407
2300,3,3,70000,31,1,1,3,1,5,2,3,30.43478261
2300,3,3,100000,75,1,1,2,1,2,2,3,43.47826087
2150,4,3,35000,40,5,2,3,1,4,3,3,16.27906977
700,2,2,13500,20,1,1,1,1,2,3,3,19.28571429
2300,3,3,100000,75,1,1,3,1,1,3,3,43.47826087
2224,3,3,80000,75,1,1,3,1,3,3,3,35.97122302
2400,3,3,95000,75,1,1,3,1,3,1,3,39.58333333
2000,3,3,48000,75,4,1,1,2,3,3,1,24
2600,4,3,220000,75,2,1,2,1,2,3,5,84.61538462
3000,3,3,80000,75,1,1,2,2,2,3,4,26.66666667
3600,4,4,250000,75,1,1,2,2,3,3,4,69.44444444
3000,3,3,140000,31,1,1,1,1,3,3,4,46.66666667
2000,3,3,30000,40,1,1,2,1,2,3,3,15
1425,3,3,22000,40,1,2,2,1,3,2,3,15.43859649
2470,5,4,50000,40,2,1,3,1,1,2,2,20.24291498
2000,3,3,20000,40,1,1,2,2,6,3,5,10
1000,2,2,21000,180,1,2,3,1,4,4,3,21
2800,3,4,45000,22,1,2,2,1,2,3,4,16.07142857
1850,3,3,45000,22,1,1,1,1,4,3,1,24.32432432
1250,3,3,28000,134,1,2,1,1,2,2,3,22.4
850,2,2,18000,24,1,2,1,1,4,2,5,21.17647059
800,1,2,12000,24,1,2,2,1,4,2,3,15
1550,2,3,45000,22,1,1,3,1,2,2,3,29.03225806
2200,3,3,90000,22,1,1,2,1,4,2,5,40.90909091
1200,2,2,17000,40,1,2,1,1,4,1,3,14.16666667
3245,4,4,90000,22,1,1,2,1,3,3,3,27.73497689
1930,3,3,60000,134,1,3,3,1,3,3,1,31.0880829
3850,4,4,120000,75,1,2,3,1,2,1,3,31.16883117
1975,4,4,45000,134,1,1,3,1,4,3,3,22.78481013
2750,3,3,50000,22,1,1,2,1,1,3,14,18.18181818
8400,5,5,600000,75,1,3,2,1,2,2,4,71.42857143
2700,3,4,50000,40,1,1,2,1,3,3,2,18.51851852
2000,4,3,75000,75,2,2,2,1,4,2,4,37.5
2020,3,3,40000,40,1,1,3,1,1,3,1,19.8019802
1450,3,3,35000,40,1,1,3,1,4,3,4,24.13793103
6000,5,4,300000,75,1,1,3,1,4,1,3,50
1850,3,3,55000,22,1,1,1,1,3,2,3,29.72972973
2200,4,4,32000,20,1,3,1,1,5,3,4,14.54545455
1000,3,3,18500,20,1,1,1,1,1,2,4,18.5
1300,3,3,26000,20,1,2,2,1,2,3,3,20
1100,2,2,17000,24,1,2,3,3,2,1,1,15.45454545
1050,3,3,22000,20,1,2,3,1,4,2,3,20.95238095
1000,1,2,14000,20,3,2,3,1,3,2,2,14
1456,3,3,17000,20,1,1,2,1,1,3,5,11.67582418
1250,2,3,17000,24,1,2,1,1,1,3,2,13.6
950,2,2,16500,20,3,2,2,2,3,2,3,17.36842105
950,2,2,15000,24,1,2,2,2,3,3,4,15.78947368
850,1,2,10000,24,4,1,2,1,2,3,3,11.76470588
850,2,2,15000,24,1,2,3,1,2,1,4,17.64705882
600,1,2,12000,24,1,2,3,1,2,3,3,20
1270,3,3,21000,24,1,2,1,1,1,3,4,16.53543307
650,1,2,12000,24,4,1,3,1,2,3,2,18.46153846
1100,2,2,16000,24,2,1,3,3,5,1,4,14.54545455
1590,3,4,30000,24,1,2,1,1,4,2,18,18.86792453
650,1,2,10000,24,1,1,1,2,4,1,15,15.38461538
1200,2,3,17000,24,1,1,1,1,2,3,3,14.16666667
2000,4,4,36000,24,1,3,2,2,3,1,4,18
1170,3,3,22000,20,1,1,2,1,4,3,1,18.8034188
1300,3,3,45000,57,1,1,2,1,1,4,4,34.61538462
2600,3,3,75000,57,2,1,1,1,2,3,4,28.84615385
2800,4,4,170000,57,1,1,2,1,3,2,5,60.71428571
2700,4,4,100000,57,1,2,2,1,4,1,1,37.03703704
2800,4,4,110000,57,1,1,1,1,1,3,4,39.28571429
1230,2,2,55000,57,4,1,3,1,3,2,3,44.71544715
2600,4,4,80000,57,1,1,1,1,4,3,3,30.76923077
1670,3,3,45000,22,1,1,3,2,2,3,5,26.94610778
3300,4,4,80000,22,5,2,2,3,4,3,4,24.24242424
1800,3,3,60000,22,1,3,3,1,2,3,4,33.33333333
1440,3,3,45000,22,1,1,2,1,4,3,3,31.25
2700,3,3,100000,22,1,1,2,1,4,3,3,37.03703704
3200,4,4,90000,74,5,2,2,1,3,2,4,28.125
2200,3,3,65000,74,1,1,3,1,2,3,4,29.54545455
2500,3,3,130000,31,1,2,3,2,1,2,14,52
1262,2,3,25000,31,1,2,2,2,2,3,3,19.80982567
1800,3,3,55000,22,1,2,1,1,4,3,4,30.55555556
2250,4,3,110000,31,1,2,3,1,2,3,4,48.88888889
1450,3,3,40000,22,1,1,2,1,3,2,4,27.5862069
3400,4,4,110000,74,1,2,2,1,1,3,3,32.35294118
1050,2,2,20000,56,1,2,2,1,2,2,1,19.04761905
3500,4,4,100000,74,4,1,1,2,1,3,3,28.57142857
2600,3,3,90000,75,1,1,2,1,4,2,4,34.61538462
1750,3,3,55000,22,1,1,2,1,2,3,3,31.42857143
1450,2,3,35000,22,1,1,2,2,3,2,4,24.13793103
4000,4,3,30000,24,1,2,3,1,2,1,1,7.5
1100,3,2,22000,56,1,2,2,1,4,2,3,20
1200,3,3,25000,56,1,1,2,1,2,2,4,20.83333333
2200,3,3,40000,56,1,1,3,1,4,1,3,18.18181818
2150,4,3,40000,56,4,1,2,1,1,3,3,18.60465116
1300,3,3,37000,40,3,1,2,2,4,1,3,28.46153846
1250,3,3,30000,40,1,2,3,1,3,2,4,24
1350,2,3,25000,40,4,1,3,2,2,2,4,18.51851852
1200,3,3,26000,40,1,1,2,2,2,3,1,21.66666667
1200,2,3,25000,56,1,2,2,1,1,1,3,20.83333333
1200,3,3,33000,40,1,1,2,1,2,1,4,27.5
1000,2,2,17000,20,1,1,2,3,3,2,4,17
1425,3,3,40000,57,1,1,2,2,2,3,3,28.07017544
1100,2,3,19000,24,1,1,3,1,2,2,3,17.27272727
2000,3,3,32000,40,2,1,2,1,2,2,4,16
1500,2,3,23000,40,1,1,3,1,5,1,4,15.33333333
2100,3,3,40000,40,1,1,2,1,2,4,6,19.04761905
1800,3,3,40000,40,1,1,2,1,4,2,3,22.22222222
1700,3,3,30000,40,4,1,2,2,4,3,4,17.64705882
1600,3,3,26000,40,1,2,2,1,3,3,4,16.25
1750,3,4,26000,40,1,1,1,1,4,1,3,14.85714286
900,2,2,21000,40,1,1,2,2,2,2,3,23.33333333
2250,2,3,33000,40,1,2,1,1,4,3,3,14.66666667
900,2,2,18000,40,1,2,2,1,2,3,3,20
1900,3,3,47000,40,1,1,1,2,1,3,4,24.73684211
1980,3,3,35000,40,1,1,2,3,1,2,3,17.67676768
3040,4,5,70000,40,1,2,2,1,4,3,3,23.02631579
3000,3,3,50000,40,1,1,2,1,1,2,4,16.66666667
1300,3,2,27000,134,1,1,3,3,1,3,3,20.76923077
1100,2,2,22000,40,1,2,1,1,3,2,1,20
1950,4,3,88000,31,1,1,2,1,2,3,3,45.12820513
1700,3,3,80000,31,1,1,3,1,2,2,4,47.05882353
1500,3,3,45000,134,1,1,2,1,5,2,4,30
1760,3,3,25000,40,1,2,2,1,2,2,4,14.20454545
1500,3,3,25000,40,1,1,1,1,5,3,3,16.66666667
2050,3,3,40000,40,1,2,3,1,1,3,13,19.51219512
1550,2,3,30000,40,1,1,2,2,1,3,4,19.35483871
1450,3,3,35000,40,1,1,2,1,2,3,5,24.13793103
1700,4,4,30000,40,1,2,1,1,1,3,3,17.64705882
1700,3,3,30000,40,1,1,3,1,3,3,3,17.64705882
1600,3,3,30000,40,1,2,2,2,2,1,5,18.75
1850,3,3,35000,40,1,2,2,1,4,3,5,18.91891892
1300,3,3,32000,22,1,2,2,2,4,3,3,24.61538462
1450,2,3,40000,134,1,2,1,1,4,2,3,27.5862069
1850,3,4,35000,40,1,1,3,1,1,3,4,18.91891892
1438,3,4,30000,40,1,1,1,1,1,1,5,20.86230876
1850,3,3,30000,40,1,2,3,2,3,2,3,16.21621622
2600,3,4,75000,75,1,2,2,1,2,1,1,28.84615385
1800,3,3,35000,40,2,2,2,1,4,3,3,19.44444444
2100,3,3,60000,75,3,1,2,1,1,1,4,28.57142857
3000,4,4,80000,74,1,1,3,1,3,2,4,26.66666667
1200,3,3,45000,40,1,2,3,1,1,2,5,37.5
2450,5,4,85000,57,1,1,2,1,2,2,3,34.69387755
1650,3,3,32000,40,4,1,1,1,3,2,4,19.39393939
2700,5,4,55000,40,2,2,1,1,4,2,12,20.37037037
2000,3,3,80000,74,1,2,2,1,1,3,3,40
6000,4,5,300000,75,1,3,1,1,3,1,3,50
2650,3,3,50000,74,1,2,2,1,1,3,3,18.86792453
2116,4,3,33000,40,1,1,3,2,1,2,3,15.59546314
3000,5,4,120000,75,4,1,3,3,3,3,3,40
4000,4,4,180000,57,1,2,3,1,2,3,15,45
1350,4,4,55000,57,1,2,2,1,3,3,7,40.74074074
2650,4,4,85000,57,1,2,2,2,2,2,4,32.0754717
2050,3,3,35000,40,1,1,3,3,1,1,4,17.07317073
2600,4,4,110000,57,1,2,2,1,1,3,3,42.30769231
2500,3,3,80000,57,1,2,2,3,3,3,4,32
1250,4,3,40000,40,1,2,2,1,3,3,3,32
1250,5,3,30000,40,1,2,2,1,3,3,3,24
1750,3,4,30000,40,1,1,1,1,4,3,4,17.14285714
3600,6,6,50000,40,1,1,2,1,2,3,4,13.88888889
1600,2,2,75000,57,1,1,1,1,4,3,3,46.875
2930,4,3,220000,75,1,2,2,1,2,3,4,75.08532423
2900,4,4,140000,54,1,4,2,3,4,3,1,48.27586207
1800,2,3,70000,75,1,3,1,2,2,3,4,38.88888889
2400,3,3,60000,75,1,1,2,1,6,2,1,25
3000,4,4,80000,31,1,1,2,1,3,2,3,26.66666667
1700,3,3,80000,135,1,1,2,1,3,3,3,47.05882353
900,2,2,22000,135,1,1,2,2,2,3,5,24.44444444
1450,3,3,50000,134,1,1,2,1,1,1,4,34.48275862
3750,4,4,300000,31,3,2,1,1,3,2,4,80
2250,3,3,55000,74,4,1,2,1,1,3,5,24.44444444
3000,5,4,150000,22,1,1,2,1,1,3,3,50
2800,3,4,80000,74,1,2,2,2,3,3,1,28.57142857
2400,4,4,120000,75,1,2,3,1,4,3,5,50
3000,3,4,100000,22,1,2,2,1,1,1,4,33.33333333
1300,3,3,35000,134,4,1,3,1,2,1,3,26.92307692
2800,2,3,75000,75,3,1,2,1,3,2,2,26.78571429
1790,3,3,50000,22,1,3,2,1,3,3,4,27.93296089
4600,6,4,140000,54,1,1,2,1,1,2,3,30.43478261
2250,4,4,70000,54,1,1,3,1,2,2,3,31.11111111
1600,3,3,60000,54,1,2,2,1,2,2,4,37.5
1900,3,3,75000,54,1,1,3,1,2,3,3,39.47368421
900,2,2,20000,118,1,1,1,2,4,1,3,22.22222222
3300,3,3,120000,31,1,1,2,3,3,3,3,36.36363636
2300,3,3,130000,75,4,1,2,1,2,3,3,56.52173913
975,2,2,16500,16,1,1,1,1,3,2,3,16.92307692
4000,4,5,400000,31,1,1,1,1,2,3,3,100
5000,4,3,400000,31,1,1,2,1,1,3,3,80
4000,3,3,350000,31,1,1,2,1,4,3,3,87.5
1100,2,3,17000,16,1,2,2,1,4,3,1,15.45454545
7000,6,5,400000,31,1,2,3,1,1,1,3,57.14285714
1850,2,3,65000,74,1,1,3,1,2,1,4,35.13513514
6800,5,4,650000,75,1,2,3,1,4,3,1,95.58823529
1303,3,3,40000,48,2,1,2,2,1,3,4,30.69838833
3500,5,5,150000,74,2,1,1,1,4,3,1,42.85714286
2000,3,3,55000,74,1,1,1,1,4,3,2,27.5
2200,3,3,50000,74,1,2,2,3,2,3,4,22.72727273
1800,3,3,50000,74,1,1,2,2,5,3,3,27.77777778
4500,5,4,300000,75,1,2,1,2,2,2,3,66.66666667
5400,4,4,400000,75,1,2,2,1,2,3,3,74.07407407
4200,5,4,300000,75,5,1,1,1,5,3,3,71.42857143
1200,3,3,20000,16,1,1,2,1,3,2,4,16.66666667
2000,4,3,28000,16,1,2,2,2,1,3,2,14
2000,3,3,60000,74,1,2,3,1,4,3,4,30
1500,3,3,26000,40,1,2,1,2,1,3,3,17.33333333
1200,3,3,15000,16,1,4,1,1,3,2,3,12.5
3000,4,4,100000,75,1,1,2,1,5,3,1,33.33333333
2400,3,4,120000,75,1,1,2,1,1,3,4,50
10000,2,3,18000,16,2,1,1,1,1,3,3,1.8
1250,3,3,21000,16,1,2,2,2,3,2,3,16.8
875,2,3,14000,16,3,1,3,1,1,3,4,16
1024,4,2,110000,75,1,3,3,1,1,1,5,107.421875
1265,3,3,20000,16,1,1,3,1,3,2,3,15.81027668
930,2,3,16500,118,1,1,3,1,3,3,3,17.74193548
1150,2,3,21000,118,4,2,2,1,3,2,3,18.26086957
13000,3,3,20000,118,1,2,1,2,4,1,3,1.538461538
1250,3,3,20000,118,2,2,2,1,3,2,2,16
850,2,2,13500,118,3,1,3,2,3,3,3,15.88235294
700,2,2,12000,118,1,2,2,1,3,1,3,17.14285714
1500,3,3,22000,118,1,1,2,1,3,3,3,14.66666667
1235,3,3,22000,118,1,2,2,1,3,2,3,17.81376518
1500,3,3,50000,134,1,1,1,5,1,3,3,33.33333333
1460,2,3,30000,134,1,1,2,2,3,1,4,20.54794521
850,2,2,22000,134,1,2,1,1,1,2,4,25.88235294
1500,4,3,38000,134,3,2,2,2,3,1,3,25.33333333
1260,3,3,28000,134,1,2,3,1,3,3,3,22.22222222
1500,2,3,25000,40,1,2,1,2,1,1,3,16.66666667
2500,3,3,40000,40,1,2,2,3,1,3,5,16
1600,3,3,28000,40,1,1,2,2,2,1,1,17.5
1450,3,3,34000,134,1,1,2,1,4,3,4,23.44827586
1650,3,3,30000,40,1,2,1,1,3,2,3,18.18181818
2750,3,3,100000,75,1,5,1,2,4,3,3,36.36363636
4360,4,4,275000,75,2,2,2,1,4,2,3,63.0733945
1500,3,3,30000,40,1,2,1,2,1,2,3,20
2250,3,3,37000,40,1,2,2,1,3,1,3,16.44444444
8400,6,5,800000,31,1,1,2,1,5,3,4,95.23809524
4000,4,4,180000,31,1,1,2,1,2,3,3,45
2250,3,4,60000,31,1,1,3,1,3,3,4,26.66666667
2573,4,4,60000,31,1,1,2,5,2,3,3,23.31908278
1600,3,3,30000,180,1,1,2,1,2,2,3,18.75
2450,3,3,60000,75,4,2,2,1,2,2,3,24.48979592
5400,4,4,350000,75,1,1,3,1,5,2,4,64.81481481
3300,3,4,200000,75,1,1,1,5,1,1,4,60.60606061
4400,4,4,300000,75,1,2,3,2,2,3,2,68.18181818
3050,4,4,180000,31,1,1,2,1,3,3,4,59.01639344
1600,3,3,45000,40,1,1,2,1,4,1,3,28.125
950,2,2,20000,180,1,3,2,1,4,3,3,21.05263158
1960,3,4,29000,40,1,1,2,1,2,1,4,14.79591837
2650,4,4,150000,31,1,2,1,1,4,2,4,56.60377358
3144,4,3,120000,75,1,2,2,5,3,3,4,38.16793893
1500,3,3,40000,54,2,2,2,1,1,3,3,26.66666667
3592,4,4,200000,54,1,2,2,1,2,3,4,55.67928731
2200,3,3,50000,54,1,1,2,1,3,2,16,22.72727273
6300,5,4,400000,31,4,2,1,3,3,3,1,63.49206349
1600,3,3,50000,54,1,1,3,2,3,2,4,31.25
3500,4,4,200000,54,1,2,1,1,1,2,13,57.14285714
2423,2,3,75000,134,2,2,2,1,3,3,4,30.9533636
2600,3,3,46500,40,5,2,2,1,2,3,3,17.88461538
3750,4,3,250000,75,4,2,3,1,3,3,4,66.66666667
1500,3,3,30000,40,1,1,2,1,1,3,3,20
1000,2,2,24000,134,1,2,1,1,3,3,4,24
800,2,2,15000,180,1,1,2,1,4,3,3,18.75
2000,3,4,40000,180,1,1,2,1,4,3,4,20
1000,2,2,18000,180,2,2,1,1,4,3,4,18
850,2,2,15000,180,1,1,2,1,1,1,13,17.64705882
1000,2,3,18000,20,1,2,2,1,4,2,3,18
1100,3,3,24000,67,1,2,3,1,1,3,3,21.81818182
1050,2,3,18000,180,1,2,2,1,3,1,4,17.14285714
1100,3,3,23000,20,1,1,3,1,4,2,4,20.90909091
1100,2,3,25000,20,2,1,3,2,5,3,3,22.72727273
2250,3,3,60000,31,5,1,2,1,4,3,2,26.66666667
1600,3,3,30000,180,2,1,2,1,4,2,1,18.75
800,2,2,15000,180,3,1,3,1,1,3,3,18.75
1000,1,2,15000,180,1,3,2,1,1,3,3,15
950,2,2,17500,180,1,2,1,1,3,3,13,18.42105263
850,2,2,16000,180,1,1,2,1,2,1,3,18.82352941
1700,3,3,30000,180,1,2,2,1,3,3,4,17.64705882
400,1,1,10000,180,1,1,2,1,3,1,3,25
1000,2,2,16000,180,1,1,3,1,5,2,3,16
1800,3,3,32000,180,1,2,1,1,3,3,4,17.77777778
2200,3,3,30000,56,1,1,2,1,3,3,3,13.63636364
1900,3,3,30000,56,1,2,1,1,1,2,3,15.78947368
2000,4,4,30000,56,4,1,3,1,2,2,12,15
800,2,2,15000,20,1,1,2,1,3,1,3,18.75
2200,3,3,30000,56,5,2,2,1,1,1,3,13.63636364
1000,2,3,21000,20,1,1,3,2,1,3,4,21
1250,2,3,20000,180,1,3,1,1,3,3,3,16
2200,3,3,85000,75,4,2,3,1,5,3,5,38.63636364
1170,3,3,22000,67,1,1,1,1,4,3,4,18.8034188
1100,3,3,22000,20,1,1,2,1,4,2,4,20
450,1,2,12000,20,2,1,2,1,2,3,3,26.66666667
1100,3,3,17000,118,1,2,2,1,2,3,4,15.45454545
1200,3,3,18000,20,4,2,1,1,1,3,3,15
700,1,2,9000,20,1,1,2,1,3,3,4,12.85714286
1000,2,3,17000,20,1,1,2,1,2,3,3,17
1000,3,3,20000,20,1,1,1,1,2,2,4,20
1400,3,3,25000,180,2,1,2,1,3,3,3,17.85714286
900,2,2,16000,180,1,2,2,3,4,1,4,17.77777778
1000,2,2,17000,180,1,2,3,1,4,2,3,17
1400,3,3,30000,180,1,1,3,1,3,3,3,21.42857143
1360,3,3,45000,24,1,1,3,1,2,1,3,33.08823529
1100,2,3,14000,24,1,2,1,2,2,1,1,12.72727273
1150,3,3,21000,24,1,1,2,1,3,3,3,18.26086957
1450,3,3,28000,40,1,2,2,1,5,3,3,19.31034483
700,1,2,16000,24,4,1,1,1,2,3,4,22.85714286
2250,3,3,42000,40,2,1,2,1,2,2,3,18.66666667
2000,3,3,55000,75,1,2,2,1,1,3,1,27.5
1350,3,3,28000,24,1,1,1,1,1,2,3,20.74074074
2200,4,3,30000,40,1,1,2,1,1,2,3,13.63636364
1700,3,3,30000,40,1,1,3,1,3,2,2,17.64705882
1715,4,3,38000,40,1,2,2,1,4,3,4,22.1574344
1400,3,3,25500,40,1,2,2,2,3,3,3,18.21428571
1400,3,3,30000,40,1,2,1,1,2,3,5,21.42857143
1950,3,3,35000,40,1,1,2,1,3,3,1,17.94871795
1865,2,3,30000,40,1,1,2,1,5,3,3,16.08579088
1000,2,2,20000,40,3,1,3,1,4,2,3,20
1200,3,3,25000,40,1,1,2,2,5,3,3,20.83333333
1500,3,3,32000,40,5,1,2,1,4,2,3,21.33333333
1100,3,3,20000,24,1,1,1,2,3,2,4,18.18181818
1650,3,3,35000,40,1,1,1,1,4,3,3,21.21212121
1400,3,3,27000,24,1,1,1,1,6,2,3,19.28571429
950,2,3,20500,24,5,1,2,1,2,2,3,21.57894737
1200,2,2,22500,24,1,2,2,1,4,3,3,18.75
1200,2,3,19000,24,1,2,3,1,4,2,13,15.83333333
1400,1,2,11000,24,1,1,2,1,2,3,4,7.857142857
2400,3,4,35000,24,1,1,3,1,2,2,3,14.58333333
1850,3,3,40000,24,1,2,1,1,3,2,3,21.62162162
1250,2,3,21000,24,1,2,2,2,4,2,3,16.8
700,1,2,13000,24,2,2,1,1,3,2,3,18.57142857
950,2,2,14000,24,1,2,3,1,4,2,3,14.73684211
1100,3,3,18000,24,1,1,2,1,1,3,3,16.36363636
700,2,2,13500,24,5,2,2,1,2,2,2,19.28571429
900,2,2,14000,24,1,2,1,1,1,3,3,15.55555556
1050,2,3,18000,24,2,1,2,1,3,3,4,17.14285714
1100,2,3,21000,24,1,1,2,1,3,3,3,19.09090909
1150,2,3,19000,24,2,2,1,1,3,3,4,16.52173913
1250,3,3,24000,40,2,1,2,2,1,3,2,19.2
1610,3,3,30000,40,4,1,2,3,1,3,3,18.63354037
1500,3,3,42000,57,1,2,2,1,3,3,3,28
2300,4,3,30000,40,1,2,2,1,1,3,3,13.04347826
2300,4,3,30000,40,5,1,2,1,3,1,3,13.04347826
1350,2,3,70000,57,1,2,1,1,1,3,4,51.85185185
1000,2,3,20000,24,4,2,1,1,4,3,3,20
1450,3,3,27000,40,1,1,2,1,6,1,3,18.62068966
1879,3,3,30000,40,1,1,1,2,1,3,1,15.96593933
2200,3,3,30000,40,1,2,3,1,2,3,4,13.63636364
2600,4,4,70000,40,1,1,2,1,4,2,3,26.92307692
1000,2,3,17000,16,1,1,2,1,3,2,4,17
1660,3,3,25000,40,1,1,1,1,2,3,4,15.06024096
1280,2,3,25000,40,2,2,3,1,4,2,1,19.53125
2375,3,3,40000,40,1,1,3,2,4,3,3,16.84210526
1250,3,3,25000,40,1,2,2,1,1,3,3,20
1350,3,3,55000,57,1,1,1,1,3,3,3,40.74074074
2400,4,4,70000,22,1,1,3,1,4,2,3,29.16666667
500,1,1,10000,24,1,2,2,1,2,1,4,20
900,2,2,16000,123,1,2,2,5,3,1,1,17.77777778
1100,2,2,15000,24,1,1,2,1,3,2,3,13.63636364
1600,3,3,30000,61,1,2,2,1,5,1,3,18.75
500,1,2,9000,61,1,2,2,1,1,1,3,18
1000,3,3,26000,61,1,1,3,1,3,3,3,26
1500,3,3,30000,61,1,1,3,1,2,1,5,20
2750,4,4,170000,57,4,2,1,1,4,1,1,61.81818182
1224,3,3,20000,61,1,1,2,1,3,2,4,16.33986928
850,2,2,16000,61,1,1,2,1,3,3,6,18.82352941
800,1,2,20000,61,1,1,1,1,3,3,4,25
1300,3,3,32000,61,1,2,3,2,3,3,4,24.61538462
1900,3,3,60000,112,1,1,1,1,1,3,3,31.57894737
1600,3,3,35000,112,1,2,3,2,1,2,3,21.875
2645,3,3,60000,61,3,1,2,1,5,3,4,22.68431002
1800,4,4,40000,61,1,2,1,1,1,3,3,22.22222222
1500,3,3,50000,54,1,2,2,1,1,1,1,33.33333333
1120,3,3,26500,112,1,2,3,1,1,1,3,23.66071429
2200,3,3,42000,57,1,2,1,1,1,3,1,19.09090909
700,2,2,16000,61,3,2,2,1,3,2,4,22.85714286
2400,3,3,65000,57,1,1,1,1,1,3,4,27.08333333
2700,5,5,100000,57,1,2,2,1,1,3,4,37.03703704
1500,2,4,45000,57,1,2,1,1,3,3,3,30
1300,3,3,17000,16,1,2,2,1,1,3,4,13.07692308
1800,3,3,45000,112,2,1,2,1,4,3,4,25
800,1,2,12000,16,5,2,1,1,2,1,4,15
2600,4,4,100000,55,1,1,3,1,1,3,4,38.46153846
1350,3,3,17000,16,5,1,2,1,3,3,4,12.59259259
300,1,1,10000,16,1,1,2,1,1,1,17,33.33333333
1380,3,3,26000,116,1,2,1,2,3,3,3,18.84057971
1320,3,3,32000,55,1,2,2,1,1,1,3,24.24242424
2600,4,4,65000,55,2,2,2,1,1,3,4,25
1900,3,3,45000,112,1,1,2,1,4,2,4,23.68421053
1350,3,3,36000,55,4,1,2,1,2,1,3,26.66666667
1300,3,3,35000,55,1,1,2,1,4,2,3,26.92307692
1650,3,3,35000,112,1,2,2,1,3,3,3,21.21212121
1500,3,3,35000,22,1,1,1,1,3,3,3,23.33333333
1500,3,3,60000,55,4,2,2,1,2,2,4,40
1365,3,3,30000,55,3,2,2,1,3,3,4,21.97802198
2700,4,4,120000,55,1,2,3,1,2,3,3,44.44444444
1300,3,3,30000,22,2,1,3,1,3,2,4,23.07692308
1300,3,3,32000,55,1,2,2,1,3,3,1,24.61538462
1620,4,3,38000,22,1,1,3,1,1,3,1,23.45679012
1260,3,3,34000,55,1,1,1,1,3,1,3,26.98412698
4000,5,4,140000,75,1,2,1,1,3,3,4,35
2500,3,3,130000,75,4,2,3,1,3,2,4,52
1400,3,3,35000,139,1,1,2,1,3,2,15,25
3000,4,4,180000,75,1,1,2,1,2,3,4,60
2500,3,3,100000,75,2,3,2,1,3,3,3,40
1300,3,3,35000,22,1,2,1,1,2,3,4,26.92307692
1350,2,3,26000,31,1,1,1,1,2,3,2,19.25925926
1500,3,3,27000,31,1,3,2,3,1,3,3,18
1080,2,3,22000,139,1,1,2,1,3,3,14,20.37037037
1300,3,3,32000,31,1,2,1,1,1,3,4,24.61538462
1350,3,3,50000,31,1,2,2,1,2,3,4,37.03703704
1325,3,3,28000,20,1,1,2,1,2,3,4,21.13207547
1350,3,3,40000,55,1,2,1,1,2,3,4,29.62962963
1400,2,3,40000,31,4,2,1,1,5,3,3,28.57142857
1325,3,3,32000,20,2,1,2,1,1,2,1,24.1509434
1250,2,3,35000,55,1,2,2,1,5,3,3,28
2500,4,4,60000,55,1,2,1,1,3,3,3,24
2600,3,3,90000,55,2,2,2,1,1,2,3,34.61538462
800,2,2,21000,135,1,1,3,1,1,4,3,26.25
1400,2,3,40000,22,2,1,1,1,3,3,3,28.57142857
2800,4,3,60000,22,1,1,3,1,2,1,5,21.42857143
2500,4,4,75000,75,1,2,2,1,2,2,4,30
1700,3,3,50000,22,1,2,1,2,3,3,3,29.41176471
2270,4,4,100000,22,3,1,2,2,1,3,3,44.05286344
3000,4,4,80000,22,1,2,1,2,3,1,3,26.66666667
1850,3,3,50000,22,1,1,2,1,1,2,3,27.02702703
2400,3,3,60000,22,1,1,1,3,1,3,4,25
2200,3,3,100000,22,1,1,3,1,4,2,5,45.45454545
1450,3,3,30000,134,1,2,3,1,4,2,3,20.68965517
2200,5,3,110000,22,1,2,2,1,5,3,3,50
2200,3,3,50000,134,1,2,3,1,4,2,3,22.72727273
1500,3,3,33000,134,1,2,1,1,5,3,3,22
1040,3,2,28000,119,1,1,3,1,3,2,3,26.92307692
1450,3,3,35000,134,2,2,1,1,1,3,4,24.13793103
1880,3,3,35000,28,1,2,3,1,3,3,13,18.61702128
5000,3,3,12000,100,1,2,3,2,2,2,6,2.4
2200,4,4,41000,139,1,2,2,1,4,3,5,18.63636364
1400,3,3,26000,134,1,1,2,2,2,3,3,18.57142857
700,2,2,20000,135,1,1,2,1,1,3,3,28.57142857
800,2,2,16000,135,1,2,3,1,3,2,1,20
800,2,2,15000,135,1,1,2,1,4,3,3,18.75
800,2,2,17000,135,1,1,2,1,3,1,3,21.25
1200,2,3,25000,135,1,1,3,2,2,3,3,20.83333333
800,2,2,20000,135,1,1,2,1,2,3,3,25
1500,2,3,30000,135,1,1,2,1,3,3,3,20
700,2,2,17000,135,1,2,1,1,1,2,3,24.28571429
800,2,2,18000,135,1,1,1,1,1,3,14,22.5
800,2,2,14000,135,1,3,2,1,3,2,3,17.5
3500,4,4,150000,54,1,3,2,2,2,1,3,42.85714286
1500,3,3,30000,135,1,1,2,1,1,2,3,20
2300,3,3,75000,54,1,1,1,2,3,2,3,32.60869565
300,1,1,10000,135,1,1,1,5,2,3,16,33.33333333
3000,4,4,130000,54,1,1,1,1,3,2,3,43.33333333
3700,5,4,140000,54,3,2,3,1,6,2,5,37.83783784
1800,3,3,50000,54,1,3,2,1,4,2,3,27.77777778
1550,3,3,50000,54,1,2,1,1,3,3,4,32.25806452
800,2,2,18000,135,1,1,1,1,1,3,3,22.5
1259,2,3,36000,55,1,2,1,2,4,2,4,28.59412232
2200,3,3,120000,75,1,4,2,1,1,3,3,54.54545455
2200,3,3,150000,75,1,3,2,1,1,3,15,68.18181818
2500,3,4,26000,135,1,1,2,1,3,2,3,10.4
500,1,2,13000,170,1,2,1,1,3,1,3,26
750,2,2,12000,101,1,2,2,4,2,3,1,16
2800,4,4,85000,31,1,1,2,1,2,3,5,30.35714286
2450,4,4,70000,22,1,1,2,1,2,3,3,28.57142857
2850,4,4,90000,31,2,2,2,1,3,1,4,31.57894737
700,2,2,12000,118,4,2,1,1,2,3,4,17.14285714
1500,3,3,27000,118,1,1,3,1,2,1,3,18
1050,3,3,18000,118,5,1,1,1,3,3,3,17.14285714
1000,2,3,15000,118,1,1,2,1,3,3,3,15
1500,3,3,25000,118,5,1,1,4,2,2,4,16.66666667
800,2,3,14000,118,1,1,3,3,4,2,3,17.5
900,2,3,15000,118,1,2,1,2,2,3,3,16.66666667
800,1,1,10000,135,1,1,2,1,4,2,7,12.5
700,1,2,14500,135,1,1,2,1,3,3,3,20.71428571
700,2,2,14000,135,1,1,1,2,4,3,3,20
700,1,2,15000,135,1,2,1,2,2,3,3,21.42857143
1550,3,3,45000,74,4,1,1,1,3,1,4,29.03225806
2175,4,4,60000,74,1,1,1,1,3,1,2,27.5862069
2400,3,3,60000,74,1,2,1,1,4,2,3,25
2200,3,3,50000,74,1,1,2,2,5,3,3,22.72727273
2270,3,3,100000,74,1,2,2,1,2,3,3,44.05286344
2650,3,4,50000,74,3,1,3,1,3,2,4,18.86792453
3000,4,4,120000,74,1,1,2,1,1,2,3,40
3350,4,4,70000,74,1,2,2,1,1,3,3,20.89552239
650,1,2,14000,118,1,1,2,1,5,2,4,21.53846154
10000,3,3,800000,22,1,4,3,1,3,1,4,80
2260,3,3,55000,22,1,1,1,1,2,3,4,24.33628319
2500,3,3,140000,22,1,3,1,1,3,3,13,56
2100,3,3,70000,135,5,2,3,1,5,2,3,33.33333333
1450,3,3,26000,180,1,1,1,1,2,3,4,17.93103448
2600,3,3,160000,75,1,2,3,1,3,2,4,61.53846154
1100,3,3,25000,61,3,1,3,1,2,1,3,22.72727273
1300,2,2,11000,118,1,2,2,2,3,3,3,8.461538462
1726,4,4,60000,135,1,1,2,1,3,2,4,34.76245655
3300,3,2,120000,135,1,1,2,1,3,1,3,36.36363636
1200,3,3,15000,118,1,2,1,1,1,2,1,12.5
1800,3,3,25000,40,4,2,1,1,1,3,3,13.88888889
1200,2,3,15000,40,1,2,2,2,1,3,3,12.5
1880,3,3,30000,134,1,2,2,1,5,1,1,15.95744681
1970,3,3,28000,40,1,1,2,1,3,3,4,14.21319797
2400,4,4,30000,40,1,2,3,1,1,3,4,12.5
2300,2,3,22000,40,1,1,1,2,5,3,3,9.565217391
1100,2,2,18000,40,1,1,1,2,4,3,1,16.36363636
1825,4,4,35000,40,1,1,1,1,2,2,3,19.17808219
1500,2,2,45000,40,1,2,2,1,2,3,4,30
1500,3,3,25000,40,1,1,2,1,1,3,3,16.66666667
1550,3,3,25000,40,1,1,2,2,3,3,3,16.12903226
1500,3,3,25000,40,1,1,2,1,4,2,3,16.66666667
1550,3,5,25000,40,1,1,2,1,1,3,3,16.12903226
1300,3,3,32000,134,3,1,2,3,4,3,3,24.61538462
1200,3,2,30000,134,1,1,1,1,1,1,4,25
900,2,2,14000,40,1,3,1,1,4,3,3,15.55555556
1100,3,3,25000,40,1,2,2,2,4,2,3,22.72727273
700,2,2,17000,40,1,1,2,1,2,3,3,24.28571429
2000,4,3,35000,40,2,1,2,1,2,3,3,17.5
1810,4,4,32000,40,1,4,2,1,3,3,4,17.67955801
1500,3,3,32000,134,1,2,3,1,2,3,4,21.33333333
1362,2,3,3500,24,2,1,1,2,1,2,4,2.569750367
900,2,2,30000,134,1,2,2,1,1,3,3,33.33333333
1400,4,3,30000,134,1,2,2,1,1,3,5,21.42857143
900,2,2,17000,134,2,1,3,1,4,3,3,18.88888889
1460,4,3,35000,134,2,2,1,2,2,3,1,23.97260274
1400,3,3,20000,40,3,2,3,1,3,2,4,14.28571429
1860,3,4,70000,134,1,1,3,1,2,3,4,37.6344086
1800,3,3,40000,134,1,2,1,2,3,3,4,22.22222222
2300,2,2,21000,40,1,2,3,1,4,3,3,9.130434783
1500,4,3,35000,134,1,1,2,1,5,1,4,23.33333333
1800,3,3,50000,134,1,1,3,2,3,3,3,27.77777778
1500,4,3,32000,134,2,2,2,1,3,3,4,21.33333333
1352,3,3,35000,134,1,1,2,1,1,2,4,25.88757396
1300,3,3,30000,134,1,1,3,1,5,1,6,23.07692308
1650,3,3,40000,134,4,2,2,2,1,2,5,24.24242424
1600,3,3,30000,134,1,1,1,1,2,2,3,18.75
2400,4,4,70000,134,1,1,2,1,2,2,3,29.16666667
1000,2,3,15000,40,1,1,2,1,1,1,3,15
1500,3,3,28000,134,5,1,1,1,3,2,5,18.66666667
1100,2,3,23000,40,1,1,3,1,3,3,1,20.90909091
1000,3,3,20000,40,1,2,2,2,1,3,4,20
2100,4,4,40000,40,1,1,1,3,2,3,4,19.04761905
1500,3,3,24000,40,1,2,2,1,3,3,3,16
1500,3,3,28000,40,1,1,1,1,4,3,3,18.66666667
1600,2,2,15000,40,1,1,2,1,2,1,1,9.375
1400,3,3,24000,40,1,1,1,1,1,1,3,17.14285714
1460,3,3,29000,40,1,1,1,1,3,3,2,19.8630137
1500,3,3,30000,40,1,2,1,1,1,2,3,20
2000,3,3,33000,40,1,3,2,2,4,2,3,16.5
1263,2,3,20000,40,2,2,2,1,1,3,1,15.83531275
1850,3,3,27000,40,1,1,1,1,1,3,4,14.59459459
2080,4,3,35000,40,5,1,2,2,3,2,2,16.82692308
2400,4,3,45000,40,1,1,2,1,1,1,3,18.75
2000,3,3,25000,40,1,2,3,1,1,1,4,12.5
2000,4,3,40000,40,5,1,2,1,1,2,4,20
1680,3,3,25000,40,1,1,2,1,4,3,3,14.88095238
1600,3,3,30000,40,1,1,1,1,3,2,4,18.75
1500,4,3,30000,40,1,2,2,1,1,3,3,20
1900,3,3,32000,40,2,1,2,1,1,4,3,16.84210526
2050,3,3,45000,40,1,1,2,2,5,3,3,21.95121951
1200,3,3,35000,40,1,1,3,3,2,2,3,29.16666667
800,2,2,15000,40,2,1,3,1,5,3,1,18.75
1550,3,3,25000,40,1,3,2,1,4,3,2,16.12903226
2000,3,3,25000,40,4,2,3,1,3,1,4,12.5
2000,2,3,28000,40,1,2,2,1,1,3,3,14
1420,3,3,25000,40,2,1,1,1,2,3,4,17.6056338
2500,4,4,45000,40,1,1,1,1,4,2,2,18
1500,4,3,27000,40,1,1,3,1,2,3,3,18
1775,4,3,35000,40,1,2,2,1,1,3,3,19.71830986
1500,3,3,20000,40,1,1,2,1,1,2,1,13.33333333
1750,4,4,32000,40,1,1,1,1,1,3,4,18.28571429
1500,3,3,25000,40,4,1,1,1,2,3,5,16.66666667
1500,3,3,27000,40,1,2,1,1,3,2,2,18
1365,3,3,23000,40,1,2,1,1,3,3,3,16.84981685
750,2,2,16000,40,1,1,2,3,2,2,5,21.33333333
1420,3,3,26000,40,1,1,2,1,1,3,2,18.30985915
1400,3,3,30000,40,1,1,3,3,1,2,3,21.42857143
800,2,2,16000,40,1,1,2,1,5,3,5,20
1156,3,3,14000,20,1,1,3,1,5,3,4,12.11072664
800,2,2,8500,20,1,1,1,1,1,3,3,10.625
2650,4,4,100000,54,1,2,2,1,5,1,3,37.73584906
1000,2,3,12000,20,1,1,2,1,1,3,3,12
1960,3,4,35000,40,1,1,3,1,1,3,4,17.85714286
2500,3,4,85000,54,5,1,1,1,5,3,4,34
650,2,3,12000,20,1,2,1,1,2,2,4,18.46153846
1500,4,3,50000,54,1,1,3,1,3,1,3,33.33333333
800,2,2,9500,20,1,1,1,1,1,2,1,11.875
1400,3,3,30000,54,5,1,2,1,3,3,4,21.42857143
1400,4,3,27000,40,4,2,3,2,3,3,3,19.28571429
2700,4,4,60000,40,1,2,2,2,1,3,4,22.22222222
1300,3,3,25000,40,1,2,3,1,2,3,1,19.23076923
2400,4,4,35000,40,1,1,3,1,3,2,3,14.58333333
1550,3,3,38000,40,1,1,2,3,3,3,4,24.51612903
2100,3,3,45000,40,1,1,2,1,3,1,4,21.42857143
1430,3,3,40000,40,1,2,2,1,4,3,3,27.97202797
1932,3,3,30000,40,1,2,2,1,1,1,14,15.52795031
1250,4,3,25000,40,1,3,1,1,2,3,3,20
1650,4,4,30000,101,1,2,2,1,3,3,3,18.18181818
1156,3,3,14000,20,1,2,3,1,3,2,3,12.11072664
500,1,2,9000,101,1,1,3,1,4,3,4,18
1100,2,3,20000,20,1,2,2,1,1,1,4,18.18181818
300,1,1,14000,20,1,1,3,1,2,3,4,46.66666667
800,2,2,19500,20,2,1,3,3,4,3,4,24.375
1050,2,2,22000,101,1,1,2,1,3,2,4,20.95238095
700,1,2,10000,20,1,3,2,2,4,3,6,14.28571429
800,2,2,15000,20,1,1,2,1,1,3,3,18.75
700,2,2,13500,20,1,1,2,3,1,2,3,19.28571429
1450,4,3,23000,20,1,2,1,1,1,2,3,15.86206897
1000,3,3,20000,20,1,1,1,1,3,2,2,20
1200,2,3,16000,20,1,1,2,1,1,1,5,13.33333333
950,3,3,26000,20,1,1,1,2,4,3,3,27.36842105
600,1,2,12000,20,1,1,2,1,2,3,4,20
600,1,2,15000,20,1,1,1,1,4,3,3,25
1200,2,3,17000,20,3,1,1,1,4,3,3,14.16666667
600,1,2,8500,20,1,2,2,1,3,2,2,14.16666667
800,2,2,16500,20,1,1,3,2,3,2,3,20.625
3715,5,4,200000,75,1,2,2,3,2,3,4,53.83580081
1350,3,3,34000,55,1,2,3,1,1,2,3,25.18518519
800,1,2,12000,24,1,2,1,1,3,3,4,15
2600,4,4,70000,55,2,1,3,1,3,3,2,26.92307692
1950,3,3,35000,61,1,1,2,2,3,3,3,17.94871795
2000,3,3,60000,75,1,2,1,1,4,3,3,30
1800,3,3,40000,75,1,2,1,1,2,2,3,22.22222222
2950,4,4,90000,55,1,1,3,1,2,2,3,30.50847458
2600,3,3,80000,57,1,1,1,1,2,3,1,30.76923077
2200,5,4,45000,40,2,1,2,1,2,3,4,20.45454545
2200,4,3,50000,57,1,1,1,1,1,2,3,22.72727273
1370,3,3,40000,55,1,1,3,1,3,3,3,29.19708029
1750,3,3,45000,57,1,1,1,2,1,3,3,25.71428571
1800,2,3,55000,74,1,2,3,2,2,1,4,30.55555556
500,1,2,11500,24,1,1,2,2,1,2,3,23
1650,3,4,25000,24,3,2,1,1,1,1,11,15.15151515
2287,3,3,60000,74,1,1,1,2,5,2,4,26.23524268
2300,3,3,90000,74,1,1,1,2,1,3,3,39.13043478
1800,3,3,50000,74,1,1,2,1,1,3,3,27.77777778
2700,4,4,100000,74,1,1,1,1,3,3,3,37.03703704
2800,4,3,75000,31,1,3,3,1,1,3,1,26.78571429
2500,4,4,85000,55,1,1,2,1,1,2,5,34
900,2,2,3500,123,1,2,2,1,2,3,3,3.888888889
2200,5,4,75000,31,2,1,1,4,1,1,1,34.09090909
2300,4,3,100000,31,1,1,2,1,4,3,3,43.47826087
250,1,1,7000,55,2,2,3,1,4,3,3,28
1350,3,3,40000,55,1,1,2,2,3,3,3,29.62962963
2150,3,2,70000,31,1,2,1,1,1,3,4,32.55813953
1300,5,3,45000,55,1,2,3,1,4,2,4,34.61538462
2200,3,3,120000,31,1,3,1,1,5,1,4,54.54545455
2400,3,3,100000,31,1,1,2,1,3,3,4,41.66666667
1950,3,3,45000,61,1,1,2,2,2,3,4,23.07692308
1100,3,3,18000,24,1,1,3,2,3,1,2,16.36363636
2585,3,3,75000,61,1,2,3,1,4,2,4,29.01353965
400,1,1,8000,24,1,1,2,1,2,3,4,20
900,2,2,15000,24,2,3,3,1,1,3,3,16.66666667
1000,3,3,13000,24,1,2,2,2,4,3,3,13
800,2,2,12000,24,1,2,1,1,1,3,4,15
1100,3,3,17000,24,1,2,2,1,3,1,14,15.45454545
1800,3,3,40000,22,1,2,1,1,3,1,3,22.22222222
2300,3,3,65000,22,3,1,1,2,2,3,3,28.26086957
1100,2,3,13500,24,1,2,3,1,3,3,4,12.27272727
1350,3,3,32000,61,2,3,1,1,4,1,3,23.7037037
3200,5,4,100000,22,1,2,2,1,2,2,3,31.25
2300,3,3,70000,22,1,3,2,2,2,3,4,30.43478261
850,2,2,22000,61,1,1,2,1,5,3,5,25.88235294
3200,5,4,85000,22,1,1,3,2,1,3,3,26.5625
3600,4,4,250000,75,1,2,3,1,3,1,5,69.44444444
1800,3,3,26000,24,1,2,2,3,2,2,4,14.44444444
2900,4,4,70000,75,2,1,2,1,2,1,4,24.13793103
1150,2,3,17000,24,1,2,1,2,1,3,3,14.7826087
1150,2,3,18000,24,1,1,1,1,4,2,8,15.65217391
3600,4,4,120000,61,1,1,2,1,4,1,4,33.33333333
2700,3,3,75000,22,1,2,1,1,2,2,4,27.77777778
1100,2,3,14000,24,2,2,2,2,5,2,3,12.72727273
1200,3,3,16000,24,1,2,2,1,2,3,4,13.33333333
1200,3,3,16000,24,1,2,1,1,1,3,3,13.33333333
1100,2,3,14000,24,1,2,1,2,1,3,4,12.72727273
950,1,2,15000,61,1,1,2,1,4,2,4,15.78947368
900,2,2,15000,180,5,3,1,3,3,2,15,16.66666667
1860,4,4,38000,180,5,1,1,1,4,3,2,20.43010753
2200,3,4,50000,180,1,1,2,1,1,3,4,22.72727273
1150,2,2,17000,180,1,1,2,2,1,2,5,14.7826087
800,2,2,17000,180,1,1,2,1,1,2,3,21.25
1100,2,3,17000,180,1,2,2,1,4,2,3,15.45454545
800,2,2,15000,180,1,1,2,1,1,1,4,18.75
1350,3,3,25000,180,5,1,2,1,2,1,3,18.51851852
1000,2,2,20000,180,1,2,3,1,2,1,1,20
300,1,1,10000,180,3,1,1,1,2,3,2,33.33333333
1000,2,2,21500,180,1,1,2,1,2,3,5,21.5
900,2,2,15000,180,2,1,3,1,3,3,3,16.66666667
300,1,1,12000,180,1,2,2,1,2,3,3,40
950,2,2,15000,180,1,1,2,2,2,3,5,15.78947368
400,1,2,10000,180,3,2,1,1,4,4,5,25
975,2,3,17000,180,1,2,2,1,2,3,3,17.43589744
1100,2,2,17500,180,1,2,1,1,3,3,2,15.90909091
3300,5,3,60000,61,1,1,1,3,4,3,3,18.18181818
2600,3,4,60000,61,1,2,1,1,1,2,3,23.07692308
1800,4,3,43000,112,1,2,2,1,3,2,13,23.88888889
1450,3,3,35000,112,1,1,2,2,3,3,1,24.13793103
1900,3,3,55000,112,1,1,3,1,2,1,4,28.94736842
1500,3,3,40000,112,1,3,2,3,5,1,5,26.66666667
2000,4,3,70000,112,1,1,1,3,2,2,3,35
300,1,1,10000,180,1,2,1,1,3,3,3,33.33333333
1200,3,3,30000,112,1,2,1,2,1,3,3,25
1500,3,3,40000,112,1,1,1,1,3,3,2,26.66666667
700,2,2,20000,112,1,1,2,1,2,3,4,28.57142857
950,3,3,50000,112,4,3,1,1,2,2,14,52.63157895
3000,4,4,80000,112,1,2,2,1,5,3,4,26.66666667
2000,3,3,45000,61,1,1,2,1,4,2,3,22.5
1495,4,3,22000,180,1,2,1,1,5,3,3,14.71571906
1100,2,2,18000,180,1,2,2,1,3,3,3,16.36363636
800,2,3,18000,180,1,1,2,1,3,3,4,22.5
800,2,2,17000,180,1,1,1,1,2,3,3,21.25
1400,3,3,26000,180,1,1,3,1,2,1,15,18.57142857
950,2,2,15000,180,1,1,3,4,3,3,4,15.78947368
950,2,2,18000,180,1,2,2,1,1,1,3,18.94736842
850,2,2,14000,180,1,1,1,1,1,2,12,16.47058824
1800,3,3,35000,67,1,1,2,1,3,3,3,19.44444444
2200,3,3,40000,112,4,2,2,1,5,1,4,18.18181818
500,1,2,13000,67,1,2,1,2,1,2,3,26
1400,3,3,30000,67,1,1,2,1,2,3,3,21.42857143
900,2,2,15000,67,4,1,2,1,1,1,4,16.66666667
900,1,2,13000,67,1,2,2,1,1,3,4,14.44444444
1400,3,3,33000,67,1,2,2,1,1,1,12,23.57142857
500,1,2,14000,67,1,2,2,2,4,3,4,28
900,2,2,20000,67,1,1,1,1,3,1,3,22.22222222
1135,3,3,24000,67,1,2,2,1,3,2,3,21.14537445
1890,3,3,45000,61,1,1,3,1,2,3,4,23.80952381
1600,3,3,50000,22,1,2,3,1,5,3,4,31.25
400,1,2,12000,135,1,2,1,2,3,2,3,30
850,2,2,16000,135,2,1,2,1,3,2,2,18.82352941
2200,4,3,50000,61,1,1,2,2,4,3,1,22.72727273
500,1,2,15000,112,1,2,2,1,3,3,4,30
1750,4,3,47000,61,1,1,1,1,2,3,3,26.85714286
1960,4,3,48000,61,1,2,3,1,2,3,1,24.48979592
1300,3,3,22000,112,1,1,1,3,4,3,3,16.92307692
600,2,2,19000,112,1,2,1,1,3,3,4,31.66666667
1360,3,3,25000,40,1,2,2,1,4,3,3,18.38235294
2300,2,3,34000,179,1,2,1,1,1,4,4,14.7826087
1700,4,3,35000,179,1,1,1,2,2,2,4,20.58823529
2200,4,3,60000,179,1,3,1,3,4,3,4,27.27272727
2200,3,3,39000,179,1,1,1,1,1,3,3,17.72727273
2200,4,3,30000,56,1,1,2,1,2,3,3,13.63636364
1420,3,3,30000,179,1,1,1,1,2,3,4,21.12676056
2250,4,4,30000,56,1,1,2,1,1,3,1,13.33333333
1000,3,2,29000,67,1,1,2,1,2,3,3,29
1960,3,3,35000,40,1,2,2,1,5,3,3,17.85714286
2150,4,4,30000,56,5,1,3,2,3,3,4,13.95348837
1300,2,3,35000,55,2,1,1,1,2,2,4,26.92307692
2200,3,4,30000,56,1,1,2,1,3,3,14,13.63636364
1125,3,3,30000,55,1,1,2,2,1,1,3,26.66666667
1150,3,2,23000,67,1,3,1,1,3,3,4,20
1525,3,3,26000,179,1,1,3,1,1,3,4,17.04918033
1500,3,3,30000,67,1,1,1,1,1,2,2,20
2200,3,3,30000,179,1,2,1,1,1,3,3,13.63636364
1250,3,3,22000,67,1,1,2,1,2,3,3,17.6
1600,3,3,34000,67,1,2,1,1,1,3,2,21.25
1540,3,3,30000,179,1,2,2,2,5,3,3,19.48051948
1650,3,2,30000,40,1,1,2,1,4,3,4,18.18181818
2250,4,3,50000,40,1,1,1,1,1,3,3,22.22222222
1600,3,3,30000,40,5,3,1,1,2,3,2,18.75
1300,3,3,25000,40,1,1,2,3,1,3,3,19.23076923
2480,4,3,45000,40,1,2,2,1,1,3,3,18.14516129
1500,3,3,25000,40,1,1,2,1,1,3,3,16.66666667
2160,3,3,40000,40,1,1,2,2,2,3,3,18.51851852
1500,3,3,26000,40,1,2,1,1,3,1,4,17.33333333
1200,2,3,25000,40,1,1,1,2,5,1,4,20.83333333
1550,4,4,30000,179,1,2,1,2,2,3,3,19.35483871
1200,2,3,20000,40,1,2,2,1,3,4,4,16.66666667
1540,3,3,28000,40,1,4,2,1,1,2,3,18.18181818
1850,4,3,30000,40,4,3,3,1,3,3,3,16.21621622
1600,4,3,40000,40,1,2,1,3,1,2,3,25
2000,3,3,30000,40,1,1,2,1,2,1,15,15
1500,3,3,28000,40,1,1,2,1,2,2,3,18.66666667
1200,2,3,22000,40,1,3,1,1,2,1,4,18.33333333
1450,3,3,27500,40,2,1,2,1,4,3,3,18.96551724
1490,3,3,27500,40,1,1,2,1,3,1,5,18.45637584
2450,4,4,60000,179,1,1,2,1,2,3,4,24.48979592
2400,2,4,40000,179,4,1,2,1,4,3,4,16.66666667
1500,3,3,35000,179,1,2,2,1,1,2,14,23.33333333
1400,2,3,35000,179,1,1,1,2,3,3,5,25
2000,3,3,35000,179,1,1,3,1,1,3,3,17.5
1500,3,3,30000,40,2,2,1,1,1,3,5,20
2200,5,4,50000,179,1,3,1,1,3,3,4,22.72727273
2000,3,3,100000,31,1,3,2,2,5,3,3,50
2400,4,4,70000,179,2,2,2,1,1,3,3,29.16666667
2200,3,3,50000,179,1,2,1,1,1,3,4,22.72727273
1400,3,3,27000,40,1,2,1,4,2,2,4,19.28571429
850,2,2,13000,40,1,1,1,1,2,1,13,15.29411765
1460,3,3,22000,40,1,1,1,2,3,1,3,15.06849315
1375,3,3,25000,40,1,1,3,1,4,3,3,18.18181818
1160,3,3,21000,40,1,1,3,1,5,3,3,18.10344828
1450,3,3,22000,40,3,1,2,2,1,3,4,15.17241379
2800,4,4,45000,40,1,2,3,1,5,3,3,16.07142857
2300,4,3,50000,40,1,1,2,1,1,3,3,21.73913043
1400,4,3,25000,40,1,2,1,1,3,3,1,17.85714286
850,2,2,17000,40,1,3,1,2,3,1,3,20
2150,3,3,45000,74,1,1,1,1,2,3,3,20.93023256
2488,4,4,85000,74,2,1,2,1,2,2,4,34.16398714
2125,3,3,50000,74,1,1,3,3,4,1,5,23.52941176
3200,3,3,55000,74,1,1,2,1,3,3,3,17.1875
2150,3,3,45000,74,1,2,3,3,4,1,3,20.93023256
2200,4,4,70000,74,1,1,1,1,4,3,1,31.81818182
3500,4,4,110000,74,1,2,2,1,1,3,4,31.42857143
1800,4,3,101,119,1,2,3,3,3,3,3,0.056111111
2500,3,3,60000,75,1,2,1,1,3,1,10,24
2200,3,3,60000,75,2,1,3,1,2,3,3,27.27272727
3000,4,4,90000,31,1,1,2,1,1,1,3,30
3200,4,4,120000,31,1,2,3,1,6,1,3,37.5
2350,3,3,70000,31,1,1,1,1,2,2,15,29.78723404
2500,3,3,150000,31,1,1,3,1,2,3,4,60
2400,3,3,70000,31,1,1,1,1,4,3,4,29.16666667
2900,5,4,150000,31,1,3,2,1,1,2,4,51.72413793
2700,4,3,110000,31,1,2,2,1,4,3,4,40.74074074
2100,3,3,50000,31,3,1,3,1,4,3,3,23.80952381
2600,3,3,150000,31,1,2,2,1,3,2,5,57.69230769
3000,3,4,190000,31,1,2,3,1,2,2,3,63.33333333
2600,3,4,80000,22,1,2,2,1,1,1,4,30.76923077
2850,4,3,100000,75,4,1,3,2,3,2,12,35.0877193
2800,3,3,80000,75,4,2,2,1,5,3,3,28.57142857
2350,3,3,55000,74,1,2,2,2,4,3,4,23.40425532
2300,3,3,80000,74,1,1,2,2,3,3,3,34.7826087
2350,3,3,55000,74,1,3,1,1,1,1,4,23.40425532
2400,4,3,110000,74,1,2,3,2,1,2,3,45.83333333
1850,3,3,60000,74,1,2,2,1,3,3,4,32.43243243
1,4,5,12000,29,1,1,2,1,3,3,3,12000
2400,4,3,85000,75,1,1,1,4,3,3,3,35.41666667
2250,3,3,55000,75,1,1,2,1,1,1,4,24.44444444
2200,3,3,55000,75,1,2,1,1,2,3,3,25
2250,4,3,60000,22,1,1,2,1,2,3,3,26.66666667
1270,4,3,25000,20,1,2,1,2,3,3,5,19.68503937
2800,4,4,100000,75,2,2,3,1,3,3,4,35.71428571
1850,3,3,55000,74,1,2,2,1,4,2,3,29.72972973
2400,2,3,70000,75,1,2,2,1,3,2,4,29.16666667
4500,4,4,220000,74,1,1,2,1,5,3,3,48.88888889
1850,3,3,55000,74,4,1,2,2,3,2,3,29.72972973
3000,4,4,100000,75,1,1,2,5,1,3,2,33.33333333
2600,3,3,110000,75,1,4,2,2,3,3,3,42.30769231
2100,3,3,30000,56,2,2,2,1,3,2,3,14.28571429
2170,3,3,80000,75,1,1,3,3,2,2,2,36.86635945
2000,3,3,65000,75,1,2,2,1,3,2,3,32.5
3720,4,4,225000,75,1,3,1,1,4,1,3,60.48387097
1580,4,3,35000,134,1,1,2,2,2,2,1,22.15189873
1250,3,3,30000,134,1,1,1,1,3,3,5,24
2225,3,3,90000,75,1,2,1,1,3,1,13,40.4494382
2200,5,3,35000,56,1,1,3,1,3,2,15,15.90909091
1475,3,3,30000,55,1,2,1,1,1,3,3,20.33898305
2250,3,4,30000,56,4,3,3,1,1,3,2,13.33333333
2150,3,4,35000,56,1,1,1,1,2,2,4,16.27906977
2200,4,4,35000,56,1,1,2,1,4,2,4,15.90909091
2400,4,4,35000,56,1,2,2,1,3,2,5,14.58333333
1100,2,2,21000,56,1,3,3,1,2,2,3,19.09090909
2200,4,4,35000,56,1,2,2,1,1,2,3,15.90909091
2300,2,3,80000,75,1,3,2,1,3,3,1,34.7826087
2352,4,3,100000,31,5,1,3,1,2,3,7,42.5170068
3400,5,5,180000,75,1,2,2,2,2,2,3,52.94117647
2000,3,3,80000,31,1,1,3,3,3,2,3,40
2500,4,3,80000,31,3,2,1,2,1,3,4,32
2750,3,3,120000,31,1,2,1,1,2,1,4,43.63636364
3800,4,4,130000,75,1,1,1,1,3,3,12,34.21052632
2000,4,3,60000,75,1,1,1,1,1,3,3,30
3000,4,3,150000,31,1,1,2,1,1,2,4,50
3475,4,3,150000,31,2,1,2,1,4,3,1,43.16546763
2400,4,3,80000,31,1,1,2,1,5,1,5,33.33333333
1500,3,3,30000,134,1,1,2,1,3,3,4,20
2352,3,3,100000,31,1,1,2,1,1,2,3,42.5170068
2350,4,3,130000,31,5,1,3,1,2,1,3,55.31914894
2300,4,3,50000,74,1,1,1,1,2,4,3,21.73913043
1800,3,3,65000,22,2,2,2,2,2,3,3,36.11111111
600,1,1,8000,102,1,1,2,1,1,3,3,13.33333333
2140,4,3,120000,31,4,3,2,1,1,3,3,56.07476636
2200,4,3,30000,134,4,1,3,1,3,3,3,13.63636364
2150,4,4,30000,134,1,1,1,1,3,2,3,13.95348837
1150,3,3,18000,180,4,2,2,1,3,2,4,15.65217391
1500,2,3,12000,103,1,1,3,2,1,3,4,8
2300,2,3,115000,31,1,3,1,1,1,3,3,50
3515,5,4,280000,22,1,1,1,1,3,2,4,79.65860597
2000,3,3,130000,75,1,2,1,1,1,3,1,65
3000,5,4,200000,75,1,2,2,2,1,3,16,66.66666667
3000,3,4,150000,75,3,1,1,1,3,3,1,50
1200,2,3,25000,180,1,1,1,2,5,3,4,20.83333333
3000,3,3,160000,22,2,2,2,1,2,3,2,53.33333333
2000,4,4,55000,22,1,1,1,1,1,3,2,27.5
2200,3,3,50000,22,2,1,1,1,1,3,4,22.72727273
1200,2,3,9000,173,1,2,2,1,3,3,1,7.5
1887,4,3,31000,40,1,1,3,1,2,2,1,16.4281929
2300,3,3,60000,75,1,1,2,2,4,3,3,26.08695652
1550,3,3,45000,22,1,1,2,1,3,3,4,29.03225806
2000,4,3,45000,22,1,3,2,1,1,2,3,22.5
2800,3,4,55000,22,1,2,2,2,2,2,3,19.64285714
1400,3,3,30000,133,2,1,2,2,1,2,4,21.42857143
3200,5,4,120000,31,1,1,2,1,3,2,4,37.5
1640,3,4,40000,61,1,2,2,1,3,3,3,24.3902439
2200,4,3,50000,74,1,1,2,2,1,1,5,22.72727273
3200,4,4,150000,31,2,1,2,1,6,3,4,46.875
1800,3,3,50000,134,1,1,1,2,1,1,4,27.77777778
2795,4,3,120000,31,1,2,1,1,1,3,3,42.93381038
1450,3,3,30000,67,1,1,3,1,2,1,3,20.68965517
980,2,2,22000,170,1,2,1,1,3,1,4,22.44897959
2180,3,3,50000,75,1,1,3,1,3,1,3,22.93577982
800,2,2,15000,14,1,1,1,1,1,3,2,18.75
3000,4,4,80000,75,1,2,1,1,1,3,7,26.66666667
2250,3,3,35000,56,1,1,2,3,3,1,3,15.55555556
2200,3,3,60000,75,1,1,1,1,2,3,3,27.27272727
1250,3,2,22000,92,4,1,1,1,1,3,4,17.6
1350,4,3,32000,134,1,2,2,1,3,3,4,23.7037037
2500,4,4,75000,75,1,1,1,1,2,4,2,30
2510,5,4,85000,54,1,1,3,1,3,2,4,33.86454183
1800,3,3,50000,22,1,2,2,1,4,3,4,27.77777778
1800,3,3,50000,22,1,1,3,1,3,3,3,27.77777778
950,2,3,16000,61,4,1,2,2,6,3,5,16.84210526
1400,3,3,38000,57,4,1,3,2,3,3,4,27.14285714
2600,3,4,100000,75,1,2,2,1,5,2,4,38.46153846
1350,3,3,50000,57,1,2,3,1,2,1,3,37.03703704
1800,3,3,80000,75,1,2,2,1,1,3,3,44.44444444
1300,3,3,30000,162,1,2,2,1,3,1,3,23.07692308
2200,4,4,75000,75,1,2,1,1,3,3,5,34.09090909
3600,3,3,150000,75,1,2,3,1,3,2,4,41.66666667
1300,3,3,44000,57,1,2,3,1,3,1,4,33.84615385
2700,4,4,85000,57,1,2,3,2,2,3,3,31.48148148
2700,4,4,100000,57,1,1,2,2,3,3,4,37.03703704
810,2,2,15000,20,1,2,1,1,3,3,4,18.51851852
2700,4,3,300000,75,1,2,2,3,3,3,3,111.1111111
810,2,2,16500,20,1,1,2,1,1,2,5,20.37037037
1250,3,3,25000,14,1,1,1,1,5,3,3,20
2450,4,4,120000,22,4,1,3,1,2,1,3,48.97959184
2260,3,3,75000,22,4,1,3,1,1,1,3,33.18584071
1200,3,2,27000,112,1,1,2,1,2,3,4,22.5
2960,4,4,100000,22,1,2,2,1,4,2,4,33.78378378
2260,3,3,80000,22,1,2,2,1,2,3,4,35.39823009
1100,2,2,20000,180,1,1,1,1,3,3,3,18.18181818
2200,3,3,50000,75,4,3,1,4,5,2,4,22.72727273
2050,4,3,50000,22,5,2,2,1,3,2,3,24.3902439
2250,4,4,30000,40,1,2,3,1,1,2,3,13.33333333
2250,3,4,30000,40,1,1,2,2,2,3,3,13.33333333
2990,6,4,65000,179,1,1,2,1,3,3,3,21.73913043
1400,2,2,18000,16,1,2,2,4,2,2,4,12.85714286
1550,3,3,34000,61,1,1,3,1,5,1,4,21.93548387
2450,4,4,52000,61,1,1,1,2,5,2,1,21.2244898
2225,3,3,90000,75,1,2,3,1,3,4,4,40.4494382
1750,3,3,60000,75,1,3,2,1,3,3,1,34.28571429
2150,3,3,50000,22,2,2,2,1,3,3,1,23.25581395
1150,4,3,4000000,170,2,2,1,1,5,1,3,3478.26087
1000,2,3,14000,101,1,1,1,1,4,1,3,14
2770,3,4,75000,22,1,2,3,2,1,3,1,27.07581227
2380,3,3,70000,22,1,3,3,2,3,3,3,29.41176471
1800,4,3,100000,75,1,1,1,1,3,3,4,55.55555556
2400,4,3,80000,75,1,2,3,2,3,3,1,33.33333333
2032,3,4,100000,75,1,1,1,1,2,3,1,49.21259843
1200,4,3,22000,134,1,1,1,1,1,2,4,18.33333333
1800,4,3,50000,75,1,1,2,1,3,1,15,27.77777778
1450,3,3,60000,75,1,1,2,3,2,3,4,41.37931034
4880,3,3,29280000,157,1,1,2,2,3,3,1,6000
2200,2,4,100000,22,1,1,2,3,3,1,3,45.45454545
2200,3,3,55000,22,3,1,2,2,2,1,3,25
4880,3,3,29280000,157,2,2,2,1,1,3,3,6000
2600,3,3,55000,74,2,2,2,2,1,3,1,21.15384615
2200,5,3,70000,22,1,1,2,2,1,3,4,31.81818182
2500,4,4,80000,22,1,3,2,2,1,2,2,32
3000,4,4,65000,22,1,3,1,1,4,2,5,21.66666667
2300,4,4,55000,74,5,2,2,1,4,3,3,23.91304348
2600,4,3,125000,75,1,2,2,1,5,2,1,48.07692308
2300,4,2,60000,22,1,2,3,1,2,1,4,26.08695652
2400,4,3,80000,75,1,1,3,1,2,3,3,33.33333333
3500,4,3,60000,31,5,1,2,1,4,2,13,17.14285714
2400,4,3,60000,74,1,3,1,2,3,3,5,25
3050,4,4,150000,75,3,1,3,1,2,3,5,49.18032787
2350,3,3,60000,75,3,2,2,1,3,2,5,25.53191489
1750,3,3,40000,134,1,1,2,2,1,1,3,22.85714286
850,2,2,1600,119,1,2,3,1,2,3,4,1.882352941
2000,4,4,60000,75,1,2,1,5,4,3,3,30
2016,3,3,45000,22,1,2,2,1,2,2,4,22.32142857
2215,4,3,100000,75,1,2,1,2,1,2,3,45.14672686
2500,3,3,90000,74,1,1,2,1,2,3,3,36
2000,3,3,60000,75,1,3,3,1,2,1,4,30
1500,4,3,40000,134,1,1,3,3,3,3,3,26.66666667
1460,3,3,30000,134,1,1,2,1,5,3,7,20.54794521
2250,3,3,75000,74,1,4,2,1,2,2,3,33.33333333
3000,4,4,120000,74,1,1,2,1,1,1,3,40
4600,5,4,175000,74,2,1,3,1,2,3,3,38.04347826
5000,5,4,250000,75,2,1,2,1,2,1,2,50
2800,3,3,80000,75,2,1,1,1,3,2,3,28.57142857
1500,2,3,30000,61,1,1,2,1,3,1,1,20
2000,3,3,50000,74,1,2,3,1,4,1,4,25
1350,3,3,25000,55,1,2,2,1,2,2,3,18.51851852
1500,3,3,35000,134,4,1,2,1,3,3,5,23.33333333
1250,2,3,24000,139,4,1,2,1,4,3,3,19.2
1000,2,2,22000,92,1,2,1,1,3,3,4,22
6,2,2,22000,92,1,1,2,1,1,2,3,3666.666667
1400,3,3,25000,134,1,1,1,2,4,1,1,17.85714286
2000,4,3,55000,75,1,2,2,1,2,3,3,27.5
1200,3,3,30000,134,1,1,1,2,2,3,3,25
2500,3,3,120000,75,5,1,3,1,4,3,3,48
1800,4,3,50000,22,1,1,1,1,2,3,4,27.77777778
1450,3,3,32000,134,1,1,2,1,1,1,3,22.06896552
2550,5,4,55000,134,5,3,1,1,3,1,3,21.56862745
1570,3,3,30000,134,1,2,2,1,5,3,4,19.10828025
1700,3,3,28000,40,1,1,3,3,1,2,3,16.47058824
1500,3,3,40000,134,1,2,2,1,3,3,3,26.66666667
2400,3,3,35000,134,1,1,3,2,2,2,3,14.58333333
1560,3,3,50000,134,3,1,3,1,3,1,3,32.05128205
2450,5,4,90000,22,1,1,3,2,2,3,4,36.73469388
1300,2,3,35000,40,1,1,2,1,3,1,1,26.92307692
1700,3,3,50000,75,5,3,2,2,1,3,4,29.41176471
1900,3,3,50000,22,1,1,3,1,2,3,3,26.31578947
2250,3,3,90000,22,1,1,1,2,3,2,4,40
1800,4,3,70000,22,5,1,1,1,4,2,3,38.88888889
1400,2,3,25000,40,1,1,2,1,4,3,1,17.85714286
1600,3,3,20000,40,1,1,2,1,3,1,3,12.5
1575,3,3,27000,40,4,1,1,1,5,2,3,17.14285714
1750,3,3,50000,54,1,1,2,1,2,3,3,28.57142857
1650,3,3,28000,40,1,2,2,1,3,2,4,16.96969697
850,2,2,16000,40,1,1,3,1,1,3,3,18.82352941
1450,3,3,27000,40,4,1,2,1,3,3,3,18.62068966
2200,3,3,100000,31,1,2,2,4,1,3,1,45.45454545
1250,4,3,27000,40,1,1,2,1,2,3,2,21.6
1300,2,2,24000,40,1,2,2,2,1,2,3,18.46153846
1300,4,3,18000,40,1,1,1,1,3,3,3,13.84615385
1250,2,2,19000,40,1,2,2,1,4,1,3,15.2
3000,4,4,500000,31,5,1,2,1,2,2,1,166.6666667
1500,3,3,25000,40,1,1,2,3,1,3,3,16.66666667
2250,4,4,35000,40,1,2,3,1,3,2,3,15.55555556
3000,3,3,100000,22,2,3,2,1,1,2,4,33.33333333
3665,4,4,200000,75,2,1,1,1,3,3,1,54.57025921
2400,3,3,140000,74,1,2,2,1,3,3,3,58.33333333
2350,3,3,50000,67,1,1,2,1,1,2,4,21.27659574
7000,6,6,300000,74,1,2,1,1,3,1,1,42.85714286
1850,3,3,50000,54,1,3,2,1,4,1,3,27.02702703
3100,3,4,85000,74,2,2,2,1,3,2,3,27.41935484
2300,4,3,60000,22,5,3,1,1,3,1,3,26.08695652
1350,3,3,35000,55,1,2,2,1,3,1,3,25.92592593
1350,3,3,45000,55,1,1,1,1,3,2,3,33.33333333
2250,3,6,50000,57,1,2,2,1,2,3,3,22.22222222
2400,4,4,75000,57,1,3,2,1,2,1,4,31.25
700,2,2,13000,123,1,1,2,1,4,1,3,18.57142857
2600,4,4,80000,74,1,1,2,1,2,2,5,30.76923077
2340,3,3,80000,74,1,1,2,2,1,2,3,34.18803419
2500,3,3,70000,75,1,1,1,1,2,1,4,28
2800,4,3,130000,31,1,1,1,1,3,3,3,46.42857143
2400,4,3,70000,75,1,1,3,1,3,3,3,29.16666667
3000,4,4,100000,75,1,2,3,1,5,3,4,33.33333333
1400,3,3,40000,57,1,1,1,1,4,1,14,28.57142857
1600,2,3,30000,57,5,2,2,1,1,2,3,18.75
2600,4,4,95000,54,1,1,2,1,2,2,4,36.53846154
1350,3,3,50000,57,1,1,2,1,3,1,14,37.03703704
2300,3,3,55000,22,1,2,2,2,4,3,1,23.91304348
2770,4,4,90000,22,1,1,2,1,3,3,4,32.49097473
4000,5,5,250000,22,1,1,2,5,1,3,4,62.5
1300,3,3,35000,55,1,1,1,1,2,2,4,26.92307692
2800,5,4,95000,22,4,4,2,1,5,1,3,33.92857143
2200,3,3,65000,22,1,2,1,1,2,2,1,29.54545455
1688,3,3,60000,74,4,1,2,1,3,3,3,35.5450237
1500,3,3,50000,22,1,2,1,1,2,3,4,33.33333333
2262,3,3,50000,22,3,1,2,1,4,3,3,22.10433245
2600,5,3,120000,22,1,1,3,2,1,1,3,46.15384615
2500,4,4,50000,55,1,1,2,3,1,2,4,20
1300,3,4,35000,55,1,1,2,1,5,2,1,26.92307692
1250,3,3,35000,55,1,1,1,1,3,2,3,28
1250,3,2,25000,55,5,1,2,1,6,1,4,20
1300,3,3,28000,55,1,2,2,2,3,2,5,21.53846154
2600,3,3,90000,55,1,1,3,1,3,2,3,34.61538462
1300,2,3,35000,55,1,1,1,1,2,3,12,26.92307692
1250,3,3,30000,55,1,2,2,1,4,3,1,24
1500,4,3,50000,55,3,2,2,1,3,3,4,33.33333333
4200,6,5,160000,55,1,2,2,1,2,3,3,38.0952381
1850,3,3,65000,75,1,2,3,1,1,2,4,35.13513514
2240,3,3,65000,75,5,2,1,1,3,1,3,29.01785714
2850,5,4,100000,75,1,1,2,3,4,3,3,35.0877193
2100,3,3,60000,75,1,1,2,1,1,3,3,28.57142857
1200,2,2,55000,22,1,1,3,1,1,3,1,45.83333333
2400,3,3,90000,75,1,1,2,1,4,2,4,37.5
2000,3,3,90000,75,2,2,3,2,2,3,3,45
2200,4,3,50000,75,1,1,2,1,1,1,3,22.72727273
2200,4,4,65000,75,1,2,2,1,3,1,3,29.54545455
550,1,2,8000,101,1,2,1,1,1,3,4,14.54545455
2000,3,4,60000,22,1,1,3,2,3,3,3,30
2450,4,4,80000,75,1,2,1,2,2,3,3,32.65306122
2410,4,3,100000,22,4,2,3,1,2,1,3,41.49377593
2200,3,3,50000,22,1,1,1,1,3,2,3,22.72727273
1500,3,3,50000,22,1,2,1,1,3,3,3,33.33333333
550,1,2,8000,101,1,1,2,1,2,3,1,14.54545455
1800,3,3,50000,22,1,2,1,1,3,3,3,27.77777778
2400,2,3,100000,22,1,1,2,1,3,3,3,41.66666667
1950,3,3,50000,22,1,1,3,1,2,2,4,25.64102564
2224,3,3,80000,75,1,2,2,2,3,2,2,35.97122302
1800,3,3,28000,40,4,2,1,1,1,2,4,15.55555556
1100,3,3,15000,118,1,2,1,1,3,2,3,13.63636364
3685,5,4,350000,31,1,1,3,2,5,3,4,94.97964722
1330,2,3,27000,134,1,1,2,1,1,2,4,20.30075188
2000,3,3,100000,22,1,2,2,1,1,3,1,50
1800,3,3,30000,40,1,1,2,1,2,2,1,16.66666667
2000,3,3,85000,22,1,1,2,1,2,2,3,42.5
1100,3,3,17000,118,1,3,2,1,3,1,14,15.45454545
3200,4,4,220000,31,1,2,3,1,2,1,12,68.75
3335,4,4,150000,31,1,2,2,2,3,3,3,44.97751124
2400,2,3,100000,75,1,1,3,1,3,1,3,41.66666667
1850,3,3,65000,75,1,2,2,1,4,2,4,35.13513514
2350,3,3,75000,22,5,1,1,1,1,1,5,31.91489362
3320,5,4,160000,75,1,2,2,1,2,3,3,48.19277108
2260,3,3,60000,180,1,2,2,1,1,1,4,26.54867257
1650,3,3,30000,144,1,1,2,1,1,3,14,18.18181818
2400,3,3,20000,40,1,2,2,1,1,2,5,8.333333333
1400,3,3,30000,61,1,1,2,1,3,3,3,21.42857143
1200,3,3,22000,118,2,1,2,2,3,2,3,18.33333333
2600,4,4,150000,75,4,1,1,1,4,1,2,57.69230769
1380,4,3,1,51,1,2,1,1,3,2,3,0.000724638
1225,2,3,8500,62,1,1,1,1,4,3,3,6.93877551
2010,3,3,60000,22,1,1,1,2,2,3,7,29.85074627
1400,3,3,26000,134,1,1,1,1,1,3,3,18.57142857
1500,3,3,65000,22,4,1,2,1,3,1,4,43.33333333
1500,3,3,50000,22,1,1,3,1,1,2,3,33.33333333
1600,3,3,35000,61,1,1,3,1,3,2,4,21.875
1465,3,4,30000,61,1,2,2,1,2,3,5,20.4778157
2200,3,3,55000,22,1,3,2,2,3,1,4,25
2200,3,3,70000,22,1,3,1,2,3,3,2,31.81818182
3000,4,3,400000,22,1,1,3,2,2,3,3,133.3333333
1600,3,3,25000,20,1,3,2,1,3,1,2,15.625
2600,5,4,1500000,75,2,1,2,1,4,1,3,576.9230769
1350,3,2,43000,22,1,2,2,1,1,3,4,31.85185185
2850,3,2,130000,75,1,1,1,1,3,3,5,45.61403509
2200,3,3,65000,75,1,2,1,1,2,3,4,29.54545455
2300,2,3,55000,74,1,2,1,2,1,3,3,23.91304348
1900,4,3,50000,22,1,1,3,1,2,2,3,26.31578947
2100,4,3,70000,22,1,2,2,1,1,2,4,33.33333333
1500,5,4,45000,22,1,1,2,2,2,3,3,30
2600,4,4,100000,75,1,2,1,1,2,3,4,38.46153846
2300,3,3,80000,75,1,1,3,1,4,1,4,34.7826087
2400,3,3,55000,74,3,1,2,1,3,2,2,22.91666667
2700,4,4,120000,75,1,2,2,1,2,3,3,44.44444444
800,2,3,11500,170,1,1,2,2,1,2,4,14.375
2080,4,3,40000,180,1,2,1,1,1,3,3,19.23076923
2500,3,3,120000,74,3,1,1,1,3,2,3,48
1250,2,2,21000,112,1,1,2,1,3,3,3,16.8
1850,3,3,70000,22,1,1,2,1,1,1,3,37.83783784
1950,5,4,45000,179,1,1,2,1,1,1,3,23.07692308
2350,3,3,50000,22,1,1,1,1,1,3,4,21.27659574
1500,3,3,28000,180,3,1,2,2,2,3,4,18.66666667
1800,4,3,60000,22,1,1,1,1,4,3,3,33.33333333
2700,3,2,150000,75,4,2,2,1,5,1,3,55.55555556
3350,3,3,125000,22,1,2,1,1,2,2,5,37.31343284
1100,2,3,13000,24,1,2,2,1,2,2,3,11.81818182
2350,3,3,80000,75,1,2,2,1,4,3,4,34.04255319
1818,3,3,60000,22,1,1,1,1,4,3,4,33.00330033
2500,4,4,170000,74,1,1,1,4,3,3,3,68
2350,4,3,65000,74,1,1,3,1,1,2,4,27.65957447
2600,3,3,80000,74,1,4,1,1,3,3,3,30.76923077
2880,5,4,150000,22,1,2,3,1,1,3,4,52.08333333
2470,4,4,100000,22,1,1,2,1,5,3,3,40.48582996
2400,4,3,70000,74,1,2,1,1,1,3,4,29.16666667
3500,5,4,1500000,74,1,1,2,1,2,3,4,428.5714286
3000,5,4,80000,22,4,2,1,1,2,2,7,26.66666667
3000,3,4,100000,22,1,1,1,1,2,2,4,33.33333333
3200,3,3,150000,22,1,1,2,1,2,3,3,46.875
2250,4,3,65000,22,1,1,2,2,4,3,3,28.88888889
1620,3,3,500000,22,1,1,3,1,3,1,4,308.6419753
3700,4,3,130000,22,1,1,2,1,3,3,4,35.13513514
1000,2,3,22000,180,4,1,1,1,2,2,12,22
1350,3,3,25000,14,1,2,2,1,3,2,3,18.51851852
2770,3,3,60000,74,1,1,3,1,3,3,1,21.66064982
2000,4,4,55000,22,1,1,1,1,1,3,4,27.5
3200,4,4,100000,74,5,2,3,1,1,1,3,31.25
2700,6,4,80000,22,2,1,2,2,3,3,3,29.62962963
1350,3,3,25000,14,2,1,3,1,2,2,3,18.51851852
2500,3,3,130000,74,1,2,1,1,4,2,4,52
2800,3,4,80000,74,1,1,2,1,4,3,4,28.57142857
2200,3,3,100000,22,1,1,2,1,3,3,4,45.45454545
2400,4,3,75000,74,3,1,2,1,4,2,2,31.25
1100,3,2,40000,75,1,1,2,1,1,2,4,36.36363636
2600,3,4,80000,55,4,1,2,1,2,1,5,30.76923077
2600,3,3,100000,74,2,1,1,1,1,2,4,38.46153846
2650,4,3,80000,74,1,1,2,1,1,3,3,30.18867925
6600,6,6,300000,74,1,1,3,2,1,3,3,45.45454545
2500,4,4,70000,74,4,1,2,2,6,1,3,28
2260,3,3,75000,74,4,2,2,2,3,3,4,33.18584071
3500,4,2,100000,22,4,1,2,1,4,3,13,28.57142857
2000,3,3,55000,75,1,1,2,1,2,3,4,27.5
2230,3,3,70000,74,2,1,1,3,3,3,4,31.39013453
2600,6,4,120000,75,1,1,2,1,3,3,3,46.15384615
2000,4,3,120000,74,3,2,2,1,1,3,3,60
2700,5,4,80000,74,4,1,3,3,4,3,5,29.62962963
2260,3,3,70000,74,1,2,2,2,3,3,13,30.97345133
1100,2,3,20000,40,1,2,1,1,1,3,3,18.18181818
2300,4,3,80000,74,1,2,3,1,1,3,3,34.7826087
2300,4,4,65000,74,1,2,2,1,1,2,3,28.26086957
2000,3,3,60000,75,4,2,1,1,4,2,4,30
2000,3,3,75000,75,1,1,1,1,2,2,4,37.5
1870,3,3,80000,75,2,1,3,1,2,3,4,42.78074866
2000,3,3,60000,31,1,2,2,1,2,2,3,30
2200,3,3,70000,75,1,1,3,1,3,3,4,31.81818182
2200,3,3,75000,74,1,2,2,1,5,3,1,34.09090909
2600,4,4,70000,74,1,1,1,1,4,3,4,26.92307692
1400,3,3,40000,135,1,1,2,1,2,2,1,28.57142857
2600,3,3,80000,31,1,3,3,1,2,1,4,30.76923077
2300,3,3,55000,74,1,1,1,1,2,2,3,23.91304348
650,2,2,15000,123,1,1,2,1,5,3,12,23.07692308
3064,4,4,140000,74,1,2,1,1,1,1,1,45.69190601
2000,3,3,100000,75,1,3,2,1,3,3,3,50
2000,3,3,50000,134,1,1,2,1,3,3,4,25
2300,3,3,60000,74,1,1,2,1,3,3,5,26.08695652
4600,3,3,350000,75,1,1,3,2,4,3,4,76.08695652
1850,3,3,50000,134,1,1,1,1,3,2,1,27.02702703
1800,3,3,65000,74,1,2,2,1,4,2,4,36.11111111
2850,4,4,120000,75,1,1,2,1,1,2,4,42.10526316
1250,4,3,30000,55,2,2,1,1,2,4,3,24
1800,3,3,55000,75,4,2,3,1,3,2,1,30.55555556
1250,4,3,30000,55,1,1,1,2,2,3,5,24
2000,5,3,60000,75,1,2,1,2,1,3,3,30
7200,5,4,350000,74,5,2,2,1,1,2,3,48.61111111
5800,4,4,400000,74,1,1,2,1,4,3,3,68.96551724
2200,3,3,70000,74,1,1,2,1,3,3,4,31.81818182
2200,3,3,110000,75,1,1,1,2,4,3,2,50
1250,4,3,30000,55,1,1,2,2,2,2,3,24
2600,2,3,90000,75,1,2,2,2,1,3,3,34.61538462
2000,3,3,75000,75,1,1,2,1,4,3,4,37.5
2000,4,3,55000,75,1,1,2,1,3,2,3,27.5
2320,3,3,70000,74,1,3,1,3,3,3,3,30.17241379
2470,3,3,130000,74,2,2,1,1,4,3,4,52.63157895
2350,3,3,85000,74,1,2,1,1,4,1,4,36.17021277
2339,3,3,50000,75,1,1,2,1,3,3,5,21.37665669
2000,5,3,60000,75,1,1,3,3,6,1,2,30
2025,3,3,65000,74,1,2,2,2,4,1,3,32.09876543
2300,4,4,60000,74,1,1,3,1,3,3,3,26.08695652
2320,4,3,70000,74,4,1,2,1,1,2,3,30.17241379
600,2,2,12000,118,1,3,3,2,5,3,3,20
1800,3,3,38000,180,4,1,1,1,1,2,3,21.11111111
2000,3,3,70000,22,1,2,2,3,4,3,2,35
1200,4,3,18000,180,1,1,2,1,3,2,4,15
1100,3,3,18000,182,1,1,2,1,4,3,3,16.36363636
1400,2,3,170000,31,2,1,1,1,5,2,3,121.4285714
1400,3,3,26000,180,1,1,2,1,1,2,4,18.57142857
1250,3,3,20000,180,1,1,2,1,1,2,5,16
2865,3,5,85000,22,1,1,2,1,3,3,2,29.66841187
1336,2,3,22000,118,2,2,1,1,2,2,4,16.46706587
3300,4,4,220000,22,1,2,3,1,3,2,3,66.66666667
1800,3,3,65000,22,1,1,2,1,2,1,5,36.11111111
2880,3,4,200000,22,4,3,1,1,2,3,5,69.44444444
1200,3,3,27000,61,1,2,2,1,1,3,2,22.5
1500,4,3,15000,123,1,1,2,2,2,1,4,10
3000,4,4,120000,75,1,1,2,2,3,3,3,40
2224,3,3,70000,74,1,1,3,1,5,3,3,31.47482014
2200,3,3,80000,75,2,2,1,1,1,3,4,36.36363636
1050,3,3,16000,118,1,2,1,2,3,1,3,15.23809524
1690,3,3,28000,180,1,1,1,1,2,3,3,16.56804734
1150,2,3,16000,138,1,1,3,1,2,3,3,13.91304348
750,3,2,17000,180,1,1,1,1,1,3,4,22.66666667
1750,3,3,35000,180,1,1,1,2,1,2,3,20
900,2,2,18000,180,2,3,1,3,2,2,3,20
1500,4,3,25000,180,1,2,1,1,1,3,1,16.66666667
1800,2,2,16000,180,1,2,3,1,3,1,3,8.888888889
2160,4,3,70000,180,1,1,2,1,4,2,4,32.40740741
1550,5,3,35000,180,1,2,3,1,2,3,3,22.58064516
2100,6,4,70000,180,4,1,1,1,4,3,5,33.33333333
850,1,1,15000,180,1,1,3,1,5,3,4,17.64705882
1200,3,3,30000,180,1,2,1,1,1,2,3,25
1995,3,3,100000,180,1,1,1,1,3,2,3,50.12531328
900,2,3,20000,180,1,1,1,2,5,2,3,22.22222222
1300,4,3,26000,180,1,2,2,1,4,2,3,20
2400,4,3,65000,180,1,2,2,1,4,2,3,27.08333333
1600,3,3,28000,180,1,1,1,4,1,3,3,17.5
1550,4,3,36000,180,1,1,3,1,1,2,3,23.22580645
800,1,2,14000,180,1,2,2,1,2,2,3,17.5
2202,5,3,50000,180,1,1,2,1,3,3,4,22.70663034
800,3,2,16400,180,2,1,1,1,4,3,4,20.5
2100,4,3,35000,180,1,1,2,1,1,3,7,16.66666667
1100,3,3,20000,40,1,3,2,1,2,3,12,18.18181818
1440,3,3,25000,20,2,1,3,1,5,2,3,17.36111111
1000,3,3,20000,180,1,1,2,2,1,2,5,20
1550,5,3,30000,180,2,1,3,1,3,2,3,19.35483871
1300,3,3,22000,180,1,2,2,1,4,3,4,16.92307692
600,2,1,25000,180,1,2,2,2,2,1,3,41.66666667
2000,4,4,35000,180,1,2,1,1,4,1,3,17.5
500,2,2,8000,118,1,3,1,1,3,4,3,16
1800,4,3,38000,180,1,2,2,1,3,2,13,21.11111111
1000,3,2,18000,180,1,2,3,1,4,1,7,18
2200,4,4,44000,180,4,1,1,1,3,2,3,20
1550,4,3,25000,180,1,1,2,2,5,3,3,16.12903226
1400,3,4,40000,180,1,2,2,1,2,3,2,28.57142857
1650,4,3,32000,180,1,1,2,1,4,3,3,19.39393939
1800,4,3,27000,180,1,2,3,1,1,2,4,15
1800,5,3,22000,180,1,2,2,1,3,2,7,12.22222222
1850,3,3,35000,180,1,1,2,1,1,3,4,18.91891892
1800,4,3,35000,180,1,1,2,3,4,2,3,19.44444444
950,3,2,16000,180,1,1,2,1,2,2,3,16.84210526
1700,4,3,30000,180,1,1,2,2,1,3,1,17.64705882
800,3,2,16000,180,1,1,1,1,1,2,4,20
3000,4,4,600000,75,1,1,2,1,1,2,3,200
2800,4,4,55000,180,1,2,3,1,1,3,3,19.64285714
900,3,2,20500,180,1,1,2,1,1,2,3,22.77777778
1600,4,3,35000,180,1,1,1,1,1,2,1,21.875
1500,4,3,27000,180,2,2,2,1,2,3,4,18
1000,2,3,18000,180,1,1,3,2,2,3,3,18
900,2,2,17000,180,1,1,2,2,3,3,14,18.88888889
1800,3,3,23000,180,4,2,1,3,2,3,3,12.77777778
1400,3,3,25000,180,1,2,2,1,1,1,3,17.85714286
1400,4,3,22000,180,1,2,2,1,2,1,3,15.71428571
900,2,3,16000,180,4,1,3,1,1,3,3,17.77777778
1830,3,3,33500,180,1,1,3,2,1,2,3,18.30601093
1100,3,3,26000,180,1,2,2,2,1,1,4,23.63636364
900,2,2,25000,180,4,1,1,1,4,3,3,27.77777778
1200,3,3,25000,180,5,1,2,1,3,1,1,20.83333333
1500,4,3,35000,180,1,1,3,1,3,2,3,23.33333333
750,2,2,18000,180,1,1,1,1,2,2,15,24
900,2,2,14000,180,2,1,2,1,3,3,3,15.55555556
800,2,2,12000,20,1,1,1,1,4,3,3,15
350,1,1,9000,180,1,2,2,1,4,1,4,25.71428571
1300,4,3,35000,180,1,1,2,2,2,3,5,26.92307692
2200,4,3,50000,180,1,2,1,1,4,3,3,22.72727273
800,2,2,10000,20,1,1,2,1,2,1,3,12.5
550,1,2,15000,180,4,1,2,1,4,3,3,27.27272727
2600,5,4,80000,180,1,2,3,1,4,3,4,30.76923077
800,2,2,11000,118,1,2,1,1,1,2,4,13.75
1750,3,3,33000,180,1,1,2,3,4,3,3,18.85714286
2200,3,2,50000,180,1,1,2,1,4,3,14,22.72727273
700,2,2,20000,180,1,1,1,1,3,3,4,28.57142857
1100,3,3,20000,180,1,1,1,1,4,3,4,18.18181818
1875,4,3,35000,180,3,1,1,1,3,3,3,18.66666667
1325,3,3,22000,180,1,1,2,1,2,1,4,16.60377358
1000,2,2,19000,180,5,1,2,2,4,2,4,19
1200,3,4,24000,118,1,1,1,1,3,2,2,20
1860,4,4,25000,180,2,2,2,1,2,1,3,13.44086022
2000,3,3,30000,180,1,2,2,1,2,3,15,15
1700,3,3,35000,180,1,1,1,1,3,3,3,20.58823529
2200,3,4,36000,180,2,2,3,1,4,2,3,16.36363636
800,2,3,16500,180,1,1,2,1,2,3,4,20.625
1100,2,2,22000,180,5,1,1,1,1,3,1,20
900,3,3,22000,180,1,2,2,2,1,2,3,24.44444444
2130,3,3,65000,180,1,2,1,1,1,2,3,30.51643192
1000,3,2,20000,180,3,1,1,1,3,2,2,20
1950,3,3,55000,180,1,2,3,1,1,1,4,28.20512821
500,1,1,10000,180,1,1,2,1,5,3,1,20
1400,4,4,24000,180,1,1,2,2,1,1,3,17.14285714
1150,3,3,25000,20,1,1,3,1,4,3,3,21.73913043
2500,3,3,150000,180,1,1,2,1,2,1,4,60
1500,3,3,25000,180,1,2,1,1,2,2,15,16.66666667
1800,3,3,35000,40,1,1,1,1,3,3,3,19.44444444
1300,3,3,28000,180,1,2,1,2,2,2,3,21.53846154
1700,3,3,35000,180,1,1,1,1,2,3,3,20.58823529
1400,4,3,23000,40,1,2,3,1,3,3,3,16.42857143
500,1,1,7500,180,4,2,2,2,2,2,12,15
1000,3,5,20000,180,3,3,1,2,1,3,4,20
850,2,2,17000,180,1,1,1,4,1,3,4,20
1600,6,3,60000,180,2,1,2,1,1,1,4,37.5
2800,4,4,35000,180,1,1,2,1,4,2,4,12.5
1200,2,2,19000,180,1,1,1,3,5,3,4,15.83333333
1550,3,3,26000,180,1,1,3,1,1,3,4,16.77419355
1450,3,3,34000,180,3,2,3,1,2,3,4,23.44827586
1905,4,4,35000,40,2,1,2,1,1,2,3,18.37270341
1900,3,5,30000,180,1,1,2,1,4,3,2,15.78947368
1650,3,3,28000,40,5,2,3,1,3,3,4,16.96969697
1400,3,3,35000,180,1,2,2,2,3,2,1,25
1500,3,3,48000,180,1,2,2,1,1,2,5,32
1375,3,3,25000,180,1,1,2,1,4,1,3,18.18181818
1500,3,3,23000,180,2,1,1,1,6,2,3,15.33333333
1600,3,3,35000,180,4,2,2,3,3,3,3,21.875
1800,3,3,30000,180,1,2,2,1,1,3,11,16.66666667
1300,2,3,20000,118,1,1,3,1,2,3,3,15.38461538
2400,3,3,50000,40,1,1,2,1,2,3,3,20.83333333
2100,3,3,35000,40,1,1,2,1,2,3,3,16.66666667
2423,3,3,50000,180,1,1,2,1,3,3,3,20.63557573
1200,3,3,15500,180,1,1,2,1,3,3,4,12.91666667
2740,5,4,60000,40,1,2,1,2,4,3,12,21.89781022
1000,3,3,17000,20,1,2,2,1,3,3,4,17
1200,2,3,24000,180,1,2,2,1,5,3,4,20
1300,3,3,22000,180,1,2,2,2,1,3,4,16.92307692
500,1,1,8000,118,1,1,3,2,2,3,4,16
900,2,2,14000,180,1,2,3,1,2,3,1,15.55555556
2000,4,4,45000,180,1,2,2,1,1,3,4,22.5
1500,3,3,28000,40,1,1,2,3,2,2,4,18.66666667
1520,3,3,28000,180,1,2,2,1,4,3,3,18.42105263
1000,3,2,20000,180,1,2,2,1,2,3,1,20
1200,2,2,21000,20,5,3,1,1,4,3,5,17.5
1100,2,3,30000,180,2,1,2,1,4,2,3,27.27272727
750,2,2,14000,20,1,2,2,1,1,3,3,18.66666667
1700,3,3,40000,180,1,1,2,1,2,1,7,23.52941176
850,2,2,14000,20,1,1,2,1,4,3,2,16.47058824
1850,4,3,30000,40,1,1,2,1,3,1,4,16.21621622
1400,3,3,20000,180,2,1,1,1,1,2,7,14.28571429
1400,2,3,30000,180,1,3,2,1,4,3,3,21.42857143
800,2,2,14000,20,1,1,1,1,5,2,3,17.5
1400,3,3,23000,40,3,1,1,1,3,3,3,16.42857143
1160,2,3,19500,40,1,1,2,2,2,1,3,16.81034483
2200,3,3,70000,75,1,2,2,1,4,3,4,31.81818182
1448,3,3,28000,180,1,1,2,1,1,2,3,19.33701657
1800,3,3,35000,180,4,2,2,1,3,1,2,19.44444444
1100,2,3,15500,180,4,1,2,1,2,3,3,14.09090909
1800,4,3,35000,180,1,2,3,1,2,2,4,19.44444444
850,2,2,16000,180,1,1,2,2,1,2,3,18.82352941
1600,3,3,24000,180,1,1,3,1,3,1,4,15
1910,3,3,26000,180,1,2,3,1,3,2,3,13.61256545
1500,3,3,25000,20,1,1,1,1,4,2,3,16.66666667
2000,4,3,30000,180,1,3,2,1,4,2,3,15
700,2,2,20000,20,1,2,2,2,2,3,3,28.57142857
950,2,2,18000,180,1,1,3,1,1,2,3,18.94736842
850,3,3,14000,20,1,1,3,1,3,2,4,16.47058824
1700,3,3,22000,14,1,1,1,1,3,2,3,12.94117647
1100,2,3,18000,118,3,1,3,3,3,3,3,16.36363636
850,2,2,10000,118,1,2,1,1,3,2,2,11.76470588
1700,4,3,45000,145,1,1,2,2,4,2,3,26.47058824
1650,3,3,45000,145,1,1,2,2,3,3,2,27.27272727
500,1,1,12000,20,1,1,2,1,3,3,4,24
850,2,2,15000,20,2,3,3,3,2,3,3,17.64705882
1750,3,3,30000,180,1,2,2,1,1,3,4,17.14285714
1700,4,3,30000,180,1,1,1,1,3,3,5,17.64705882
900,3,2,25000,180,1,2,2,1,5,3,4,27.77777778
2400,4,3,55000,180,1,1,2,2,2,3,3,22.91666667
1400,4,3,27000,180,1,1,2,1,4,3,3,19.28571429
1500,4,3,35000,180,1,1,2,1,3,2,13,23.33333333
1700,3,3,25000,180,1,1,1,2,1,2,3,14.70588235
650,2,2,11000,118,1,1,2,3,2,2,4,16.92307692
1300,3,3,21000,180,1,2,2,2,4,1,3,16.15384615
800,3,3,14500,118,1,1,2,1,3,3,3,18.125
1620,4,3,45000,145,1,1,2,1,2,3,4,27.77777778
1850,3,3,40000,180,1,1,2,1,4,1,12,21.62162162
1100,2,2,20000,180,1,1,2,1,3,3,3,18.18181818
1800,3,3,30000,180,1,1,2,3,4,3,3,16.66666667
1800,3,3,25000,180,1,4,2,1,1,1,3,13.88888889
500,1,2,11500,118,1,1,1,1,2,1,13,23
1350,3,3,25000,180,1,1,1,1,4,3,3,18.51851852
1460,4,3,20000,14,1,1,3,1,1,2,4,13.69863014
1150,3,3,20000,118,4,1,3,1,3,3,3,17.39130435
400,1,2,8000,14,1,1,1,1,2,3,4,20
1250,3,3,28000,180,1,1,2,1,3,3,12,22.4
1400,3,3,30000,40,1,2,1,1,5,3,3,21.42857143
1450,3,3,24000,40,1,1,1,1,4,3,3,16.55172414
1500,2,2,15000,180,1,2,1,1,3,1,14,10
1500,4,4,25000,179,1,3,1,1,2,3,17,16.66666667
1632,3,3,32000,180,1,3,2,1,3,4,3,19.60784314
900,2,2,17000,14,1,1,3,1,4,3,3,18.88888889
1500,3,3,24000,40,1,1,3,1,2,1,3,16
1550,4,3,35000,40,1,1,3,2,4,3,3,22.58064516
2600,3,3,45000,180,1,1,1,3,1,2,3,17.30769231
750,2,2,15500,14,1,3,3,1,4,2,3,20.66666667
700,2,2,18000,119,1,1,2,1,2,3,4,25.71428571
1490,3,3,20000,14,1,1,2,1,4,2,4,13.42281879
950,2,2,17000,14,2,2,1,1,1,1,5,17.89473684
1600,3,3,35000,157,1,2,2,1,1,3,3,21.875
700,2,2,18000,119,1,1,3,1,2,2,4,25.71428571
1250,3,3,21000,14,5,1,2,2,1,3,4,16.8
1400,3,3,23000,14,1,2,1,1,4,3,4,16.42857143
800,2,2,14000,180,1,2,2,1,3,3,3,17.5
1050,3,3,20000,92,1,1,2,1,3,3,2,19.04761905
3,1,2,10000,123,1,1,2,1,3,4,4,3333.333333
900,2,2,15000,118,1,1,2,1,1,3,1,16.66666667
1070,2,3,20000,180,1,2,2,2,1,3,3,18.69158879
2800,6,4,60000,40,4,1,1,1,1,1,4,21.42857143
2750,3,3,60000,40,1,1,1,1,1,3,3,21.81818182
1600,3,3,30000,40,1,1,3,1,4,1,4,18.75
1950,3,3,30000,40,1,2,2,2,1,1,5,15.38461538
1400,3,3,24000,180,1,1,1,1,3,1,3,17.14285714
1630,3,3,45000,180,1,1,2,2,4,2,4,27.60736196
2500,4,4,55000,40,1,1,2,1,2,3,14,22
2330,4,4,50000,40,1,2,3,1,3,2,3,21.45922747
1350,3,3,16000,180,1,2,1,1,3,2,3,11.85185185
1200,2,2,20000,40,2,2,2,1,3,2,3,16.66666667
1000,2,2,20000,180,1,2,3,2,4,3,3,20
650,2,1,17000,179,2,2,2,1,2,1,4,26.15384615
950,2,2,14000,180,1,1,2,1,2,2,3,14.73684211
950,2,2,17000,180,1,1,1,1,2,2,3,17.89473684
1400,3,3,25000,179,1,2,2,1,3,3,3,17.85714286
850,1,3,13000,118,1,1,2,1,2,3,3,15.29411765
600,1,2,15000,118,2,1,1,2,3,3,5,25
1200,3,3,20000,118,4,2,2,1,1,3,3,16.66666667
450,1,2,7000,118,1,2,1,1,4,3,3,15.55555556
1200,2,2,18000,180,1,2,3,2,3,3,3,15
1800,4,2,35000,180,1,2,1,1,3,3,4,19.44444444
800,2,3,10000,118,1,1,2,1,1,3,4,12.5
700,2,2,14000,118,3,2,2,2,4,2,4,20
900,2,2,16000,40,1,1,3,2,4,3,3,17.77777778
1350,3,3,15000,118,1,1,2,1,3,1,4,11.11111111
700,2,2,11000,118,4,2,1,2,3,2,3,15.71428571
1300,3,3,25000,179,1,2,2,1,4,3,3,19.23076923
1750,3,3,40000,179,1,1,2,3,2,2,3,22.85714286
950,2,2,16500,180,1,1,3,2,4,1,3,17.36842105
700,2,2,10000,118,1,1,2,2,2,2,1,14.28571429
2400,3,4,20000000,40,4,2,1,2,4,3,4,8333.333333
650,2,3,14000,118,1,1,2,1,4,3,4,21.53846154
700,2,2,8000,118,2,1,2,1,1,1,1,11.42857143
2100,4,4,40000,180,1,1,2,5,3,2,4,19.04761905
2300,4,3,50000,179,1,1,2,1,3,1,3,21.73913043
850,2,2,1500,118,1,2,2,1,4,3,3,1.764705882
950,2,3,18000,118,4,1,2,4,2,3,1,18.94736842
450,1,2,9000,118,1,2,1,1,2,3,4,20
900,2,2,12000,118,1,1,1,1,3,2,3,13.33333333
1500,3,3,26000,179,1,1,2,1,2,1,4,17.33333333
1750,3,3,35000,179,1,1,1,1,2,1,13,20
2350,4,3,70000,75,2,1,3,1,3,2,3,29.78723404
2330,3,4,32000,179,5,2,2,2,4,3,4,13.73390558
1872,3,3,35000,179,3,1,2,2,3,2,3,18.6965812
1750,4,3,30000,179,2,2,2,1,4,1,4,17.14285714
1450,3,3,22000,40,1,3,1,1,3,2,4,15.17241379
1450,2,3,22000,118,2,1,1,1,1,3,3,15.17241379
800,2,2,13000,118,1,2,1,1,4,3,12,16.25
1638,3,3,28000,40,3,1,3,1,4,1,4,17.09401709
2300,4,3,120000,75,2,1,2,1,3,2,14,52.17391304
1700,3,3,35000,179,1,1,2,1,1,3,3,20.58823529
1800,3,3,42000,75,1,1,1,1,1,2,3,23.33333333
1700,3,3,35000,179,1,2,1,1,2,3,3,20.58823529
1226,3,3,25000,179,1,2,1,1,4,2,3,20.39151713
1300,4,3,20000,118,1,2,2,1,2,3,3,15.38461538
3180,5,5,70000,134,1,2,2,2,3,1,4,22.01257862
850,3,2,7500,40,1,2,1,3,4,1,3,8.823529412
2200,3,3,60000,74,1,1,1,1,3,1,5,27.27272727
2300,4,4,70000,74,1,2,2,2,3,3,3,30.43478261
2000,3,3,75000,74,1,3,3,1,3,3,2,37.5
3180,5,5,70000,134,1,3,1,1,1,2,3,22.01257862
1200,3,3,23000,120,1,3,2,3,1,4,4,19.16666667
600,2,2,17000,120,1,2,1,1,1,3,3,28.33333333
1427,3,3,60000,74,1,2,2,1,1,1,4,42.04625088
1450,3,3,35000,134,4,1,1,1,3,2,3,24.13793103
1400,2,2,35000,134,1,1,1,1,2,3,3,25
1524,3,3,32000,170,1,2,2,1,3,3,3,20.99737533
1500,3,3,30000,134,1,2,1,1,2,3,3,20
600,2,2,9000,118,1,2,3,2,4,3,13,15
1500,3,3,33000,134,1,1,2,1,3,3,4,22
1450,3,3,35000,134,1,2,2,1,3,3,3,24.13793103
600,2,2,9000,118,1,1,2,1,2,3,4,15
1600,3,3,35000,134,1,1,2,2,4,3,4,21.875
1775,3,3,40000,134,1,1,1,2,2,3,4,22.53521127
3180,5,5,70000,134,1,1,1,1,5,1,5,22.01257862
900,2,2,20000,180,5,1,3,1,2,3,8,22.22222222
2200,3,3,32000,67,1,3,1,1,5,3,1,14.54545455
1100,2,3,23000,170,1,1,1,1,4,1,14,20.90909091
500,1,2,10000,67,5,2,1,1,4,3,4,20
1150,3,3,22000,67,1,2,2,1,1,2,3,19.13043478
1000,3,3,20000,180,1,2,2,1,4,3,4,20
1565,3,3,25000,67,1,1,2,1,4,3,3,15.97444089
600,1,1,8000,162,1,4,2,1,1,3,2,13.33333333
950,2,2,22000,67,1,1,2,1,3,3,3,23.15789474
800,2,2,17000,92,2,2,1,1,3,2,3,21.25
600,1,2,14000,67,1,1,1,1,4,3,5,23.33333333
800,2,2,16000,135,1,1,1,4,3,2,3,20
1250,2,3,25000,180,1,2,2,1,1,2,1,20
1200,3,3,22000,67,1,2,1,2,6,2,3,18.33333333
1200,2,3,25000,92,5,1,1,1,3,3,3,20.83333333
650,2,2,14000,120,1,1,2,1,2,3,4,21.53846154
650,2,2,17000,118,1,1,1,1,5,3,15,26.15384615
1350,4,3,33000,134,1,1,2,2,2,3,3,24.44444444
1550,2,3,24000,180,1,2,3,1,1,2,3,15.48387097
1200,3,3,30000,67,1,2,1,1,1,1,3,25
1100,3,3,25000,180,1,2,2,1,2,3,4,22.72727273
1000,2,2,22000,67,2,2,2,1,4,2,5,22
1500,4,3,40000,180,4,1,2,2,3,2,3,26.66666667
2200,3,3,35000,180,1,1,2,1,1,2,4,15.90909091
1200,2,2,23000,67,1,2,3,1,2,3,3,19.16666667
1000,2,3,25000,170,2,1,2,3,4,2,3,25
1850,3,3,35000,180,2,2,2,1,3,3,3,18.91891892
1100,2,2,20000,67,1,1,1,1,1,3,12,18.18181818
700,2,2,26000,67,5,2,1,1,4,3,4,37.14285714
650,2,2,13000,67,1,1,3,1,1,1,3,20
500,1,2,12000,67,1,2,3,1,3,3,3,24
600,1,2,15000,67,1,1,3,1,3,3,4,25
600,1,2,12000,67,1,3,2,1,4,3,1,20
1350,3,3,29000,67,3,1,1,2,4,3,3,21.48148148
900,2,2,22000,67,1,1,1,1,3,3,3,24.44444444
1000,2,2,25000,67,3,1,3,2,3,3,4,25
1000,2,3,25000,179,1,2,2,1,1,1,4,25
950,2,2,21000,180,1,1,1,1,2,3,3,22.10526316
500,1,1,10000,180,1,1,2,1,2,2,4,20
1050,2,3,18000,67,1,1,1,1,2,2,3,17.14285714
800,2,3,14000,170,4,2,2,1,3,1,3,17.5
700,1,2,16000,170,1,1,2,1,3,2,4,22.85714286
1000,2,2,25000,170,1,3,1,2,2,3,3,25
700,2,2,18000,170,1,1,3,3,3,3,3,25.71428571
600,1,1,10000,170,1,2,3,1,3,3,4,16.66666667
700,2,2,18000,170,1,2,1,1,3,2,4,25.71428571
700,2,2,18000,170,1,1,1,1,1,3,3,25.71428571
700,1,2,14000,170,1,2,2,1,3,2,1,20
1000,3,3,21000,170,1,2,1,1,3,3,3,21
450,1,2,8000,170,1,2,2,1,2,3,5,17.77777778
900,2,2,22000,170,1,1,2,2,2,3,3,24.44444444
600,1,2,13000,170,1,1,3,2,2,2,4,21.66666667
800,1,2,13000,170,1,2,1,1,1,2,3,16.25
700,2,2,13000,170,1,2,2,1,3,3,1,18.57142857
800,2,2,12000,170,1,3,2,1,3,3,3,15
950,2,2,17000,170,2,2,1,1,1,1,4,17.89473684
700,2,2,16000,170,1,3,2,1,4,3,3,22.85714286
1200,2,3,18000,135,1,1,2,1,1,1,4,15
1100,2,2,22000,40,3,1,1,1,1,2,4,20
800,2,2,11000,170,4,1,2,5,3,2,4,13.75
1500,3,3,30000,55,1,1,1,1,5,2,5,20
1100,4,3,19000,56,1,1,2,1,5,3,1,17.27272727
1300,3,3,30000,55,1,2,2,1,4,3,4,23.07692308
2800,4,4,100000,55,1,2,1,1,1,3,4,35.71428571
1565,3,3,7500,40,1,1,1,1,3,3,4,4.792332268
1370,3,3,30000,55,1,2,3,2,1,3,3,21.89781022
3000,5,4,120000,31,1,1,1,1,3,3,3,40
950,2,2,25000,55,1,3,2,1,3,3,5,26.31578947
1300,3,3,40000,55,1,1,2,3,1,2,4,30.76923077
850,2,2,15000,16,1,1,2,1,4,2,5,17.64705882
1440,4,3,28000,16,1,1,2,1,5,2,1,19.44444444
1440,4,3,30000,16,1,2,1,1,1,3,4,20.83333333
1000,2,3,16000,16,1,1,1,1,3,3,3,16
1450,3,3,25000,16,4,2,3,1,3,3,3,17.24137931
1300,3,3,18000,16,1,1,3,1,4,2,2,13.84615385
1200,2,3,18000,16,3,1,2,1,3,1,4,15
800,2,2,17000,16,4,3,2,2,3,3,4,21.25
1275,3,3,22000,16,1,2,2,2,3,3,4,17.25490196
800,3,3,18000,16,1,1,1,1,2,3,5,22.5
1000,2,2,22000,92,1,1,2,1,5,3,4,22
1250,2,2,23000,40,1,2,2,1,4,1,3,18.4
2700,4,4,42000,40,1,1,2,1,3,3,15,15.55555556
1300,2,3,40000,55,1,1,1,1,3,3,3,30.76923077
1250,3,3,26000,40,1,2,2,2,1,3,4,20.8
1900,4,3,140000,75,1,2,2,1,3,2,3,73.68421053
1300,4,3,20000,40,1,1,3,1,3,1,1,15.38461538
1200,3,3,26000,40,1,1,2,1,2,3,4,21.66666667
1650,3,3,30000,40,4,1,3,1,3,2,4,18.18181818
1250,2,3,18000,40,1,2,2,1,4,3,14,14.4
1450,3,3,22000,40,1,2,1,2,3,2,3,15.17241379
1400,2,2,24000,40,1,2,1,1,4,3,5,17.14285714
1300,3,3,30000,40,1,2,1,1,1,3,4,23.07692308
1336,3,3,35000,134,2,1,2,2,1,2,4,26.19760479
2060,3,3,35000,40,2,2,2,1,3,3,1,16.99029126
1350,3,3,27000,55,1,2,1,1,3,3,4,20
1750,3,3,25000,40,4,1,2,1,2,3,1,14.28571429
1400,3,3,35000,55,2,1,3,2,3,3,4,25
1400,3,3,35000,55,1,1,1,1,1,2,3,25
800,1,2,20000,55,1,3,1,1,3,1,5,25
2750,4,4,55000,55,1,1,2,1,1,2,4,20
1550,3,3,36000,139,2,1,1,1,2,3,4,23.22580645
1250,3,3,19000,123,2,1,2,1,1,3,4,15.2
800,2,2,15000,123,1,1,3,2,3,2,3,18.75
1400,3,3,40000,57,1,1,3,1,2,2,4,28.57142857
1600,4,3,35000,139,2,2,2,1,1,1,4,21.875
1400,3,3,36000,57,1,1,2,1,3,3,3,25.71428571
1240,2,2,26000,139,1,1,2,1,3,2,14,20.96774194
1875,3,3,44000,40,1,2,1,1,2,2,4,23.46666667
1725,4,3,40000,139,1,4,1,1,1,1,2,23.1884058
850,2,2,18000,139,4,2,2,2,3,2,4,21.17647059
1250,2,2,30000,139,1,2,2,1,2,3,4,24
2200,4,4,35000,40,5,3,2,1,3,2,5,15.90909091
2000,3,3,35000,40,1,2,1,1,1,3,3,17.5
800,1,2,18000,139,1,2,1,2,1,2,3,22.5
2000,3,4,40000,40,1,1,3,1,2,2,3,20
1350,3,3,27000,139,1,2,2,1,6,2,4,20
1400,3,3,30000,40,2,2,3,1,4,2,3,21.42857143
1660,3,3,30000,139,2,2,2,1,2,3,3,18.07228916
1200,2,2,21000,139,1,2,3,1,4,2,4,17.5
1450,3,3,28500,40,1,1,1,1,4,1,4,19.65517241
1400,3,3,27000,40,1,1,1,1,4,3,3,19.28571429
1800,3,3,65000,74,1,2,2,2,1,2,3,36.11111111
860,2,3,14000,14,1,1,3,1,3,3,3,16.27906977
400,1,1,9500,120,1,3,3,1,2,1,3,23.75
2550,4,4,90000,57,1,2,1,1,2,3,4,35.29411765
900,2,3,24000,123,1,1,2,1,3,2,4,26.66666667
800,2,2,13000,14,1,1,1,1,2,3,1,16.25
2600,4,4,150000,75,5,2,2,1,1,3,2,57.69230769
1000,2,2,19000,14,1,2,2,1,3,1,4,19
700,1,2,90000,123,1,1,2,1,4,3,4,128.5714286
700,2,2,15000,123,1,2,2,2,4,1,3,21.42857143
1650,3,3,35000,61,1,2,2,1,4,1,3,21.21212121
1300,3,3,13000,180,1,2,1,1,3,2,4,10
1254,3,3,12000,180,1,2,2,1,4,2,3,9.56937799
2260,3,3,70000,74,4,4,3,1,1,3,3,30.97345133
2400,4,4,40000,40,1,1,2,1,5,2,1,16.66666667
900,2,2,16500,123,1,1,1,1,5,2,3,18.33333333
1276,4,3,22000,123,1,2,3,1,3,3,6,17.24137931
1600,3,3,45000,180,1,2,2,1,4,3,14,28.125
1300,3,3,30000,40,1,1,3,1,5,3,14,23.07692308
1200,2,3,19000,14,2,1,2,1,4,2,3,15.83333333
1000,2,2,15000,14,1,1,1,1,3,2,4,15
1100,2,2,13000,14,2,1,2,1,5,2,4,11.81818182
1200,3,3,20000,14,5,1,1,1,1,4,1,16.66666667
1450,4,3,32000,134,1,1,1,1,3,3,4,22.06896552
1500,3,3,32000,134,1,1,1,2,4,2,3,21.33333333
1400,3,3,22000,14,2,1,2,1,2,2,3,15.71428571
1300,3,3,30000,14,1,1,2,1,4,3,3,23.07692308
1300,3,3,23000,14,1,2,2,1,1,3,1,17.69230769
1250,3,3,18000,123,4,2,3,1,4,3,4,14.4
1800,3,3,20000,40,1,2,1,1,2,2,3,11.11111111
1250,3,3,15000,162,1,2,1,1,3,3,4,12
1982,3,3,35000,180,4,2,1,1,1,3,4,17.65893037
1500,3,3,32000,134,1,2,3,2,2,2,3,21.33333333
1600,3,3,25000,162,1,1,2,1,1,3,5,15.625
1300,3,3,20000,123,1,1,2,1,3,1,4,15.38461538
1350,4,3,27000,162,1,1,1,1,1,3,3,20
2100,3,3,32000,14,1,1,2,1,4,3,4,15.23809524
1250,3,3,25000,14,4,2,3,2,4,3,3,20
1450,3,3,23000,14,1,2,2,2,2,3,3,15.86206897
1450,4,3,22000,14,4,1,1,2,4,3,3,15.17241379
1450,2,3,17000,14,1,2,2,1,3,1,4,11.72413793
1450,3,3,26000,14,1,2,3,1,2,1,4,17.93103448
1350,3,3,25000,14,1,2,2,3,3,3,4,18.51851852
1270,2,3,23000,14,1,1,3,1,3,3,4,18.11023622
1550,3,3,35000,134,1,2,1,1,3,3,4,22.58064516
1500,2,3,32000,134,1,3,2,1,2,2,13,21.33333333
1365,3,3,25000,14,1,2,2,1,4,2,4,18.31501832
1800,3,3,30000,134,1,1,2,1,4,1,4,16.66666667
1450,3,3,22000,14,2,1,3,2,2,3,3,15.17241379
700,2,2,22000,134,1,2,2,1,1,2,3,31.42857143
1500,3,3,32000,134,1,1,3,2,2,2,3,21.33333333
1342,3,3,45000,134,1,1,1,1,3,1,4,33.53204173
1200,3,3,22500,14,1,1,2,1,5,2,1,18.75
1150,2,3,19000,14,1,1,3,1,4,1,4,16.52173913
1000,3,3,18000,14,1,1,2,1,2,3,3,18
1000,2,2,16000,14,1,2,1,1,1,3,4,16
750,2,2,10500,14,1,1,1,1,4,3,1,14
1800,3,3,25000,135,3,2,2,1,1,3,5,13.88888889
750,2,2,15000,135,3,3,1,1,4,2,3,20
1700,3,4,30000,14,1,1,1,2,1,3,3,17.64705882
1100,3,3,25000,92,1,2,3,1,1,3,3,22.72727273
2000,4,3,40000,134,1,2,2,1,3,3,17,20
1380,3,3,30000,92,1,2,1,1,1,1,4,21.73913043
1000,2,2,20000,92,1,2,1,2,1,3,3,20
1300,2,2,30000,92,3,2,1,1,4,3,11,23.07692308
850,2,2,16000,135,1,2,3,1,4,3,4,18.82352941
800,2,2,16000,135,1,2,2,1,3,3,13,20
1050,3,3,22000,92,1,1,2,1,3,2,3,20.95238095
700,2,2,18000,40,4,1,2,2,3,2,3,25.71428571
950,2,3,20000,92,1,1,2,1,3,3,3,21.05263158
900,1,2,19000,92,1,2,2,2,2,3,5,21.11111111
2200,3,3,27000,40,1,2,1,1,3,2,3,12.27272727
600,1,2,11000,20,3,1,1,1,2,1,3,18.33333333
1500,3,3,38000,92,1,1,2,2,2,3,4,25.33333333
1600,3,3,28000,14,1,2,2,2,3,2,3,17.5
1300,2,2,20000,92,1,2,3,1,3,1,3,15.38461538
950,2,2,20000,92,1,2,2,1,3,3,3,21.05263158
700,2,2,18000,135,1,2,1,2,2,3,3,25.71428571
600,2,2,19000,135,1,1,3,1,4,2,3,31.66666667
1500,3,1,35000,92,1,2,2,1,3,3,3,23.33333333
700,2,2,14000,135,1,1,3,2,4,1,2,20
1350,3,3,35000,92,1,2,2,3,1,3,5,25.92592593
1500,3,3,35000,92,2,1,3,1,4,1,3,23.33333333
1025,2,3,20000,81,1,1,2,2,2,2,13,19.51219512
1950,3,3,40000,40,1,1,2,1,4,3,3,20.51282051
1250,3,3,25000,92,1,1,2,1,1,3,3,20
1600,2,2,25000,92,1,2,2,1,4,3,4,15.625
700,2,2,15000,135,1,1,2,1,4,1,3,21.42857143
800,2,2,20000,92,1,2,2,2,3,2,3,25
650,1,2,10000,135,1,1,2,1,2,1,3,15.38461538
1600,3,3,25000,135,1,1,2,1,4,2,5,15.625
1000,2,3,14000,118,1,1,1,2,4,2,3,14
1150,3,3,25000,92,2,1,2,1,2,2,3,21.73913043
1100,3,3,26000,92,1,1,3,1,3,3,4,23.63636364
1050,2,3,20000,92,3,1,2,2,2,3,4,19.04761905
700,2,2,24000,135,1,2,3,1,4,3,1,34.28571429
700,2,2,14000,135,2,2,1,2,4,3,3,20
850,2,2,17000,135,1,2,2,2,3,1,3,20
950,2,2,17000,135,3,2,3,2,3,2,3,17.89473684
2000,3,3,32000,135,1,1,2,1,4,3,4,16
850,2,2,15500,135,5,1,3,3,3,1,4,18.23529412
1,1,1,111,44,1,1,3,2,4,3,3,111
800,1,2,15000,133,1,2,3,2,1,3,14,18.75
1000,2,2,14000,135,1,2,3,1,2,3,3,14
1650,2,3,40000,180,1,1,2,1,3,1,3,24.24242424
1450,3,3,28000,92,1,2,2,1,2,2,4,19.31034483
850,1,2,11500,135,1,1,1,1,2,3,2,13.52941176
1200,2,3,20000,135,1,2,3,1,4,3,6,16.66666667
750,2,2,15000,135,4,1,1,1,1,2,1,20
600,2,2,14000,135,2,2,3,1,2,3,3,23.33333333
1000,3,3,16000,135,1,2,1,2,5,3,4,16
700,2,2,15000,135,1,1,1,1,2,2,8,21.42857143
1300,3,3,25000,135,1,4,1,1,1,2,2,19.23076923
900,2,2,15000,135,1,1,3,1,3,2,3,16.66666667
400,1,1,9000,135,1,1,3,1,4,3,4,22.5
1650,4,3,25000,135,1,1,3,1,3,2,3,15.15151515
600,2,2,12000,135,1,1,2,1,3,1,3,20
1450,4,3,32000,180,1,1,2,1,4,3,5,22.06896552
800,2,2,14000,135,1,1,1,3,2,3,4,17.5
1500,3,3,22000,180,1,1,1,1,5,2,3,14.66666667
600,1,2,10000,135,1,1,3,1,2,3,4,16.66666667
1400,2,2,15000,180,1,2,2,1,2,1,4,10.71428571
2000,3,3,40000,180,1,1,1,1,2,3,3,20
1550,3,3,30000,180,2,2,2,2,4,3,4,19.35483871
700,2,2,18000,135,1,1,2,1,3,3,4,25.71428571
950,2,2,20000,20,1,1,2,3,3,2,3,21.05263158
1500,2,2,15000,135,1,1,1,2,2,1,3,10
1700,3,3,60000,22,1,2,1,2,3,3,4,35.29411765
1300,2,2,25000,180,1,1,3,2,2,2,14,19.23076923
1760,2,3,80000,22,3,2,3,1,3,3,5,45.45454545
2000,3,3,35000,180,1,1,2,1,1,2,1,17.5
1600,2,3,25000,180,1,1,3,2,1,3,1,15.625
2200,4,3,35000,180,5,1,2,2,3,3,4,15.90909091
1610,3,3,25000,180,1,1,2,1,5,3,3,15.52795031
1000,3,3,18000,95,1,2,1,1,1,3,3,18
2300,3,3,80,22,1,1,1,1,3,4,4,0.034782609
2100,4,3,90000,74,5,1,2,2,3,3,3,42.85714286
1150,2,3,20000,20,1,2,2,1,1,1,4,17.39130435
1450,3,3,40000,31,2,2,2,1,2,3,4,27.5862069
1125,3,3,20000,180,1,1,2,1,4,3,4,17.77777778
1200,2,3,25000,180,1,2,1,1,2,3,3,20.83333333
1225,2,3,18000,102,1,2,3,3,1,3,3,14.69387755
600,2,2,13000,20,1,2,2,2,3,2,4,21.66666667
1340,3,3,25000,31,1,1,2,1,2,3,3,18.65671642
1250,2,3,30000,31,2,1,3,1,3,3,4,24
1600,3,3,38000,180,1,1,3,2,1,3,4,23.75
1600,3,3,12000,180,1,1,2,1,1,3,3,7.5
1250,2,3,30000,31,1,2,1,1,2,1,3,24
1300,3,3,35000,31,1,1,1,1,3,2,3,26.92307692
2800,3,3,60000,180,2,1,2,2,3,3,1,21.42857143
2600,3,3,60000,180,1,1,1,1,2,3,4,23.07692308
1800,4,3,33000,157,1,1,1,1,2,3,3,18.33333333
1235,2,3,22000,20,1,2,1,2,6,3,3,17.81376518
1500,4,3,27000,180,1,2,1,1,1,1,4,18
2000,3,3,35000,180,1,1,2,1,2,1,14,17.5
1550,3,3,32000,144,1,1,2,1,3,3,3,20.64516129
1200,3,3,22000,20,1,1,2,1,3,1,3,18.33333333
2050,3,2,50000,61,3,1,1,1,3,2,4,24.3902439
2000,3,3,70000,75,1,1,2,1,4,2,4,35
2000,4,3,100000,74,1,2,2,3,4,1,3,50
3000,4,4,75000,74,1,4,2,1,3,3,4,25
1050,2,3,17000,20,1,1,3,1,3,2,3,16.19047619
1000,2,3,14000,123,1,2,2,2,1,2,3,14
1050,2,3,17000,20,1,2,1,3,2,2,3,16.19047619
1200,3,3,18000,20,4,1,3,1,4,3,4,15
1025,2,3,16000,20,2,1,2,1,5,1,3,15.6097561
1210,3,3,24000,20,1,2,2,5,3,2,1,19.83471074
2400,3,3,20000,20,1,1,1,2,3,1,4,8.333333333
1000,2,3,16000,123,1,2,1,1,1,1,3,16
1200,3,3,19000,123,1,2,3,1,1,3,6,15.83333333
1300,3,3,25000,20,1,1,1,1,1,2,5,19.23076923
2600,3,2,150000,75,4,3,2,1,1,2,3,57.69230769
1100,2,3,17000,20,2,2,1,2,3,3,3,15.45454545
2600,4,4,150000,75,1,2,1,1,4,2,11,57.69230769
1600,3,3,25000,24,1,1,1,1,4,3,3,15.625
550,1,2,12000,24,1,2,2,1,2,3,3,21.81818182
800,2,2,21000,162,1,2,2,1,3,2,4,26.25
1100,3,3,18000,24,2,1,2,1,4,3,4,16.36363636
750,2,2,14000,101,1,2,3,1,1,2,3,18.66666667
800,2,2,16000,162,1,2,2,1,2,3,4,20
2250,3,3,120000,75,1,2,2,1,4,2,3,53.33333333
700,2,2,13500,101,1,2,1,1,4,2,4,19.28571429
1300,2,3,18000,24,1,1,2,1,2,3,4,13.84615385
1050,2,3,15000,24,5,2,1,1,2,2,3,14.28571429
1200,3,3,20000,24,1,2,2,1,1,3,4,16.66666667
1300,2,3,17000,24,3,2,2,1,1,3,3,13.07692308
550,1,2,12500,24,1,3,2,1,2,3,1,22.72727273
1200,3,3,17500,24,1,2,1,1,1,3,3,14.58333333
550,1,2,12000,24,1,2,1,1,3,2,3,21.81818182
700,2,2,12000,24,1,2,1,2,5,2,4,17.14285714
1200,2,3,22000,24,1,2,1,1,2,2,3,18.33333333
1100,3,3,17000,24,1,3,2,1,4,2,3,15.45454545
1100,2,3,18000,24,1,2,1,1,4,3,4,16.36363636
700,2,2,14000,24,1,2,2,2,2,2,4,20
600,1,2,8000,123,1,1,2,2,1,3,12,13.33333333
700,1,1,9000,123,1,1,1,1,4,3,3,12.85714286
850,2,2,15000,101,4,2,2,2,4,3,1,17.64705882
1100,3,3,23000,101,1,2,2,2,4,3,4,20.90909091
800,2,2,15000,101,1,2,1,1,4,3,4,18.75
900,2,2,12000,123,1,2,1,1,3,1,4,13.33333333
1600,3,3,14000,180,4,1,3,1,3,3,3,8.75
700,2,2,14000,101,2,2,2,1,3,3,4,20
2800,3,3,60000,75,4,1,1,1,4,1,4,21.42857143
1000,2,3,16000,101,1,3,2,1,1,3,3,16
900,2,2,20000,101,1,2,2,1,5,2,1,22.22222222
700,2,2,12000,101,1,2,2,1,2,3,3,17.14285714
1350,4,4,25000,101,1,1,2,1,3,3,3,18.51851852
600,2,2,12000,101,1,1,1,1,2,1,4,20
600,2,2,16000,101,1,1,2,1,3,3,3,26.66666667
1020,3,3,20000,101,1,1,1,1,4,3,4,19.60784314
1100,2,3,22000,101,1,1,2,1,4,2,4,20
1000,2,2,11000,123,5,2,1,1,1,3,4,11
400,1,1,5000,123,1,2,2,1,2,2,14,12.5
1000,2,3,21000,101,1,1,1,1,2,1,3,21
1200,2,2,14000,170,5,1,2,1,1,2,4,11.66666667
1200,2,2,14000,170,1,2,2,1,3,3,3,11.66666667
1850,4,4,70000,74,1,2,1,1,2,2,3,37.83783784
1300,3,3,20000,40,1,1,2,1,2,2,4,15.38461538
3000,3,4,100000,57,3,1,1,1,5,3,3,33.33333333
2160,2,3,42000,40,5,3,3,2,5,3,3,19.44444444
1100,2,2,23000,20,4,1,3,1,5,3,3,20.90909091
1100,2,3,22000,123,1,2,1,1,1,2,3,20
1944,3,3,60000,74,1,1,2,4,2,3,3,30.86419753
700,2,2,18500,123,1,1,1,1,5,2,3,26.42857143
1000,2,2,16000,120,2,2,2,1,2,3,3,16
2400,3,3,130000,75,1,1,3,1,3,3,3,54.16666667
1000,1,2,12500,101,1,1,1,1,3,2,4,12.5
600,1,2,8000,123,1,2,2,1,3,3,4,13.33333333
1050,2,2,15000,123,1,2,2,1,3,3,4,14.28571429
2500,3,3,120000,74,2,1,2,1,4,2,4,48
700,1,2,14000,123,1,2,2,1,1,3,3,20
1250,3,3,20000,40,1,2,2,2,2,3,3,16
1100,2,2,22000,123,2,1,2,1,4,3,3,20
650,2,2,14000,123,1,1,2,1,5,3,3,21.53846154
1950,3,4,35000,40,1,2,3,1,1,3,3,17.94871795
1450,3,3,27500,40,5,1,2,1,4,2,2,18.96551724
1500,3,3,32000,40,1,1,2,1,5,1,4,21.33333333
1450,4,3,26000,40,1,1,3,1,2,3,3,17.93103448
1200,2,2,26000,120,1,2,3,1,2,3,4,21.66666667
1330,3,3,22000,40,5,1,1,2,1,2,3,16.54135338
1443,3,3,22000,40,1,2,1,1,4,3,4,15.24601525
1300,3,3,22000,40,1,1,2,1,1,3,4,16.92307692
1550,3,3,33000,40,1,1,2,1,1,2,3,21.29032258
1200,3,2,25000,40,4,1,2,1,1,3,5,20.83333333
1450,3,3,25000,40,1,2,3,1,3,3,1,17.24137931
900,3,2,20000,40,2,2,2,3,4,3,3,22.22222222
1000,3,2,22000,40,3,1,1,1,4,2,4,22
1350,3,3,26000,40,1,1,1,1,1,3,3,19.25925926
2000,4,3,40000,40,1,1,2,1,3,2,3,20
1200,3,3,30000,40,1,1,2,1,3,1,2,25
1800,3,3,35000,40,1,1,3,2,4,2,3,19.44444444
1300,2,2,28000,57,3,2,3,1,1,2,3,21.53846154
1000,3,2,16000,123,1,2,1,1,2,3,4,16
2850,4,4,75000,57,1,1,2,1,1,3,3,26.31578947
700,2,2,16500,123,4,4,1,1,6,2,7,23.57142857
1850,4,3,30000,40,1,1,2,1,4,3,4,16.21621622
700,2,2,23000,123,1,1,3,1,4,1,13,32.85714286
1250,3,3,25000,40,1,3,1,1,4,1,3,20
1300,3,3,26000,40,1,1,2,2,3,2,4,20
600,2,2,13500,123,1,2,1,2,3,2,3,22.5
1900,3,3,35000,40,1,1,2,1,3,2,3,18.42105263
1300,3,3,26000,40,1,1,1,1,5,1,17,20
1800,3,3,35000,40,3,1,2,1,5,3,5,19.44444444
2160,3,3,40000,40,1,2,1,1,2,2,5,18.51851852
700,2,2,16000,123,1,1,1,1,1,3,3,22.85714286
600,1,2,15000,123,1,1,3,3,4,2,3,25
700,2,2,16000,123,1,2,2,1,3,1,3,22.85714286
1400,3,3,28000,40,1,2,1,1,4,3,3,20
2200,3,3,35000,40,1,2,1,1,5,2,3,15.90909091
1500,3,3,28000,40,1,1,2,1,1,1,3,18.66666667
1250,3,3,26000,40,1,1,2,1,4,3,4,20.8
1500,3,3,28000,40,4,2,2,1,2,3,4,18.66666667
1250,3,3,26000,40,4,2,3,1,1,3,3,20.8
1400,3,3,35000,40,1,1,1,1,2,1,4,25
1500,3,3,23000,40,1,1,2,1,1,2,4,15.33333333
700,2,2,16000,123,1,1,1,1,3,3,3,22.85714286
1700,3,3,30000,40,1,1,2,1,2,3,4,17.64705882
2050,2,3,25000,40,2,3,2,1,4,3,4,12.19512195
1000,2,2,15000,123,1,2,2,1,3,2,4,15
400,1,1,13000,123,1,1,2,3,3,1,3,32.5
1800,3,3,46000,112,1,1,1,1,2,2,3,25.55555556
800,2,2,24000,123,4,1,1,3,2,3,3,30
1600,4,4,40000,134,4,2,2,2,1,3,4,25
1000,2,2,14000,123,4,1,3,1,3,2,2,14
1372,4,3,20000,40,1,1,3,1,4,3,4,14.57725948
1141,3,3,26000,105,2,1,3,2,2,2,1,22.78702892
1600,3,3,38000,40,1,1,3,1,1,3,3,23.75
700,2,2,18000,123,1,1,3,1,2,2,4,25.71428571
800,1,2,15000,123,1,2,1,1,2,3,5,18.75
1470,4,3,24000,40,2,2,2,1,3,2,3,16.32653061
700,2,2,16000,123,1,1,2,1,3,3,5,22.85714286
1400,4,3,28000,40,1,1,3,1,1,2,3,20
700,2,2,14000,123,1,2,3,1,4,3,3,20
2008,3,4,40000,40,5,2,3,1,2,2,3,19.92031873
1800,4,3,60000,31,1,1,1,2,3,3,3,33.33333333
1300,3,3,32000,134,5,2,1,1,1,3,4,24.61538462
1250,3,3,30000,134,1,1,2,1,3,2,3,24
1500,4,4,45000,134,2,1,2,1,2,1,6,30
1100,2,3,23000,92,3,1,1,1,4,2,3,20.90909091
1700,2,2,14000,40,1,2,1,1,6,1,3,8.235294118
1340,3,3,25000,31,1,2,2,1,2,3,3,18.65671642
1200,3,2,32500,31,1,2,3,1,4,3,2,27.08333333
1500,2,3,30000,134,1,2,2,1,4,3,3,20
2000,4,3,45000,134,1,2,3,1,1,2,3,22.5
1300,3,3,26000,31,1,2,1,1,2,2,3,20
1500,3,3,27000,134,1,2,2,1,2,1,3,18
1400,3,3,35000,134,1,1,2,1,1,1,3,25
1400,2,3,27000,31,1,2,1,1,3,2,4,19.28571429
2700,1,4,60000,31,1,2,2,2,2,2,5,22.22222222
2200,3,3,70000,31,1,2,3,2,4,3,3,31.81818182
1100,3,3,25000,31,1,1,1,1,2,2,3,22.72727273
1480,3,3,35000,134,1,2,2,1,1,2,3,23.64864865
1050,3,2,24000,134,1,2,1,1,4,3,4,22.85714286
1500,3,3,35000,134,1,1,1,2,1,1,3,23.33333333
1500,4,3,45000,134,1,2,2,2,1,1,3,30
2340,3,3,110000,74,1,3,2,1,2,3,5,47.00854701
2450,4,3,110000,31,1,1,2,1,2,3,5,44.89795918
1700,3,2,65000,31,1,1,2,1,6,2,4,38.23529412
1750,3,3,34000,134,1,2,3,2,3,2,4,19.42857143
2700,3,3,150000,31,1,3,3,1,2,3,3,55.55555556
1200,3,2,25000,134,1,1,2,2,1,1,4,20.83333333
1942,4,3,52000,134,1,1,2,1,3,3,1,26.77651905
1400,3,3,31000,134,1,2,3,1,5,1,3,22.14285714
1650,4,3,35000,134,1,1,1,2,2,3,5,21.21212121
1500,3,3,32000,134,1,2,2,1,3,2,3,21.33333333
1464,4,3,35000,134,1,1,2,2,4,2,4,23.90710383
1500,4,3,40000,134,1,3,2,2,2,3,3,26.66666667
1550,2,3,30000,134,2,2,1,2,4,3,3,19.35483871
1750,3,3,40000,134,1,1,1,1,2,3,2,22.85714286
1540,3,3,30000,134,1,1,2,3,1,3,3,19.48051948
3000,3,3,150000,75,1,1,1,1,2,3,4,50
1500,3,3,35000,134,5,1,3,1,2,3,1,23.33333333
1500,3,3,30000,134,2,1,1,1,3,1,4,20
1500,3,3,40000,134,1,2,2,1,1,2,1,26.66666667
2200,4,3,85000,75,1,2,1,1,3,2,3,38.63636364
3850,3,3,220000,75,4,2,2,1,1,3,4,57.14285714
1800,3,3,60000,22,1,2,2,1,3,3,3,33.33333333
3,1,2,3,24,1,1,2,1,1,3,3,1
1700,4,3,60000,22,3,2,2,1,1,3,14,35.29411765
2350,3,3,80000,74,1,1,2,1,4,3,3,34.04255319
2350,4,3,70000,74,1,1,3,1,1,3,3,29.78723404
1800,3,3,60000,22,1,1,2,1,2,1,15,33.33333333
1800,4,3,55000,75,1,2,1,1,3,3,1,30.55555556
1800,4,3,50000,22,1,1,3,2,4,1,3,27.77777778
2000,4,3,65000,74,4,1,1,1,2,3,4,32.5
750,3,2,14000,20,1,2,2,5,5,3,1,18.66666667
2400,3,3,75000,22,1,2,2,2,1,3,2,31.25
650,2,2,16000,20,1,2,3,2,2,3,3,24.61538462
2300,4,3,70000,75,1,2,2,1,3,3,3,30.43478261
1850,4,3,70000,22,1,2,2,2,1,3,3,37.83783784
2750,6,3,85000,75,1,1,2,3,3,3,5,30.90909091
3050,3,4,88000,74,1,2,2,2,5,2,3,28.85245902
2450,3,3,120000,22,1,2,1,1,5,3,5,48.97959184
1250,3,3,21000,40,1,1,2,1,2,3,4,16.8
2000,3,3,70000,22,1,2,2,1,5,1,15,35
1800,3,3,55000,22,1,2,2,1,3,3,4,30.55555556
450,1,2,7000,126,1,1,2,2,3,3,3,15.55555556
1800,3,3,60000,74,5,3,1,1,3,3,4,33.33333333
2300,3,3,90000,75,1,2,3,1,3,2,2,39.13043478
7000,6,6,300000,74,1,1,2,2,4,3,3,42.85714286
1260,3,3,27000,179,1,2,1,2,1,3,4,21.42857143
1400,3,3,45000,22,1,2,2,1,3,2,1,32.14285714
1600,3,3,45000,22,1,1,2,2,3,1,3,28.125
2150,3,3,65000,74,1,3,2,1,4,3,3,30.23255814
5,4,3,50000,22,2,1,3,1,1,1,3,10000
2000,3,3,60000,74,3,2,2,1,2,1,14,30
1800,3,3,70000,74,1,2,2,1,1,2,4,38.88888889
950,2,2,18000,14,1,1,2,1,2,3,4,18.94736842
1920,4,3,50000,22,1,1,1,2,3,2,5,26.04166667
2500,4,3,23000,166,1,2,1,1,1,2,4,9.2
2450,4,4,70000,74,2,1,1,1,3,3,4,28.57142857
2600,4,3,100000,74,1,2,3,1,2,3,4,38.46153846
1600,4,3,60000,74,1,2,2,1,5,3,3,37.5
2100,4,3,70000,74,1,1,3,2,3,2,4,33.33333333
2100,4,4,30000,40,2,2,2,2,4,2,3,14.28571429
850,3,2,19300,20,1,2,3,5,1,2,3,22.70588235
1263,3,3,28000,20,1,1,2,2,1,3,1,22.16943785
2250,3,3,75000,75,4,1,1,2,3,3,3,33.33333333
1600,4,3,60000,74,1,1,2,2,1,3,3,37.5
3650,4,4,150000,75,4,1,2,3,4,2,3,41.09589041
1370,3,3,20000,40,3,1,3,1,3,3,3,14.59854015
2500,3,3,140000,75,1,1,3,2,3,3,14,56
2500,3,3,150000,75,1,1,2,3,3,2,4,60
2500,3,3,200000,75,4,1,2,2,2,2,4,80
900,2,2,16000,24,1,2,1,1,4,3,4,17.77777778
1340,3,3,42000,55,1,1,2,1,4,3,2,31.34328358
2450,3,4,50000,134,2,2,1,2,2,1,3,20.40816327
1400,3,3,23000,55,1,2,3,1,5,2,3,16.42857143
2650,4,4,150000,55,1,1,2,1,1,3,5,56.60377358
2250,3,3,60000,22,1,1,2,1,3,2,3,26.66666667
2165,4,3,45000,22,1,3,2,1,2,3,4,20.7852194
1850,3,3,50000,22,1,2,2,1,3,3,4,27.02702703
2200,4,3,70000,22,4,1,2,2,3,1,4,31.81818182
1480,3,3,28000,134,3,3,2,1,3,3,4,18.91891892
1550,4,3,50000,22,1,1,1,1,3,3,3,32.25806452
2300,4,3,80000,31,1,1,2,1,4,2,4,34.7826087
2700,4,4,100000,22,1,1,2,1,4,2,13,37.03703704
2850,4,3,150000,22,2,2,2,1,2,2,3,52.63157895
700,2,2,16000,123,1,1,1,2,3,3,14,22.85714286
1300,3,3,30000,40,3,1,1,3,4,3,13,23.07692308
1450,3,3,30000,134,1,1,2,1,1,2,4,20.68965517
1800,3,2,45000,22,2,2,1,1,1,3,4,25
1150,3,2,18000,56,5,1,2,1,5,3,14,15.65217391
600,1,2,30000,74,1,2,3,1,1,1,3,50
2250,4,3,85000,74,4,2,3,4,3,1,3,37.77777778
2250,4,4,35000,56,3,1,2,1,2,2,4,15.55555556
2700,3,3,60000,74,2,1,3,1,1,3,2,22.22222222
2200,4,3,65000,74,1,2,2,1,1,2,3,29.54545455
4300,6,5,300000,75,2,1,1,2,1,3,4,69.76744186
2250,4,4,30000,56,5,2,3,2,3,3,3,13.33333333
3150,5,4,27000,40,1,1,2,1,4,3,4,8.571428571
2500,4,4,45000,134,1,1,2,1,2,1,4,18
750,3,2,10000,145,1,2,3,1,1,3,3,13.33333333
1500,3,3,32000,134,1,1,2,1,1,3,3,21.33333333
3500,3,3,110000,134,4,2,2,2,3,3,4,31.42857143
450,1,2,10000,119,1,1,2,1,2,1,3,22.22222222
1450,3,3,30000,134,1,1,1,1,3,3,11,20.68965517
1500,4,3,30000,134,1,1,1,1,3,3,3,20
1700,4,3,30000,134,1,2,1,1,2,1,4,17.64705882
1400,4,3,32000,134,1,1,1,1,2,3,1,22.85714286
1200,2,3,30000,134,1,1,1,1,1,3,4,25
2000,4,3,40000,40,1,1,1,1,5,3,4,20
1785,4,3,40000,40,4,1,2,3,2,2,5,22.40896359
1500,3,3,37000,134,1,2,1,1,2,2,4,24.66666667
1450,4,4,32000,134,1,1,2,2,1,2,4,22.06896552
1450,3,3,35000,134,1,2,2,1,3,3,4,24.13793103
1330,3,3,35000,134,4,2,2,3,3,3,3,26.31578947
1600,3,3,32000,134,1,1,2,1,2,3,4,20
1850,3,3,45000,134,1,2,1,3,1,2,3,24.32432432
650,2,2,15000,20,1,2,3,1,3,3,3,23.07692308
2400,5,4,120000,75,1,2,3,2,2,2,4,50
720,2,2,17000,20,5,1,1,1,2,1,4,23.61111111
2770,4,3,100000,75,1,1,2,1,3,2,3,36.10108303
2000,4,3,120000,74,3,1,2,2,3,1,4,60
2700,4,3,130000,75,2,1,3,1,2,2,3,48.14814815
1500,3,3,35000,134,1,1,1,1,1,3,3,23.33333333
1200,3,3,25000,56,1,1,2,1,3,3,3,20.83333333
1134,3,4,28000,56,1,1,3,1,5,2,4,24.69135802
2150,3,3,46000,61,2,3,3,1,5,3,3,21.39534884
3200,4,4,1500000,31,1,3,3,1,4,1,3,468.75
2900,4,4,100000,74,1,3,2,2,1,3,3,34.48275862
1200,3,3,25000,56,4,1,1,1,3,1,4,20.83333333
3200,4,4,150000,31,1,2,2,1,5,3,3,46.875
2200,4,4,35000,56,1,1,1,1,3,1,4,15.90909091
1000,2,3,16000,61,1,2,1,1,3,3,3,16
1100,2,2,20000,56,1,2,3,1,4,3,3,18.18181818
2000,4,3,40000,134,1,1,2,1,1,3,3,20
1700,3,3,36000,20,1,3,2,1,3,1,4,21.17647059
2200,3,3,26000,56,2,1,3,1,4,1,3,11.81818182
2200,3,3,50000,56,5,1,3,2,4,3,3,22.72727273
2250,3,3,40000,56,1,2,2,1,3,3,1,17.77777778
1150,2,3,1800,56,4,2,2,1,2,1,4,1.565217391
1150,3,2,20000,56,1,1,1,1,5,1,3,17.39130435
800,2,2,16000,20,2,2,3,1,4,3,5,20
1125,3,3,18000,56,2,1,2,1,2,1,3,16
2250,4,4,30000,56,1,1,1,1,3,2,3,13.33333333
950,3,3,17000,56,1,3,2,1,3,3,3,17.89473684
1100,3,3,18000,56,1,1,2,2,4,3,3,16.36363636
2400,4,4,38000,56,4,2,2,1,2,1,3,15.83333333
1000,3,3,17000,56,1,1,2,1,1,3,5,17
2270,3,3,30000,56,1,1,1,1,3,1,1,13.21585903
2000,3,3,30000,56,1,2,2,1,3,3,3,15
1100,3,2,24000,56,1,2,2,1,4,3,4,21.81818182
900,2,2,20000,56,4,1,2,1,3,1,3,22.22222222
1150,3,3,20000,56,1,2,1,1,2,3,1,17.39130435
2200,3,3,35000,56,1,2,2,1,4,3,3,15.90909091
700,2,2,16500,20,1,2,1,1,3,2,4,23.57142857
750,2,2,18000,20,1,2,3,1,3,3,3,24
1200,3,3,23000,20,1,1,2,1,3,3,4,19.16666667
800,3,2,16000,20,4,1,1,1,1,2,3,20
1291,3,3,25000,20,1,2,2,1,4,3,3,19.36483346
1300,3,3,40000,57,1,1,3,1,4,3,1,30.76923077
1265,3,3,25000,20,1,3,3,2,4,3,3,19.76284585
3680,4,4,150000,75,2,1,3,2,3,3,3,40.76086957
1200,3,3,20000,20,1,3,1,1,1,3,3,16.66666667
700,1,2,14000,20,1,1,2,1,2,3,5,20
1475,3,3,35000,20,1,1,1,1,1,2,4,23.72881356
1000,1,2,18000,20,1,2,1,1,4,3,4,18
1500,3,3,35000,20,1,2,1,2,1,2,3,23.33333333
1300,3,3,21000,20,1,1,2,1,2,1,3,16.15384615
1400,4,3,25000,20,1,1,3,1,1,2,6,17.85714286
800,1,2,13500,20,1,1,2,2,3,3,3,16.875
682,2,2,12000,20,2,1,2,1,3,3,3,17.59530792
700,3,2,15000,20,1,1,2,1,4,1,3,21.42857143
500,1,1,11000,20,1,1,2,1,2,3,5,22
1000,3,3,17000,20,4,1,3,2,4,3,3,17
2050,3,4,35000,40,1,2,1,1,2,1,4,17.07317073
1250,3,3,20000,40,1,1,3,1,3,3,4,16
3000,4,4,160000,75,1,1,2,1,3,2,3,53.33333333
1,3,3,1,123,1,1,2,1,4,3,1,1
1189,3,3,27000,145,1,2,3,1,4,1,3,22.70815812
1450,3,3,30000,179,1,2,3,2,2,3,4,20.68965517
1153,2,2,25000,40,1,2,2,3,1,3,3,21.68256722
1200,2,2,16000,20,5,2,1,1,3,3,5,13.33333333
1500,3,3,26500,118,1,1,1,1,2,3,4,17.66666667
1450,4,3,32000,40,1,2,2,1,3,3,5,22.06896552
1450,4,3,28000,40,5,1,3,1,3,3,3,19.31034483
1650,4,3,55000,31,1,2,3,1,2,2,3,33.33333333
2600,4,3,70000,74,1,2,2,1,3,3,4,26.92307692
1840,3,3,48000,61,1,1,1,1,1,3,3,26.08695652
2,3,3,1,40,1,1,1,1,1,3,4,0.5
700,2,2,13000,20,5,1,1,1,1,3,1,18.57142857
2700,3,3,90000,74,1,2,1,1,1,3,3,33.33333333
1,1,1,1000,118,1,2,2,1,1,3,3,1000
2484,4,3,120000,75,1,2,2,1,2,1,4,48.30917874
1380,4,3,32000,92,1,1,1,1,3,1,3,23.1884058
2000,4,3,80000,74,1,1,2,3,3,2,3,40
1300,3,3,23000,118,1,1,1,1,3,1,3,17.69230769
1,1,1,4500,118,1,2,2,2,3,2,4,4500
2,2,3,12500,86,1,1,2,1,2,2,3,6250
950,3,2,10000,101,1,1,2,1,3,2,4,10.52631579
1100,2,2,20000,170,2,1,1,2,1,2,3,18.18181818
1400,3,3,15000,20,1,1,1,1,2,1,3,10.71428571
2600,3,3,100000,179,1,2,3,1,1,1,1,38.46153846
1500,3,3,20000,118,1,2,3,2,4,3,3,13.33333333
2150,4,4,35000,56,1,1,3,1,4,3,2,16.27906977
1400,3,3,22000,123,4,2,3,1,3,3,2,15.71428571
1250,3,3,25000,157,1,2,2,1,4,3,3,20
1080,3,3,24000,153,1,1,2,5,5,2,5,22.22222222
1550,4,3,25000,40,1,1,2,1,3,3,1,16.12903226
1200,3,3,25000,40,4,1,1,1,1,2,3,20.83333333
750,1,3,12000,53,1,2,1,1,1,3,3,16
1150,3,3,24000,40,1,2,3,1,4,4,4,20.86956522
1200,2,2,12000,14,1,2,3,1,1,3,13,10
1460,4,3,30000,40,1,1,2,1,4,1,3,20.54794521
650,1,2,8500,138,3,1,2,1,1,1,16,13.07692308
2600,4,3,55000,74,1,1,3,1,4,2,4,21.15384615
1200,3,3,19000,14,1,1,3,1,1,3,4,15.83333333
2000,4,3,38000,40,1,2,1,1,3,3,3,19
850,2,2,12000,123,1,2,2,3,5,3,4,14.11764706
950,1,2,18000,138,1,1,1,1,4,2,2,18.94736842
1300,4,3,26000,179,1,1,2,1,4,1,3,20
950,3,2,25000,118,1,2,2,1,4,3,4,26.31578947
1450,3,3,16000,59,3,1,3,1,2,2,3,11.03448276
2200,3,3,30000,40,1,2,3,1,3,3,3,13.63636364
2400,3,3,80000,74,1,3,2,1,3,1,3,33.33333333
1000,2,3,16000,40,1,1,1,2,2,3,4,16
300,1,1,6000,94,1,2,2,1,4,3,4,20
600,3,2,15000,20,3,1,1,1,4,3,3,25
900,3,2,14000,20,5,2,3,2,4,3,3,15.55555556
1300,4,3,24000,20,1,2,2,1,2,2,3,18.46153846
1000,4,3,18000,20,1,1,1,1,3,3,4,18
1260,3,3,18500,20,1,2,1,1,1,2,3,14.68253968
600,3,2,20000,20,1,2,2,1,1,3,3,33.33333333
1250,3,3,20000,40,1,2,2,1,4,3,4,16
1648,3,3,23000,51,1,1,2,2,3,3,7,13.95631068
1300,3,3,16000,20,1,1,2,1,4,3,4,12.30769231
900,1,2,12000,20,1,2,2,1,3,3,3,13.33333333
1100,4,3,20000,20,1,1,2,2,3,3,2,18.18181818
1200,4,3,21000,20,3,1,3,4,4,3,14,17.5
900,3,2,14500,20,1,2,2,1,1,1,12,16.11111111
750,3,2,15000,20,1,2,2,2,4,2,5,20
1818,4,3,45000,123,1,1,2,1,4,3,4,24.75247525
1675,4,3,30000,123,1,1,1,1,1,3,4,17.91044776
1650,3,3,32000,14,1,1,2,3,3,2,3,19.39393939
4247,5,4,280000,75,4,2,1,1,2,3,4,65.92889098
2600,5,4,1500000,75,1,1,1,1,2,3,3,576.9230769
1400,4,4,28500,24,1,1,1,1,5,3,3,20.35714286
1100,4,3,23000,24,1,1,1,3,2,2,3,20.90909091
1000,3,2,15000,24,5,1,1,1,3,3,5,15
1200,4,3,20000,24,2,1,2,1,3,3,4,16.66666667
950,3,2,18000,24,1,1,2,1,1,2,4,18.94736842
1300,4,3,20000,118,1,2,2,1,1,3,4,15.38461538
1000,3,2,20000,24,1,2,2,1,3,2,2,20
1250,3,3,21000,24,1,2,2,1,4,2,4,16.8
1100,4,3,17000,24,1,1,1,1,2,3,3,15.45454545
1000,3,3,20000,24,1,1,2,2,3,2,3,20
500,1,2,10500,24,4,1,2,1,1,3,3,21
1200,3,2,15000,24,1,2,2,1,5,3,3,12.5
450,1,1,10000,24,2,1,2,1,5,3,3,22.22222222
1200,2,3,25000,134,1,1,2,2,3,3,3,20.83333333
600,2,2,14000,118,1,1,1,1,3,2,3,23.33333333
1200,3,2,13000,118,4,1,3,2,4,3,13,10.83333333
1250,4,3,22000,134,1,1,1,2,3,3,3,17.6
900,3,3,17000,118,1,2,2,1,1,2,3,18.88888889
600,3,2,14000,118,1,2,2,1,4,3,3,23.33333333
500,1,2,10500,24,1,1,3,1,3,2,4,21
1800,3,3,16000,118,4,1,1,1,1,3,3,8.888888889
700,3,2,14000,24,1,1,2,1,4,4,3,20
600,1,2,10000,24,1,2,3,1,1,1,3,16.66666667
900,3,2,16000,24,1,2,2,1,3,3,1,17.77777778
900,2,2,12000,24,1,2,2,1,2,3,3,13.33333333
1125,3,3,20000,24,1,2,1,1,3,3,15,17.77777778
1150,3,3,22000,112,1,1,2,1,3,3,3,19.13043478
1585,3,3,32000,179,2,3,1,1,2,3,5,20.18927445
650,1,2,10500,151,1,4,1,1,4,1,3,16.15384615
1250,2,3,17000,110,1,1,3,1,1,2,3,13.6
1000,3,2,14000,24,1,2,2,2,1,3,2,14
1400,3,3,40000,55,1,1,3,1,2,3,2,28.57142857
1100,3,3,20000,24,1,1,3,3,3,2,4,18.18181818
1330,4,3,25000,24,1,1,2,1,5,3,1,18.79699248
1300,4,3,22000,24,1,1,3,1,2,1,5,16.92307692
1200,3,3,30000,24,1,1,3,1,2,2,4,25
1300,4,3,22000,24,3,1,3,2,3,3,3,16.92307692
1200,3,3,15000,24,1,1,2,2,3,3,3,12.5
2400,4,3,100000,74,1,1,1,1,3,3,3,41.66666667
2000,3,3,70000,40,4,2,2,1,4,3,3,35
2045,4,3,100000,74,2,1,2,1,5,1,3,48.8997555
1575,3,3,22000,179,1,3,2,1,1,3,3,13.96825397
2500,5,4,50000,31,1,1,1,1,2,2,3,20
2000,4,3,120000,74,1,2,1,1,2,1,3,60
2000,4,3,60000,74,2,1,2,1,3,2,4,30
1500,4,3,32000,31,1,3,2,1,3,2,3,21.33333333
2200,5,3,50000,31,3,1,1,1,3,3,4,22.72727273
2300,5,3,27000,31,1,1,1,1,2,3,3,11.73913043
1200,4,3,23000,31,2,1,1,1,3,1,2,19.16666667
2000,3,3,45000,31,1,1,2,3,1,2,3,22.5
2200,5,3,150000,31,1,2,3,1,3,2,4,68.18181818
3700,5,4,180000,31,1,1,3,1,1,2,11,48.64864865
1790,4,3,45000,31,1,1,3,1,3,3,1,25.1396648
2500,4,4,42000,118,1,1,2,1,2,2,5,16.8
2500,4,3,80000,74,1,2,2,1,3,2,3,32
1900,3,3,32000,40,1,1,2,2,3,2,3,16.84210526
1600,3,2,62000,75,1,1,3,1,2,2,1,38.75
3300,4,4,120000,31,1,1,3,1,1,3,5,36.36363636
1750,3,3,45000,31,4,1,2,1,1,3,3,25.71428571
2800,4,3,60000,75,1,2,1,4,1,1,4,21.42857143
1950,3,3,120000,31,1,3,2,1,4,2,4,61.53846154
1200,3,3,7200000,61,1,1,1,1,4,1,4,6000
1050,1,2,15000,171,1,2,1,2,3,2,1,14.28571429
2130,4,3,55000,74,1,1,2,1,1,3,4,25.82159624
500,3,2,9000,118,1,2,2,1,2,2,2,18
2050,3,3,80000,31,4,2,3,3,1,3,3,39.02439024
850,2,2,13000,34,2,2,3,2,3,3,3,15.29411765
600,3,2,12000,118,1,1,1,2,1,2,3,20
1500,4,2,50000,22,1,3,2,1,4,3,3,33.33333333
2200,4,3,80000,74,1,2,3,1,2,1,4,36.36363636
1250,4,3,22000,157,2,1,1,1,4,1,3,17.6
850,2,2,15000,20,1,3,1,3,1,3,4,17.64705882
550,3,2,12000,118,1,2,2,1,3,2,3,21.81818182
1000,1,2,10000,157,1,1,3,1,4,3,2,10
950,4,2,16000,138,1,1,1,3,2,3,12,16.84210526
775,3,2,15000,138,1,2,3,2,2,2,4,19.35483871
1230,4,3,18000,138,5,1,3,1,3,2,3,14.63414634
1450,3,3,22000,101,2,1,2,1,1,3,3,15.17241379
1300,5,3,22000,138,1,3,2,2,4,1,4,16.92307692
1200,4,3,18000,138,1,1,2,1,3,2,3,15
1450,4,3,20000,138,2,1,3,1,2,1,4,13.79310345
1150,3,2,18000,138,1,2,2,1,2,2,4,15.65217391
600,3,2,15000,138,1,2,3,1,3,2,3,25
2350,4,3,70000,75,1,2,3,1,2,3,12,29.78723404
1200,3,2,13000,138,1,1,3,1,2,3,3,10.83333333
1450,4,3,19000,138,1,2,1,2,1,1,3,13.10344828
1455,4,3,20000,138,1,2,2,1,2,3,3,13.74570447
2300,3,3,110000,31,1,4,2,1,1,1,2,47.82608696
2300,3,3,100000,31,1,2,1,1,5,3,5,43.47826087
1200,3,2,18000,138,5,2,1,1,4,3,3,15
700,3,2,12000,118,1,2,3,1,2,2,3,17.14285714
1400,4,3,24000,138,1,1,3,1,2,1,5,17.14285714
1600,4,3,25000,40,1,2,2,1,4,4,3,15.625
1250,2,3,18000,40,4,1,2,2,2,3,15,14.4
1500,3,3,38000,120,1,3,2,1,2,3,12,25.33333333
1300,3,3,40000,55,1,1,1,1,1,4,5,30.76923077
950,4,2,15000,138,3,2,1,1,3,3,2,15.78947368
1200,4,3,28000,61,1,1,2,2,4,1,3,23.33333333
1050,3,3,22000,61,1,1,3,1,3,3,3,20.95238095
1500,3,3,26000,61,1,1,3,2,2,2,4,17.33333333
1600,4,2,25000,61,1,2,3,1,4,3,5,15.625
1225,3,3,22000,20,2,2,1,1,4,2,4,17.95918367
1500,4,3,3500,61,1,1,3,1,1,3,3,2.333333333
2400,4,3,70000,75,1,1,1,3,4,3,3,29.16666667
1375,5,3,30000,61,1,1,2,1,3,3,3,21.81818182
2500,4,3,70000,75,1,1,2,1,1,2,13,28
2500,4,3,70000,75,1,2,1,2,2,1,1,28
1400,5,3,25000,40,1,1,2,1,5,1,3,17.85714286
1250,4,3,22000,118,1,2,2,1,2,2,3,17.6
750,3,3,10500,118,2,1,2,1,1,3,3,14
650,3,2,20000,118,1,2,2,1,4,2,5,30.76923077
750,3,3,10500,118,1,1,2,1,4,3,4,14
650,3,2,12000,118,1,1,1,2,1,1,13,18.46153846
1000,2,3,13000,102,1,4,1,5,3,3,5,13
1615,3,3,27000,119,1,1,2,1,3,3,1,16.71826625
650,2,2,10000,118,5,1,2,2,3,1,5,15.38461538
1500,3,3,30000,179,4,3,2,1,3,3,3,20
900,2,2,20300,135,2,2,1,2,3,3,4,22.55555556
1250,3,3,15000,103,1,1,3,1,3,3,3,12
1450,3,3,25000,40,1,2,2,1,4,2,3,17.24137931
800,2,2,8000,103,1,2,3,1,3,3,3,10
1000,2,3,13500,102,1,1,1,1,3,2,3,13.5
550,3,2,16000,170,1,2,2,2,1,2,2,29.09090909
1450,3,3,30000,40,1,1,2,1,2,3,3,20.68965517
3000,4,4,65000,61,1,1,3,1,4,2,3,21.66666667
2300,3,3,100000,75,1,2,1,1,4,2,4,43.47826087
2024,4,4,38000,123,1,1,2,1,3,1,1,18.77470356
1250,4,3,20000,40,1,1,2,3,1,3,3,16
950,2,2,15000,94,2,2,2,1,1,3,1,15.78947368
1250,5,3,25000,14,1,1,2,1,2,3,3,20
950,2,2,9800,138,1,1,1,1,2,2,4,10.31578947
1250,3,3,20000,40,1,2,2,1,3,3,3,16
950,2,3,18000,118,1,2,1,1,3,3,3,18.94736842
1000,2,3,7000,146,1,1,2,1,4,2,3,7
1100,2,2,20000,24,1,2,1,1,2,1,3,18.18181818
950,2,3,16000,24,4,1,3,2,2,4,4,16.84210526
1100,3,3,15000,24,3,1,1,2,2,3,3,13.63636364
700,2,2,12000,118,1,2,2,3,4,2,3,17.14285714
3500,4,4,200000,74,1,2,2,1,2,1,4,57.14285714
1000,3,2,20000,24,1,1,3,1,1,3,3,20
1800,3,4,30000,24,1,1,2,1,2,3,4,16.66666667
1300,3,3,20000,24,1,1,3,1,1,1,4,15.38461538
2210,4,4,30000,56,4,2,2,3,1,2,3,13.57466063
2400,3,3,120000,75,4,2,2,1,4,1,4,50
1200,3,3,25000,24,1,3,2,1,3,3,2,20.83333333
2200,4,4,30000,56,4,1,2,2,3,2,3,13.63636364
900,2,3,18500,24,1,1,2,3,4,3,4,20.55555556
1300,3,3,18000,24,1,2,3,1,1,3,4,13.84615385
1200,3,3,20000,24,1,1,1,1,3,3,15,16.66666667
1400,2,3,22000,24,1,3,2,1,4,3,8,15.71428571
1250,2,3,18000,24,1,2,3,2,2,3,4,14.4
1500,3,3,26000,24,1,4,2,1,1,1,4,17.33333333
1400,3,3,24000,24,1,2,3,1,3,3,1,17.14285714
2200,3,3,13000,167,1,1,2,1,2,1,3,5.909090909
1250,3,3,22000,24,1,1,3,3,3,3,4,17.6
550,1,2,9500,24,1,1,1,1,3,3,6,17.27272727
1200,3,3,16000,24,4,1,3,2,4,3,3,13.33333333
1150,2,3,17000,24,1,2,2,1,2,3,3,14.7826087
2500,3,6,50000,24,1,1,2,3,2,3,4,20
1400,4,3,47000,31,2,2,1,1,1,3,4,33.57142857
950,3,3,35000,24,1,1,1,1,1,1,4,36.84210526
1100,3,3,15000,24,1,2,3,1,3,3,3,13.63636364
1100,2,3,7500000,24,1,1,2,1,2,3,3,6818.181818
1650,4,5,30000,180,1,2,1,2,2,1,2,18.18181818
1362,3,3,24000,24,2,1,2,1,3,3,3,17.62114537
2000,3,5,28000,24,1,1,3,3,3,1,3,14
700,2,2,11000,123,4,2,2,1,1,2,3,15.71428571
2600,3,4,100000,75,1,2,1,1,2,1,3,38.46153846
1250,2,3,18000,118,1,2,2,1,2,3,5,14.4
2270,3,4,55000,40,1,2,2,1,4,1,3,24.22907489
890,2,3,14500,118,1,2,3,2,1,3,4,16.29213483
850,2,3,18000,92,1,1,1,3,2,1,11,21.17647059
1100,3,3,17000,24,1,1,2,2,2,3,1,15.45454545
750,2,2,13000,24,1,2,1,1,4,3,4,17.33333333
4000,4,4,150000,135,1,1,2,1,2,2,2,37.5
1200,3,3,22000,24,1,2,1,3,1,3,2,18.33333333
975,2,2,10000,118,1,2,3,1,1,3,3,10.25641026
1200,2,3,18000,24,1,1,1,1,3,2,4,15
800,2,2,12500,24,1,2,2,5,1,2,3,15.625
2400,3,4,70000,61,1,2,2,1,2,3,4,29.16666667
1100,2,2,5500,128,1,1,3,1,2,3,4,5
900,2,2,18000,24,1,2,2,1,1,2,4,20
2750,4,4,80000,57,1,2,1,1,1,3,4,29.09090909
1250,3,3,25000,24,1,1,2,1,3,1,3,20
1200,3,4,29000,92,1,1,1,5,1,4,3,24.16666667
1400,5,4,25000,118,1,1,1,1,3,2,2,17.85714286
820,2,2,13000,24,1,1,1,1,4,2,4,15.85365854
1700,3,4,27000,24,1,1,1,1,3,3,2,15.88235294
800,2,3,15000,135,1,2,1,2,5,2,3,18.75
3200,5,4,150000,135,1,2,2,1,1,3,6,46.875
1100,2,3,21000,24,1,1,3,1,3,3,4,19.09090909
1100,2,2,18000,24,4,2,2,1,3,3,4,16.36363636
2199,3,3,55000,61,1,1,2,1,4,3,4,25.0113688
2350,3,3,35000,56,1,1,2,1,3,3,3,14.89361702
2000,4,3,50000,40,1,2,2,1,5,3,3,25
1850,2,3,30000,40,3,2,2,1,4,3,4,16.21621622
2440,4,3,45000,40,1,2,2,1,2,3,3,18.44262295
1320,4,3,38000,55,3,1,2,1,2,2,4,28.78787879
2000,3,3,100000,75,4,2,3,2,3,3,5,50
2350,3,3,40000,56,4,2,2,1,4,3,1,17.0212766
3150,4,4,280000,31,1,2,2,1,1,3,4,88.88888889
1350,2,3,50000,31,1,2,2,1,1,3,14,37.03703704
1000,3,3,18000,135,1,1,2,1,2,3,4,18
258,1,1,40000,55,1,1,1,1,1,3,3,155.0387597
1450,3,3,30000,40,3,1,1,1,3,1,2,20.68965517
1150,3,3,17500,118,1,1,2,2,2,2,13,15.2173913
700,1,2,9500,118,1,2,2,1,3,2,5,13.57142857
1100,3,3,22000,24,1,3,2,4,1,3,3,20
1000,2,3,18000,40,1,1,1,1,3,1,3,18
1650,3,3,58000,57,4,1,1,1,2,3,3,35.15151515
1600,3,3,25000,40,1,1,1,1,1,2,3,15.625
2300,3,3,60000,57,1,1,1,1,1,1,3,26.08695652
2600,3,3,1,57,1,1,3,1,3,2,1,0.000384615
1400,2,3,40000,61,1,2,2,1,5,3,3,28.57142857
1550,3,3,20000,118,1,1,3,2,2,3,2,12.90322581
1050,2,3,18000,118,1,1,2,2,5,3,1,17.14285714
2400,3,3,150000,31,2,1,2,1,2,2,3,62.5
5000,5,4,250000,75,1,1,2,1,3,3,6,50
1550,3,3,30000,40,1,1,3,1,3,3,3,19.35483871
2500,4,4,1200000,74,1,1,3,2,3,2,4,480
1120,3,3,16000,81,1,2,1,1,3,3,5,14.28571429
1100,2,2,16000,67,1,1,2,1,2,1,3,14.54545455
1650,3,3,30000,40,1,2,2,1,1,1,4,18.18181818
750,2,2,16000,135,1,1,3,1,1,3,3,21.33333333
650,1,2,13000,81,1,1,2,1,2,3,3,20
1300,3,3,35000,61,1,1,2,1,3,1,4,26.92307692
1400,3,3,32000,61,1,2,3,1,2,3,6,22.85714286
900,2,2,15000,81,1,2,2,2,3,2,1,16.66666667
300,1,2,15000,67,4,1,2,3,2,2,5,50
1000,3,3,15000,81,1,1,1,1,2,1,3,15
1200,3,3,40000,67,3,1,2,1,1,3,3,33.33333333
1400,3,3,20000,81,1,1,2,1,4,1,4,14.28571429
1200,4,3,40000,61,1,2,3,1,3,2,3,33.33333333
1300,3,3,45000,57,3,1,3,1,1,3,4,34.61538462
600,2,1,13000,118,2,2,2,2,3,3,5,21.66666667
2300,3,3,80000,31,1,1,2,1,5,2,3,34.7826087
2540,3,3,140000,31,1,2,3,1,2,3,3,55.11811024
800,2,2,15000,118,1,1,3,1,3,1,3,18.75
800,2,2,8000,102,1,3,2,1,4,3,4,10
1500,2,3,22000,135,1,2,1,1,5,3,3,14.66666667
2600,3,3,120000,31,1,1,3,1,1,3,3,46.15384615
800,2,2,14000,135,5,1,3,2,5,2,2,17.5
1300,3,3,18000,118,1,2,1,3,1,3,3,13.84615385
1200,3,3,30000,135,1,2,2,1,4,2,3,25
1950,2,3,35000,40,1,2,2,1,5,2,4,17.94871795
850,2,2,20000,135,5,2,1,1,2,3,3,23.52941176
1300,3,3,21000,118,1,1,2,1,1,3,4,16.15384615
1200,3,3,19000,118,1,1,2,1,2,3,4,15.83333333
2600,4,4,55000,40,1,1,1,1,2,3,3,21.15384615
1120,3,3,20000,61,1,2,1,1,4,3,2,17.85714286
2850,3,3,100000,31,1,2,3,1,2,2,3,35.0877193
875,3,2,16000,135,1,1,2,2,4,3,4,18.28571429
500,1,1,8000,118,1,1,2,2,4,2,3,16
600,2,2,13000,118,1,2,2,1,2,2,11,21.66666667
1100,3,2,16000,56,1,1,2,2,5,3,3,14.54545455
2950,3,4,130000,31,1,1,3,1,3,3,5,44.06779661
2200,4,3,80000,31,1,2,3,1,2,2,3,36.36363636
2000,4,3,70000,31,1,2,1,1,3,3,3,35
2200,4,3,70000,31,1,3,1,1,2,3,4,31.81818182
700,1,2,11000,61,1,1,2,1,3,3,2,15.71428571
2700,5,4,120000,31,1,1,1,2,1,2,4,44.44444444
2000,4,4,35000,56,1,2,3,1,2,2,3,17.5
2500,3,3,160000,31,1,1,2,1,2,3,3,64
2700,3,3,80000,31,1,1,1,1,3,3,3,29.62962963
1750,5,9,320000,20,2,1,2,1,3,2,3,182.8571429
2450,3,3,80000,31,1,1,2,1,2,3,5,32.65306122
900,2,2,17000,20,1,2,1,1,1,2,3,18.88888889
2550,5,4,55000,134,1,3,2,1,3,3,4,21.56862745
1300,3,3,18000,118,1,1,1,1,5,3,3,13.84615385
1300,4,3,20000,20,1,2,1,2,4,1,3,15.38461538
4600,4,4,260000,75,3,1,3,1,4,2,1,56.52173913
1350,3,3,20000,118,3,2,1,1,3,2,3,14.81481481
1040,2,2,38000,55,1,2,2,1,2,3,3,36.53846154
2600,4,4,80000,55,1,2,1,1,1,3,4,30.76923077
1500,2,2,65000,31,1,1,1,1,2,2,3,43.33333333
600,2,2,8000,118,1,2,1,1,3,2,4,13.33333333
2600,3,4,100000,75,2,1,1,2,1,1,3,38.46153846
2600,3,3,70000,31,1,1,2,1,1,3,4,26.92307692
700,2,3,11000,118,1,2,1,2,3,1,1,15.71428571
1450,3,3,20000,118,2,1,2,1,4,2,4,13.79310345
2350,3,4,35000,56,1,1,3,1,3,3,4,14.89361702
650,2,2,10000,118,3,2,2,2,4,2,3,15.38461538
650,2,2,11000,118,1,1,2,1,4,3,13,16.92307692
1250,3,3,20000,118,1,1,3,3,1,3,4,16
2600,4,4,150000,75,1,1,2,1,3,3,4,57.69230769
2150,3,3,30000,56,1,3,1,1,1,2,16,13.95348837
650,2,2,15000,118,1,1,2,1,2,3,7,23.07692308
2020,3,3,50000,61,1,1,2,1,3,1,4,24.75247525
1060,3,3,17000,118,1,2,1,1,3,1,3,16.03773585
2200,4,4,30000,56,1,1,3,1,3,2,16,13.63636364
2200,4,4,30000,56,1,2,1,2,1,1,3,13.63636364
1200,3,3,22000,118,1,1,3,1,1,3,4,18.33333333
1100,3,3,16000,101,5,1,2,1,2,1,3,14.54545455
2000,4,3,55000,123,1,1,3,4,1,3,3,27.5
2500,3,3,120000,31,1,1,2,3,5,2,3,48
1250,3,3,25000,145,1,1,2,2,4,3,3,20
1650,2,3,30000,179,1,1,2,1,5,2,4,18.18181818
600,3,3,18000,135,1,3,2,1,3,1,4,30
925,1,2,17000,145,2,2,2,1,3,3,3,18.37837838
2700,4,4,70000,55,1,1,2,1,4,3,4,25.92592593
700,2,2,18000,55,1,2,2,1,3,1,4,25.71428571
830,2,2,14000,118,1,2,3,1,3,3,3,16.86746988
1000,2,3,15000,118,1,2,2,1,4,2,4,15
900,2,2,18000,145,1,1,2,1,3,3,3,20
1250,3,3,24000,145,1,3,1,1,2,3,4,19.2
1150,3,3,14500,101,1,1,2,2,4,3,3,12.60869565
1200,3,2,25000,145,1,1,2,1,4,3,1,20.83333333
1080,3,3,16000,20,1,1,1,2,3,2,4,14.81481481
1250,3,3,25000,145,1,2,2,1,4,1,3,20
1335,3,3,18500,145,5,1,3,1,4,1,4,13.8576779
2200,3,3,25000,92,1,1,2,1,4,1,3,11.36363636
1850,3,4,40000,61,1,1,2,1,3,2,3,21.62162162
1640,3,4,25000,24,1,2,2,1,1,1,1,15.24390244
400,2,1,8000,118,2,4,2,1,1,1,4,20
1100,2,3,18000,20,1,1,3,1,2,2,1,16.36363636
2000,3,4,18000,118,1,1,1,1,1,3,5,9
1350,3,3,18000,118,1,2,2,1,2,3,4,13.33333333
400,1,2,11500,135,1,2,2,1,1,2,3,28.75
900,2,2,11000,118,1,1,3,2,3,2,5,12.22222222
1000,3,3,14000,24,1,1,2,1,1,2,4,14
1000,4,3,21000,118,1,1,1,1,2,2,3,21
1200,2,3,18000,145,1,1,1,2,1,3,3,15
1650,4,3,32000,101,3,3,2,1,3,3,3,19.39393939
1100,2,3,15000,24,1,2,2,2,3,3,4,13.63636364
900,2,2,11000,24,1,1,2,1,3,1,2,12.22222222
1500,3,3,17000,145,1,2,2,1,1,3,3,11.33333333
1150,2,3,20000,145,2,2,1,1,3,2,3,17.39130435
1100,3,2,18000,145,1,3,2,1,4,3,3,16.36363636
850,2,2,15500,145,1,2,1,1,2,3,3,18.23529412
1341,3,3,20000,145,4,2,2,1,3,3,3,14.9142431
950,2,2,12000,145,1,2,1,1,2,2,2,12.63157895
1000,3,2,18000,101,1,1,2,1,1,2,4,18
3400,4,5,100000,20,4,3,1,1,2,1,14,29.41176471
1350,3,3,55000,31,1,1,1,1,3,3,1,40.74074074
800,2,2,16000,14,1,3,3,1,2,2,3,20
700,1,1,11500,145,1,1,1,1,3,2,3,16.42857143
1600,3,3,35000,101,1,1,3,1,2,1,14,21.875
1200,3,3,25000,101,1,2,2,1,4,3,3,20.83333333
1200,3,3,25000,135,1,1,3,1,2,2,3,20.83333333
2050,3,3,40000,101,2,2,2,5,1,3,4,19.51219512
1300,3,3,21000,101,1,1,1,1,4,3,3,16.15384615
3000,4,4,95000,112,1,2,2,1,2,3,4,31.66666667
850,2,2,15000,145,4,2,2,1,2,1,4,17.64705882
2800,4,4,100000,31,2,1,2,2,2,1,3,35.71428571
1000,2,2,23000,67,2,2,1,2,4,3,3,23
800,2,3,11000,24,4,1,1,1,3,2,2,13.75
800,2,2,14500,61,1,1,1,1,2,2,3,18.125
1500,3,4,32000,92,1,1,2,1,2,3,4,21.33333333
800,2,2,12000,24,5,1,2,1,1,3,4,15
2200,3,3,70000,75,1,2,3,1,3,2,3,31.81818182
2000,3,3,70000,74,1,1,3,2,3,2,3,35
1200,3,2,20000,14,4,2,1,1,1,2,1,16.66666667
2200,4,3,30000,56,1,2,3,1,2,2,3,13.63636364
1000,2,2,16000,180,2,1,3,1,2,2,4,16
900,2,2,18000,145,3,2,1,1,2,1,4,20
1150,2,3,23000,119,1,1,2,1,2,3,5,20
1250,3,3,40000,57,1,2,2,1,3,3,14,32
1135,2,3,26000,119,5,2,1,2,6,2,4,22.90748899
800,3,2,14000,14,1,1,2,1,1,1,4,17.5
1700,5,3,23000,14,5,1,2,1,2,2,2,13.52941176
700,3,2,14000,14,1,1,2,1,3,3,3,20
400,1,2,10000,14,1,2,1,1,3,3,3,25
1317,3,3,13000,59,1,2,1,1,3,3,1,9.870918755
1960,3,3,50000,61,1,1,2,2,2,3,4,25.51020408
4200,5,5,250000,75,1,1,3,1,1,2,1,59.52380952
2450,3,3,70000,74,3,2,2,2,3,3,3,28.57142857
1218,3,3,25000,119,1,2,3,1,4,3,3,20.52545156
1200,3,3,22000,14,2,2,1,2,4,1,3,18.33333333
1212,3,3,25000,119,4,1,2,1,5,3,4,20.62706271
1100,2,2,23000,119,1,1,2,1,2,3,4,20.90909091
2200,3,3,66000,57,4,1,1,1,2,1,4,30
1500,3,2,50000,74,1,4,3,1,2,1,1,33.33333333
1500,3,3,32000,134,1,2,2,2,2,3,3,21.33333333
1500,5,3,60000,74,1,1,2,1,2,3,3,40
850,2,3,17000,162,1,1,2,3,2,3,4,20
2300,5,3,65000,74,1,3,3,2,2,2,3,28.26086957
800,2,2,20000,120,4,3,2,1,4,3,1,25
600,1,2,15000,162,1,3,1,1,2,3,3,25
2200,4,4,40000,56,1,1,2,2,1,1,4,18.18181818
2300,5,3,145000,31,1,1,3,1,2,3,4,63.04347826
850,2,2,16000,20,5,1,2,1,1,1,5,18.82352941
700,2,2,15000,162,1,1,3,2,1,2,3,21.42857143
1000,2,2,14500,31,1,3,1,1,1,3,3,14.5
965,3,3,19000,24,1,1,1,1,2,3,3,19.68911917
2300,3,3,80000,31,1,1,2,1,4,2,1,34.7826087
1350,3,3,30000,55,1,1,2,5,3,3,3,22.22222222
1145,2,3,20000,118,1,1,2,1,3,2,3,17.46724891
3600,4,4,100000,61,1,1,1,1,3,3,5,27.77777778
1300,3,3,60000,92,1,1,3,1,4,1,4,46.15384615
4000,6,5,90000,67,1,1,3,1,2,3,3,22.5
900,2,2,14000,135,1,1,2,1,2,3,4,15.55555556
450,1,1,9000,123,4,1,1,1,1,2,4,20
1000,3,3,20000,123,1,2,1,1,5,2,14,20
3000,4,7,350000,24,1,1,2,1,4,3,4,116.6666667
950,2,2,14000,61,3,2,2,2,2,3,1,14.73684211
900,2,3,15000,123,1,1,3,3,1,4,3,16.66666667
1600,3,3,16000,14,4,2,2,2,3,3,4,10
2600,4,4,40000,40,1,1,1,1,6,3,4,15.38461538
900,2,2,17000,135,1,1,1,1,2,1,3,18.88888889
1400,3,4,28000,14,1,2,2,2,5,1,4,20
1500,3,3,25000,134,1,1,1,1,3,3,4,16.66666667
1350,3,3,16000,20,1,1,2,1,2,3,3,11.85185185
1675,3,3,55000,31,1,2,2,1,2,3,3,32.8358209
2850,4,4,75000,74,1,1,2,1,2,2,13,26.31578947
1400,4,3,30000,134,1,2,2,1,3,1,3,21.42857143
1400,3,3,35000,134,1,1,2,1,3,2,3,25
1500,4,3,16000,59,1,3,3,1,1,1,4,10.66666667
2550,4,3,170000,31,1,2,3,1,3,1,3,66.66666667
1500,2,3,30000,134,1,1,2,1,1,1,3,20
1500,3,3,16000,20,1,2,1,1,3,2,2,10.66666667
1200,3,3,24000,20,4,2,2,2,4,2,4,20
800,3,2,17500,135,1,2,3,1,4,3,3,21.875
900,1,2,13500,20,1,2,3,2,3,2,3,15
1300,5,3,30000,135,1,1,1,2,3,2,3,23.07692308
750,2,2,15000,20,2,1,2,2,1,3,4,20
1000,3,3,20000,135,1,3,1,3,2,3,3,20
1400,2,2,18500,135,3,2,2,1,1,1,3,13.21428571
1050,2,3,18000,20,1,2,2,3,6,2,3,17.14285714
600,3,2,15500,135,3,1,2,1,2,3,4,25.83333333
850,2,2,20000,135,1,2,1,1,3,3,3,23.52941176
800,2,2,15000,20,4,2,1,1,2,2,3,18.75
1500,3,3,25000,135,1,3,2,1,3,3,3,16.66666667
1000,1,1,8500,123,4,2,1,2,3,3,4,8.5
800,2,2,10500,123,1,2,2,1,1,3,4,13.125
1250,4,4,25000,20,1,1,1,2,1,3,3,20
600,1,2,15000,135,1,1,2,2,5,3,3,25
1000,4,3,25000,135,1,1,1,1,2,3,12,25
1060,2,3,15000,123,1,1,1,1,2,3,3,14.1509434
750,2,2,17000,135,1,2,1,1,4,2,4,22.66666667
800,2,2,18000,135,1,2,2,1,4,2,3,22.5
830,3,2,18000,135,1,1,2,1,3,2,3,21.68674699
500,1,1,8000,135,1,2,3,2,1,3,4,16
800,3,2,14500,135,1,2,2,1,2,3,1,18.125
820,3,2,16000,135,1,1,3,1,2,3,3,19.51219512
600,2,2,10500,123,1,1,2,1,1,3,4,17.5
1000,3,3,13000,123,1,2,2,1,3,2,3,13
1130,2,3,17000,123,1,2,2,1,2,3,3,15.04424779
850,2,2,18000,14,1,2,2,5,4,3,3,21.17647059
850,3,2,17500,135,3,1,3,1,4,3,3,20.58823529
800,3,2,14000,123,1,2,1,1,2,2,3,17.5
2400,4,3,75000,75,1,2,3,1,1,3,3,31.25
1600,3,2,16000,135,1,1,1,1,3,3,4,10
1400,4,3,26000,135,1,2,1,3,3,3,3,18.57142857
1000,3,2,18000,135,5,1,3,1,5,3,3,18
800,2,2,17500,135,2,2,2,1,3,3,3,21.875
750,3,2,18000,135,1,1,2,1,4,3,2,24
900,3,3,17000,135,2,1,1,1,2,3,4,18.88888889
800,3,2,20000,135,3,2,2,1,3,3,4,25
800,3,2,18000,135,1,2,2,1,3,1,4,22.5
900,2,2,18000,20,1,1,2,1,3,2,3,20
1200,3,3,17000,123,1,2,2,1,2,3,4,14.16666667
1130,2,3,18000,123,1,1,2,1,2,1,3,15.92920354
1050,2,3,13000,123,1,3,2,1,3,1,4,12.38095238
1200,3,3,35000,123,1,2,2,1,2,3,3,29.16666667
900,2,2,15000,123,1,1,2,1,2,3,3,16.66666667
800,2,2,19000,123,1,2,1,1,1,3,4,23.75
740,2,2,11000,123,1,2,1,1,1,3,3,14.86486486
1150,2,3,18000,123,2,2,3,2,3,2,4,15.65217391
1539,3,3,26000,123,1,4,2,2,4,2,4,16.89408707
1050,2,2,15000,123,1,1,3,1,4,3,3,14.28571429
1500,4,3,13000,123,1,2,3,1,4,3,3,8.666666667
800,2,3,10000,20,1,1,1,1,3,3,5,12.5
1300,3,4,13000,123,1,1,2,1,3,3,4,10
750,2,2,15000,40,1,1,1,1,2,2,3,20
1185,3,3,15000,123,2,1,2,1,4,2,3,12.65822785
1650,3,2,42000,123,1,2,2,2,1,3,5,25.45454545
1400,4,3,15000,123,3,1,2,2,2,3,4,10.71428571
1100,3,3,16000,123,4,1,1,2,2,1,3,14.54545455
1400,4,3,17000,123,1,1,1,2,3,3,4,12.14285714
1200,3,3,15000,123,1,1,2,1,4,1,3,12.5
1000,2,2,9500,123,1,2,1,1,1,2,11,9.5
1150,3,3,27000,67,2,2,2,1,4,1,5,23.47826087
1300,1,3,4000,143,1,1,1,3,1,3,3,3.076923077
1350,4,3,19000,123,1,1,2,1,2,2,3,14.07407407
2000,4,3,45000,40,2,2,2,1,2,3,2,22.5
1250,3,3,16000,20,1,1,2,2,1,2,3,12.8
2000,3,3,36000,40,1,2,1,1,1,3,4,18
950,3,2,13000,123,1,1,3,1,3,3,4,13.68421053
800,1,2,14000,123,1,3,3,1,2,3,3,17.5
700,2,2,17000,123,1,2,2,1,4,3,14,24.28571429
800,2,2,14500,20,1,3,1,2,3,3,3,18.125
700,3,2,17000,123,1,3,2,1,3,2,3,24.28571429
900,1,4,15500,123,1,1,1,1,2,2,3,17.22222222
1200,4,3,22000,123,1,1,1,1,3,3,3,18.33333333
1500,4,3,25000,123,5,2,1,1,2,3,5,16.66666667
700,2,2,9000,20,1,1,3,1,4,2,2,12.85714286
1000,3,3,20000,123,1,2,2,1,3,2,3,20
1200,3,3,14000,123,1,2,1,1,4,2,3,11.66666667
1200,4,3,12500,123,1,1,2,1,1,3,3,10.41666667
1300,3,3,15000,123,1,2,2,2,3,2,4,11.53846154
900,3,2,11000,59,1,2,1,1,3,3,1,12.22222222
1270,4,3,15000,59,1,2,1,1,3,3,5,11.81102362
1510,4,4,30000,67,2,1,2,1,2,3,4,19.86754967
1200,2,3,24000,67,1,3,1,1,5,2,3,20
2955,5,3,45000,112,1,2,2,1,2,3,3,15.2284264
2100,3,3,70000,75,1,2,2,1,4,2,4,33.33333333
600,1,2,8000,59,1,4,2,2,4,2,3,13.33333333
1600,4,2,30000,67,1,2,2,1,1,2,14,18.75
1250,3,3,32000,67,4,2,2,1,4,3,3,25.6
900,2,3,8000,59,1,2,2,1,5,3,12,8.888888889
600,2,2,4000,72,1,1,3,1,2,1,7,6.666666667
1440,3,4,18000,59,1,2,3,1,1,2,3,12.5
800,2,2,12000,101,1,3,3,1,4,3,4,15
1640,3,3,42000,67,1,1,3,1,2,1,3,25.6097561
1700,4,4,16000,59,3,1,2,1,2,2,3,9.411764706
3000,3,1,50,20,1,1,2,1,3,1,4,0.016666667
1100,2,3,11000,59,1,1,2,1,1,1,3,10
1015,2,3,10000,59,1,1,2,1,3,3,3,9.852216749
1300,3,3,25000,170,1,2,2,2,4,3,3,19.23076923
1860,4,3,50000,61,1,1,1,1,4,2,3,26.88172043
1200,2,3,27000,139,1,1,1,1,1,2,3,22.5
1426,6,3,38000,55,1,1,3,1,5,2,4,26.64796634
1000,2,3,12000,59,1,1,1,1,2,3,3,12
750,2,3,12500,61,1,1,3,1,1,3,4,16.66666667
600,2,2,12000,59,1,1,2,2,3,2,10,20
600,2,2,10000,59,1,1,2,1,3,2,1,16.66666667
600,2,2,9500,59,1,1,3,1,3,2,3,15.83333333
1150,3,3,22000,61,5,2,1,1,3,3,3,19.13043478
1200,3,2,25000,92,1,2,1,1,3,1,4,20.83333333
1950,3,3,55000,61,1,1,1,2,2,2,4,28.20512821
1050,2,3,26000,67,4,2,2,1,4,3,3,24.76190476
700,3,2,22000,170,1,2,3,1,1,3,4,31.42857143
800,1,2,12000,40,1,2,2,1,2,4,4,15
600,1,1,15000,170,1,2,2,2,1,3,4,25
2500,4,4,45000,67,5,1,2,2,2,3,4,18
1125,4,3,13000,59,4,2,3,1,4,2,4,11.55555556
1175,3,3,28000,67,1,1,2,1,4,3,4,23.82978723
1100,2,3,13000,59,1,1,3,1,5,3,2,11.81818182
1200,1,2,18000,170,1,2,2,1,2,3,3,15
1560,4,3,30000,20,2,1,2,2,3,2,13,19.23076923
1700,4,3,32000,92,1,1,2,1,2,3,4,18.82352941
1780,3,3,30000,91,4,2,2,3,2,3,2,16.85393258
1400,4,3,20000,20,4,1,2,1,2,3,6,14.28571429
1300,2,3,25000,20,1,1,3,2,4,1,4,19.23076923
1220,4,3,20000,20,1,1,2,2,2,2,3,16.39344262
1650,3,3,50000,20,1,1,1,2,1,3,3,30.3030303
1790,4,3,45000,31,1,2,2,1,3,1,3,25.1396648
1050,3,3,25000,61,1,2,2,1,5,3,3,23.80952381
2250,4,3,40000,31,1,3,2,2,3,3,4,17.77777778
1100,3,4,17000,20,1,1,2,2,1,2,3,15.45454545
1200,3,3,22000,20,1,2,2,1,3,3,3,18.33333333
1800,3,3,100000,31,1,3,1,1,3,3,3,55.55555556
1650,4,4,25000,135,1,1,2,2,5,3,3,15.15151515
2280,3,3,20000,118,1,1,2,1,2,3,4,8.771929825
1250,2,2,24000,139,4,1,2,1,3,2,4,19.2
1750,3,3,40000,139,1,2,1,1,2,3,2,22.85714286
2200,5,4,50000,179,4,2,1,1,1,3,3,22.72727273
1650,3,4,25000,18,4,2,1,2,4,2,3,15.15151515
2290,4,4,35000,56,1,1,2,1,1,1,4,15.28384279
750,2,2,13000,20,1,2,2,1,2,3,4,17.33333333
1600,3,3,40000,179,1,1,2,1,1,3,3,25
3000,3,3,100000,31,1,2,2,1,5,3,3,33.33333333
3000,4,4,120000,31,2,1,2,1,4,3,4,40
1440,3,3,28000,20,1,2,2,1,1,3,4,19.44444444
1100,2,3,22000,24,1,1,3,1,3,3,4,20
1200,5,3,20000,20,1,1,2,3,3,3,12,16.66666667
1950,3,3,24000,40,3,2,3,1,3,1,3,12.30769231
600,1,2,11000,61,5,2,3,2,3,3,4,18.33333333
2150,6,4,25000,179,4,2,2,1,4,3,4,11.62790698
1700,3,3,25000,20,1,1,2,1,4,3,3,14.70588235
1150,3,3,20000,20,1,1,2,1,2,1,2,17.39130435
650,2,2,13500,20,1,1,2,1,2,2,3,20.76923077
3000,6,5,50000,20,1,1,1,1,4,3,3,16.66666667
1200,2,3,28000,55,5,1,2,1,3,2,3,23.33333333
2600,6,4,50000,20,1,2,2,1,5,2,3,19.23076923
1500,4,3,30000,20,2,1,1,1,5,3,3,20
1790,4,3,35000,92,1,1,2,2,1,3,4,19.55307263
650,2,2,18000,92,4,3,1,1,2,3,13,27.69230769
1665,4,3,42000,92,1,1,2,2,2,3,3,25.22522523
1125,2,2,21000,56,1,1,1,3,2,3,4,18.66666667
1500,3,3,27000,92,1,2,1,1,3,3,3,18
800,2,2,12000,20,1,1,3,2,2,3,3,15
1220,3,3,35000,92,1,2,2,1,4,4,1,28.68852459
1380,5,3,30000,92,1,2,2,1,2,1,3,21.73913043
850,2,2,15000,20,1,1,1,1,2,1,3,17.64705882
1300,3,3,25000,20,1,1,2,1,1,3,3,19.23076923
850,2,2,14000,20,1,1,1,1,3,3,4,16.47058824
2350,4,4,45000,56,3,2,2,1,2,3,4,19.14893617
500,1,1,7500,20,1,2,2,1,2,1,3,15
1350,4,3,27000,20,1,2,2,2,1,2,4,20
850,2,2,17000,92,1,1,2,1,2,2,3,20
1600,4,3,33000,92,1,1,1,1,2,2,1,20.625
600,3,2,14000,20,1,1,2,1,1,2,4,23.33333333
3000,5,3,3000,31,1,1,1,2,3,3,3,1
2200,4,3,50000,31,1,2,1,1,3,2,3,22.72727273
2300,4,4,30000,56,1,2,3,2,1,2,3,13.04347826
1700,5,3,40000,92,4,1,3,1,2,3,5,23.52941176
950,3,3,20000,92,1,1,3,1,2,3,4,21.05263158
1000,2,3,21000,92,1,1,1,2,2,4,4,21
700,3,2,14000,20,3,1,2,2,1,3,4,20
875,2,2,14000,135,5,1,2,1,3,3,4,16
1980,5,3,36000,92,2,1,2,1,3,3,4,18.18181818
600,1,1,8000,20,1,3,2,1,2,3,1,13.33333333
1350,4,3,29000,92,1,1,2,2,4,3,4,21.48148148
700,3,2,12500,20,2,2,1,1,2,2,4,17.85714286
1350,3,3,35000,92,1,1,2,1,2,1,3,25.92592593
2250,4,3,32000,56,1,2,1,1,4,2,16,14.22222222
2100,4,3,35000,56,1,2,1,1,1,3,3,16.66666667
1602,4,3,38500,61,1,2,1,1,1,3,3,24.03245943
2100,4,4,36000,56,1,1,2,2,3,3,3,17.14285714
700,1,2,7000,20,1,1,2,1,2,3,4,10
2200,5,4,35000,56,1,1,2,1,3,3,14,15.90909091
1300,3,3,30000,92,1,2,3,1,3,3,5,23.07692308
750,3,2,23000,92,1,3,2,1,1,2,3,30.66666667
2200,3,3,28000,56,2,1,3,1,1,3,3,12.72727273
1700,5,3,32000,92,1,3,2,1,4,1,12,18.82352941
2300,3,3,40000,56,1,2,2,1,2,2,4,17.39130435
1700,3,3,35000,92,1,1,2,3,3,3,4,20.58823529
1250,5,3,60000,56,1,1,2,1,4,2,3,48
1200,4,3,23000,14,2,2,1,2,4,1,5,19.16666667
1300,3,3,20000,179,1,1,3,4,4,1,3,15.38461538
950,2,2,15000,123,1,2,2,1,5,2,2,15.78947368
700,1,2,15000,14,1,2,1,1,1,3,1,21.42857143
1700,4,3,60000,92,5,1,3,1,2,3,1,35.29411765
1200,3,3,22000,145,4,1,3,1,2,3,3,18.33333333
2000,4,3,50000,61,1,2,2,3,3,3,3,25
950,2,3,15000,123,1,1,1,4,4,3,3,15.78947368
1000,2,2,19000,145,4,1,1,2,3,2,4,19
1476,4,3,35000,61,1,1,2,1,1,2,4,23.71273713
700,2,2,12500,20,1,2,2,1,3,3,3,17.85714286
500,1,2,10500,20,1,1,3,1,3,3,4,21
950,3,2,15000,14,1,2,2,2,1,2,3,15.78947368
1200,3,3,17000,14,2,1,2,1,2,2,4,14.16666667
1768,3,3,38000,92,1,1,2,1,1,3,4,21.49321267
1370,4,3,25000,14,1,1,3,2,4,3,15,18.24817518
600,1,2,9500,14,1,2,1,2,5,3,3,15.83333333
500,2,2,10000,145,1,1,3,1,3,4,5,20
1700,5,2,20000,179,4,2,2,1,6,2,3,11.76470588
750,3,2,22000,92,4,1,2,1,4,3,3,29.33333333
1000,2,3,12000,20,1,1,1,1,2,3,3,12
1735,3,3,40000,61,1,1,2,2,1,3,3,23.05475504
735,3,2,15000,20,1,1,2,2,1,1,3,20.40816327
2400,6,4,50000,179,1,1,2,1,5,3,3,20.83333333
1100,3,3,19000,20,1,2,3,1,3,3,4,17.27272727
1050,3,3,20000,61,1,1,3,1,5,3,4,19.04761905
1000,2,3,16000,20,2,2,1,1,3,2,4,16
2000,3,3,45000,61,1,1,3,1,1,2,3,22.5
1725,3,3,37000,61,1,1,2,1,1,3,3,21.44927536
980,2,3,15000,14,5,1,2,3,3,3,4,15.30612245
800,1,2,9500,20,2,1,1,1,1,3,4,11.875
2400,3,3,70000,179,2,1,2,1,4,2,4,29.16666667
860,2,2,17000,145,5,2,3,1,1,3,14,19.76744186
1250,3,3,20000,179,5,2,2,1,4,2,4,16
1000,2,3,15000,14,1,1,1,2,2,3,3,15
1250,3,3,19000,179,1,1,3,1,3,3,3,15.2
750,2,2,17000,20,4,2,1,1,1,2,3,22.66666667
1870,3,3,40000,179,5,2,2,1,2,3,4,21.39037433
1820,6,3,35000,123,1,1,2,1,2,1,4,19.23076923
1700,3,3,32000,145,1,2,3,1,4,3,3,18.82352941
860,2,2,16000,61,1,2,2,1,3,2,1,18.60465116
1200,2,2,16000,14,5,1,2,2,2,1,6,13.33333333
1050,2,3,18000,14,1,1,1,2,3,3,3,17.14285714
1100,2,3,18000,20,1,2,1,1,4,3,3,16.36363636
1200,3,3,20000,14,2,2,2,1,3,3,2,16.66666667
1440,3,3,22000,179,1,2,2,1,5,2,3,15.27777778
900,2,3,18000,145,1,2,1,1,1,3,3,20
1150,3,3,20500,61,2,1,2,1,5,3,5,17.82608696
600,1,2,10000,14,1,2,3,1,3,3,3,16.66666667
700,2,2,14000,145,1,1,2,1,2,3,3,20
800,2,2,19000,20,5,1,2,1,3,2,4,23.75
1400,3,3,30000,112,1,1,3,2,2,3,4,21.42857143
1200,3,2,15000,179,1,3,2,2,2,2,4,12.5
1300,4,3,20000,179,1,1,2,1,3,3,4,15.38461538
1000,3,2,24000,61,1,2,3,1,4,3,4,24
950,2,2,25000,61,4,1,3,1,2,2,3,26.31578947
2000,5,3,60000,61,2,1,1,2,5,3,5,30
1000,3,2,14000,14,1,2,1,2,1,3,3,14
800,2,2,13000,20,1,2,1,1,3,3,3,16.25
1120,2,3,17000,145,5,1,2,1,2,3,5,15.17857143
800,2,2,17000,145,1,1,1,2,5,3,3,21.25
2000,5,3,30000,40,1,1,1,1,3,3,2,15
950,2,2,15000,24,1,1,2,2,4,1,4,15.78947368
2000,4,3,40000,40,1,2,1,2,5,3,3,20
500,1,1,15000,61,1,2,3,1,1,3,3,30
700,2,2,14000,34,4,1,3,1,1,3,3,20
1150,2,3,16000,34,1,2,1,1,3,2,4,13.91304348
750,3,2,20000,40,1,2,3,1,3,2,4,26.66666667
1185,3,3,20000,34,1,1,2,1,3,3,13,16.87763713
600,1,2,7000,167,1,1,2,2,3,2,3,11.66666667
1100,2,2,12000,24,1,1,3,1,5,3,3,10.90909091
1300,2,3,19000,24,1,1,2,2,2,2,4,14.61538462
1100,3,3,23000,24,1,2,2,1,2,2,3,20.90909091
2100,4,3,60000,61,1,1,2,3,2,1,15,28.57142857
1500,3,4,65000,40,1,1,2,1,2,3,4,43.33333333
1125,3,3,26000,61,2,2,1,1,1,2,4,23.11111111
1250,3,3,25000,145,2,1,1,1,2,2,5,20
1896,4,3,55000,61,1,2,3,2,3,3,3,29.00843882
2200,6,4,40000,179,1,1,1,1,4,3,3,18.18181818
2500,4,3,1600000,75,1,1,2,1,2,3,4,640
2650,6,5,65000,40,1,2,1,2,2,2,4,24.52830189
2460,4,3,75000,61,1,2,2,1,3,3,1,30.48780488
2350,4,3,70000,61,1,2,3,1,1,3,14,29.78723404
1650,4,3,35000,61,1,2,2,1,3,2,3,21.21212121
2139,4,4,70000,61,1,3,2,1,3,1,3,32.7255727
2500,3,3,85000,61,1,1,2,1,3,3,3,34
1600,3,3,45000,61,2,2,2,2,1,3,3,28.125
1846,4,3,45000,61,4,2,1,1,3,3,3,24.37703142
1150,4,3,20000,40,1,2,1,1,3,3,1,17.39130435
1905,4,3,33000,40,1,2,2,2,2,3,4,17.32283465
2350,4,3,80000,61,1,1,2,1,1,2,3,34.04255319
2700,3,3,140000,31,2,1,2,1,1,3,3,51.85185185
3000,5,4,100000,61,1,1,1,2,5,3,3,33.33333333
2800,6,4,45000,40,1,3,2,1,5,2,1,16.07142857
2700,3,3,130000,31,1,2,2,1,5,3,3,48.14814815
1950,4,3,50000,61,1,2,2,1,3,3,12,25.64102564
1800,5,3,40000,40,2,2,3,2,3,2,3,22.22222222
1950,4,4,40000,40,1,2,2,1,3,2,4,20.51282051
1600,5,3,30000,40,1,1,2,1,3,3,3,18.75
1200,4,3,26000,123,1,2,2,2,3,3,4,21.66666667
900,2,2,16000,24,1,2,1,1,1,3,2,17.77777778
2650,5,3,55000,61,1,1,2,1,1,3,4,20.75471698
1550,3,3,16000,24,1,3,1,1,3,1,3,10.32258065
1250,3,3,28000,61,1,1,1,1,2,1,4,22.4
2000,4,3,20000,24,1,1,2,3,3,2,3,10
2200,3,3,40000,40,3,1,2,1,2,3,3,18.18181818
1527,4,4,25000,167,1,1,2,1,4,2,4,16.37197119
1450,4,3,25000,40,1,2,1,1,1,2,3,17.24137931
900,3,2,15000,24,1,1,2,1,2,2,1,16.66666667
2200,6,3,80000,61,1,1,3,1,3,2,3,36.36363636
1600,4,3,30000,40,1,1,1,1,3,3,4,18.75
900,2,3,17000,24,1,2,2,1,2,1,3,18.88888889
950,2,3,16000,24,1,1,2,1,3,3,4,16.84210526
1200,3,3,30000,61,1,3,1,1,2,1,3,25
1300,3,3,24000,40,1,3,2,1,1,3,3,18.46153846
3000,4,4,32000,24,1,2,2,1,2,2,4,10.66666667
1300,4,3,25000,40,1,1,1,1,3,3,4,19.23076923
1000,2,2,23000,61,1,1,1,1,3,1,4,23
1450,3,3,30000,61,1,2,1,1,3,2,3,20.68965517
1050,3,3,14000,24,1,1,2,1,2,3,1,13.33333333
800,2,2,14000,14,1,1,3,2,2,2,3,17.5
1600,3,3,30000,40,1,1,1,1,1,3,4,18.75
2700,4,3,70000,61,1,2,2,1,2,2,3,25.92592593
1100,3,3,24000,134,1,2,3,2,3,3,1,21.81818182
1200,4,3,24000,14,1,2,1,1,4,3,3,20
1550,5,3,38000,134,1,1,1,1,3,3,3,24.51612903
1600,5,3,25000,14,1,1,3,2,3,3,3,15.625
800,2,2,15000,134,4,2,2,2,2,3,3,18.75
1330,4,3,32000,134,1,2,3,1,2,3,3,24.06015038
1600,4,3,35000,134,1,1,2,3,3,2,3,21.875
900,2,2,15000,123,4,1,2,2,4,3,1,16.66666667
1000,2,2,20000,101,1,3,2,1,4,3,2,20
800,2,2,16500,14,1,2,2,1,4,3,4,20.625
1600,3,3,20000,24,1,2,2,1,5,2,3,12.5
1760,4,3,50000,57,1,1,3,1,3,2,3,28.40909091
1560,5,3,40000,61,1,1,1,3,4,2,3,25.64102564
2250,4,4,45000,179,2,3,3,1,1,3,3,20
1852,5,3,60000,40,1,2,1,1,4,3,4,32.39740821
1155,3,3,25000,24,1,2,2,3,2,3,3,21.64502165
1250,3,2,26000,112,1,1,2,1,1,2,4,20.8
1500,3,3,35000,134,1,1,1,2,1,2,3,23.33333333
2200,4,4,30000,56,1,2,3,3,1,2,2,13.63636364
2150,4,3,33000,56,4,2,2,1,1,2,4,15.34883721
1382,3,3,28000,134,1,1,1,1,4,2,13,20.26049204
1600,4,3,24000,24,1,1,1,1,3,3,3,15
1360,3,3,18000,24,1,1,3,1,5,3,4,13.23529412
1200,4,3,25000,123,1,1,2,1,3,3,5,20.83333333
1800,5,3,60000,40,1,2,3,1,4,1,3,33.33333333
400,1,2,9000,14,3,1,1,2,3,3,4,22.5
1200,3,3,16000,24,1,1,2,1,1,2,13,13.33333333
800,2,2,12000,14,5,1,2,2,3,4,4,15
1450,4,3,45000,134,1,1,3,1,3,3,3,31.03448276
2500,6,4,40000,24,1,2,2,1,3,1,4,16
1630,4,3,35000,134,1,2,1,1,4,3,1,21.47239264
1200,3,3,13500,24,1,1,3,1,2,2,14,11.25
1200,3,3,15000,14,1,1,2,1,1,3,3,12.5
1250,2,3,16500,14,1,1,2,1,2,3,3,13.2
1400,4,3,35000,56,1,2,2,1,3,1,1,25
1300,3,3,25000,14,1,1,3,1,3,3,4,19.23076923
2200,4,3,30000,56,1,2,3,2,2,3,4,13.63636364
2250,3,3,65000,61,5,1,1,1,1,3,5,28.88888889
2500,6,4,50000,112,1,2,1,2,4,3,1,20
2200,4,3,30000,56,1,2,3,2,4,3,1,13.63636364
1200,3,3,18000,14,1,1,2,1,3,2,4,15
1500,4,3,24000,14,1,1,1,1,1,1,1,16
1130,3,3,19000,56,1,1,2,1,3,3,3,16.81415929
2400,6,4,35000,56,3,2,1,1,1,3,14,14.58333333
1280,4,3,20000,14,2,2,2,1,4,2,4,15.625
2700,5,4,60000,112,1,3,3,2,3,2,4,22.22222222
2150,5,4,30000,56,1,1,2,3,1,3,5,13.95348837
2100,5,4,35000,56,1,1,1,1,3,3,3,16.66666667
1150,3,3,19000,56,1,2,2,1,1,3,12,16.52173913
750,3,2,13000,14,1,1,1,1,4,2,1,17.33333333
2250,4,3,35000,56,1,1,2,1,3,1,13,15.55555556
2200,6,4,29000,56,1,2,3,1,3,1,3,13.18181818
1250,4,3,30000,56,1,1,3,2,4,3,3,24
2100,5,4,30000,56,1,1,3,1,3,3,4,14.28571429
2200,4,4,35000,56,1,1,2,1,3,2,1,15.90909091
1100,3,3,17000,14,2,1,1,1,3,3,3,15.45454545
1900,4,3,50000,112,1,2,2,1,3,2,5,26.31578947
1045,3,3,20000,56,1,1,3,1,3,1,3,19.13875598
1100,3,3,18000,56,1,1,2,1,3,1,4,16.36363636
2230,4,3,32000,56,1,1,2,1,1,3,4,14.34977578
840,2,2,12000,14,4,2,3,2,1,3,4,14.28571429
600,1,2,13000,118,2,1,2,3,3,3,4,21.66666667
390,4,3,33000,56,1,1,1,2,4,2,3,84.61538462
2955,5,3,45000,112,2,1,3,2,2,2,1,15.2284264
2100,4,4,35000,56,1,2,2,1,2,2,13,16.66666667
1150,4,3,34000,112,1,2,2,2,3,3,4,29.56521739
700,3,2,15000,14,1,2,2,1,3,3,3,21.42857143
2200,4,3,35000,56,2,3,1,2,4,2,3,15.90909091
2350,6,4,40000,56,1,2,1,1,2,2,3,17.0212766
1510,4,3,25000,14,1,2,3,1,3,3,3,16.55629139
900,3,2,15000,56,1,1,1,1,1,1,4,16.66666667
2350,4,4,40000,56,1,1,1,2,1,3,3,17.0212766
1150,5,3,20000,56,1,2,3,1,3,3,4,17.39130435
1100,2,3,18000,56,3,2,1,2,1,3,4,16.36363636
1350,5,3,35000,55,1,2,3,2,3,3,3,25.92592593
1450,4,3,20000,14,1,1,2,1,2,3,4,13.79310345
1300,3,3,38000,55,1,1,2,2,2,2,3,29.23076923
1600,4,3,25000,14,1,4,1,5,3,3,3,15.625
1200,2,3,17000,105,1,2,2,2,5,3,3,14.16666667
650,2,2,10000,118,1,1,3,2,3,3,5,15.38461538
700,2,2,14000,14,1,1,1,1,4,3,3,20
2100,6,4,30000,56,1,1,2,2,1,2,3,14.28571429
1250,3,2,17000,14,1,1,3,2,5,3,14,13.6
1100,3,3,21000,56,4,2,1,1,1,3,3,19.09090909
1064,4,3,15000,14,1,1,1,1,4,3,1,14.09774436
1200,2,2,21500,56,3,1,2,1,1,2,3,17.91666667
1950,4,3,54000,112,3,2,2,1,2,3,4,27.69230769
1000,3,2,20000,14,1,1,1,1,2,3,3,20
2100,4,3,50000,61,1,1,3,2,4,2,4,23.80952381
2400,5,4,35000,56,2,2,1,1,2,3,3,14.58333333
3370,6,5,85000,55,1,1,2,1,3,3,12,25.22255193
1150,4,3,20000,56,1,2,2,1,3,1,3,17.39130435
2200,5,4,30000,56,1,1,2,1,1,3,3,13.63636364
1665,4,3,40000,112,4,1,3,2,4,3,1,24.02402402
2200,4,3,70000,75,1,1,1,1,1,3,15,31.81818182
1300,3,3,36000,55,1,2,2,1,1,3,3,27.69230769
1700,3,3,25000,14,1,1,2,1,3,3,5,14.70588235
1200,2,3,18000,118,1,2,2,1,4,3,2,15
2500,4,3,80000,75,4,2,3,1,3,2,3,32
2500,4,3,75000,75,1,1,2,1,3,3,1,30
1350,3,3,36000,55,1,2,2,1,4,3,3,26.66666667
2150,1,1,40,118,1,1,1,1,1,2,3,0.018604651
1170,3,3,27000,27,5,3,1,1,2,3,3,23.07692308
600,1,2,9500,102,2,2,2,1,5,2,4,15.83333333
1600,3,3,32000,134,1,2,2,3,5,3,1,20
950,2,2,19000,24,1,2,1,1,3,3,3,20
2600,4,4,110000,75,1,4,2,1,4,2,3,42.30769231
3300,4,4,110000,31,1,1,1,3,3,3,4,33.33333333
2250,3,3,50000,31,4,1,3,1,3,3,14,22.22222222
1700,3,2,35000,57,1,1,2,1,2,1,3,20.58823529
2550,3,4,50000,55,1,2,3,1,1,2,3,19.60784314
600,3,3,9000,118,1,1,1,1,3,1,3,15
1600,4,3,35000,14,3,1,3,3,1,2,3,21.875
1250,4,3,22000,123,5,2,1,2,1,3,4,17.6
600,1,1,7500,118,1,1,1,1,2,2,1,12.5
1400,5,3,40000,55,1,1,2,1,2,3,4,28.57142857
1350,3,3,18000,123,1,1,1,1,1,3,3,13.33333333
1200,4,3,18000,123,1,1,2,3,1,3,1,15
600,3,2,16500,14,2,2,1,1,3,2,3,27.5
1350,3,3,32000,55,3,2,3,1,2,3,1,23.7037037
900,2,2,16500,14,1,1,2,1,3,3,3,18.33333333
1500,3,3,58000,55,1,2,1,1,6,2,4,38.66666667
750,2,2,12000,118,1,1,2,1,1,2,3,16
3000,4,4,75000,55,1,1,2,1,1,3,4,25
1200,3,3,1800,24,1,2,2,4,2,2,4,1.5
1600,4,3,54000,55,3,2,2,1,4,3,4,33.75
2700,4,4,100000,55,1,1,3,2,2,3,4,37.03703704
1500,3,3,50000,55,1,1,2,1,2,3,3,33.33333333
2500,3,3,80000,74,1,1,2,1,3,3,3,32
1300,4,3,26000,55,1,1,3,1,2,3,3,20
1400,4,3,38000,55,1,2,2,1,3,2,5,27.14285714
300,1,1,9000,40,1,2,2,1,4,3,4,30
1050,2,3,16000,145,1,2,2,1,3,2,3,15.23809524
12000,5,4,1500000,31,1,2,2,1,1,1,2,125
1450,3,3,24000,123,1,3,2,1,4,3,4,16.55172414
1100,2,2,15000,14,1,2,1,1,3,1,3,13.63636364
2150,3,3,70000,22,1,1,1,2,5,2,3,32.55813953
1450,4,3,30000,123,3,1,1,1,3,3,3,20.68965517
2800,4,3,150000,31,1,1,1,1,1,2,4,53.57142857
2200,3,3,30000,123,1,2,1,1,3,2,1,13.63636364
900,2,2,13000,101,2,2,2,2,5,3,3,14.44444444
1300,3,4,17000,123,1,1,1,1,2,3,4,13.07692308
1700,3,3,42000,162,1,2,1,2,3,3,5,24.70588235
1600,5,3,32000,14,2,1,1,1,1,1,3,20
1000,2,2,14000,145,1,1,2,3,1,3,4,14
1200,2,2,24000,14,1,2,3,3,3,3,1,20
1800,3,2,110000,31,1,2,1,1,4,2,4,61.11111111
1800,3,3,50000,31,1,2,3,2,3,3,4,27.77777778
1450,4,3,25000,123,1,1,2,1,3,3,3,17.24137931
2394,3,3,50000,40,1,1,2,1,2,3,3,20.8855472
1500,4,3,25000,14,2,1,2,1,1,2,3,16.66666667
1250,4,3,28000,123,1,2,1,2,3,2,4,22.4
1500,5,3,24000,123,1,1,2,3,4,3,3,16
1400,4,3,30000,123,1,1,2,1,5,2,4,21.42857143
1398,3,3,28000,47,2,1,3,1,3,3,3,20.0286123
1050,2,2,8000,150,1,1,2,2,4,2,3,7.619047619
1250,2,3,20000,14,1,1,2,2,2,3,4,16
2850,4,4,75000,75,1,1,2,1,4,2,3,26.31578947
500,1,1,12000,123,1,1,2,1,1,3,5,24
500,3,2,14000,123,1,4,2,1,4,1,3,28
1050,3,3,30000,179,1,1,1,2,5,3,3,28.57142857
700,2,2,12000,110,1,1,1,1,1,3,1,17.14285714
700,1,2,14000,110,1,1,2,1,4,3,3,20
2425,3,3,110000,74,1,3,3,1,2,3,3,45.36082474
1300,3,3,21000,145,1,3,3,1,2,3,4,16.15384615
2000,3,4,50000,40,3,1,2,1,1,3,4,25
1540,3,3,20000,20,1,2,2,1,1,2,9,12.98701299
585,2,2,14000,20,1,2,2,1,1,3,3,23.93162393
700,2,2,13000,110,1,1,1,5,4,3,3,18.57142857
1800,3,3,35000,179,1,2,3,1,4,1,3,19.44444444
1100,3,2,20000,94,1,2,1,1,1,3,4,18.18181818
2800,5,4,80000,61,4,1,2,1,5,3,14,28.57142857
800,2,2,14000,170,1,1,2,1,2,3,4,17.5
1300,4,3,25000,123,1,2,3,1,3,1,4,19.23076923
500,1,1,8000,123,1,1,1,1,1,2,3,16
1100,3,3,20000,40,1,2,2,1,2,1,2,18.18181818
1325,3,3,26000,123,5,1,1,2,3,3,3,19.62264151
950,2,3,19000,123,1,2,2,1,2,3,3,20
1650,3,3,70000,31,1,1,2,1,3,1,4,42.42424242
950,2,2,17000,123,1,1,3,1,5,2,4,17.89473684
900,3,2,16000,123,1,1,3,1,4,2,4,17.77777778
900,2,2,13000,123,1,2,2,2,2,3,3,14.44444444
900,2,2,15000,123,4,1,3,1,1,3,3,16.66666667
1800,3,3,70000,31,1,1,1,3,2,3,3,38.88888889
1500,4,3,40000,179,1,1,2,1,3,3,3,26.66666667
2250,4,3,75000,31,1,1,2,2,3,3,3,33.33333333
900,2,2,18000,179,1,2,2,1,4,2,5,20
2600,3,3,120000,31,1,1,3,1,3,3,3,46.15384615
950,2,2,16500,123,4,1,1,1,4,2,4,17.36842105
1500,5,3,35000,179,1,2,2,2,3,3,4,23.33333333
2500,3,3,85000,31,2,1,3,3,2,3,3,34
600,1,1,7000,51,1,2,2,1,4,4,4,11.66666667
1260,3,3,32000,134,1,2,3,1,2,3,13,25.3968254
1260,3,3,24000,153,2,3,2,1,5,3,3,19.04761905
600,2,2,12000,123,1,1,2,1,1,3,4,20
1200,2,3,15000,102,1,1,1,1,2,2,3,12.5
1150,2,2,14000,123,4,2,3,1,3,2,3,12.17391304
1350,3,3,21000,102,1,1,2,1,4,1,3,15.55555556
900,3,2,18000,123,1,4,2,1,4,2,3,20
1200,3,3,18000,123,1,1,1,1,2,2,3,15
1265,3,3,30000,134,1,1,2,1,3,1,3,23.71541502
1470,3,3,30000,134,1,1,2,3,4,3,4,20.40816327
1460,3,3,28000,134,1,1,3,1,3,3,3,19.17808219
800,2,2,16000,123,5,1,3,1,3,3,4,20
1000,3,2,22000,123,1,1,2,3,3,2,3,22
1700,3,3,30000,123,3,1,2,1,1,3,4,17.64705882
3000,4,4,70000,27,1,2,1,1,3,1,13,23.33333333
1100,3,3,21000,123,2,2,1,1,3,3,8,19.09090909
1274,3,3,32000,123,1,2,2,1,1,3,13,25.1177394
1535,3,3,20000,118,5,2,2,1,3,1,3,13.02931596
2600,4,3,180000,31,1,1,3,1,1,3,4,69.23076923
1650,3,3,55000,31,1,1,3,3,3,3,4,33.33333333
1205,2,3,21000,123,1,2,3,1,1,1,3,17.42738589
500,3,2,11500,123,1,2,1,3,1,3,3,23
900,3,2,14000,123,1,2,3,1,4,3,4,15.55555556
900,2,2,14000,123,1,1,3,1,5,3,4,15.55555556
1310,3,3,35000,170,1,1,2,1,1,3,3,26.71755725
1425,3,3,22000,90,1,2,1,1,5,3,3,15.43859649
1300,2,3,20000,123,1,1,2,1,4,3,3,15.38461538
500,3,2,14000,123,5,1,3,1,2,2,4,28
950,2,2,19000,61,5,2,1,3,3,4,2,20
600,2,2,13000,123,1,2,2,1,3,2,3,21.66666667
1200,3,3,18000,123,1,1,3,1,5,3,3,15
1000,3,3,23000,123,1,1,3,1,1,2,3,23
1300,3,3,16000,102,1,1,2,1,3,3,3,12.30769231
900,2,2,11000,102,1,1,2,1,5,1,3,12.22222222
500,1,1,9000,123,1,2,3,1,1,3,2,18
700,3,2,13000,102,2,1,2,1,3,3,3,18.57142857
1200,4,3,21000,123,1,1,1,1,2,3,3,17.5
1300,3,3,22000,123,1,1,3,1,1,2,4,16.92307692
850,2,2,14500,102,1,2,2,1,2,2,1,17.05882353
1250,3,2,21000,123,1,1,2,2,5,3,3,16.8
1000,2,2,13000,138,1,2,2,1,1,3,4,13
1245,3,3,22000,162,1,2,3,1,3,3,2,17.67068273
850,2,2,18000,162,5,1,1,2,2,3,4,21.17647059
1400,4,3,22000,162,1,1,3,1,1,2,5,15.71428571
1300,3,3,30000,162,1,2,1,1,3,3,5,23.07692308
1250,3,3,24000,162,1,2,3,1,2,3,2,19.2
1050,2,3,22000,162,1,2,2,1,4,2,4,20.95238095
1836,2,3,100000,74,1,2,3,1,3,3,5,54.46623094
1150,2,3,24000,162,1,2,3,1,2,2,4,20.86956522
940,3,3,22000,162,1,1,3,1,6,3,5,23.40425532
900,2,2,9000,90,1,2,2,1,5,3,3,10
850,3,2,15000,40,1,1,3,1,1,3,4,17.64705882
1250,3,3,14000,101,3,1,3,1,2,2,3,11.2
2200,4,3,100000,75,1,1,3,1,3,1,4,45.45454545
950,2,2,9800,138,1,1,2,2,2,3,4,10.31578947
3320,5,4,180000,75,1,1,3,2,2,1,3,54.21686747
950,2,2,15000,118,1,1,2,1,2,2,3,15.78947368
1300,3,3,30000,31,1,2,1,1,2,3,4,23.07692308
1050,2,2,16000,101,1,2,1,1,4,3,15,15.23809524
900,2,3,10000,138,1,2,2,1,2,3,3,11.11111111
1700,6,3,30000,162,3,2,2,1,1,1,6,17.64705882
1200,4,3,25000,14,1,1,1,1,3,3,4,20.83333333
500,2,2,9000,138,1,2,2,1,5,3,3,18
1300,4,3,21000,162,1,2,2,1,5,3,4,16.15384615
500,1,2,6000,138,3,1,3,1,1,1,3,12
1160,4,3,22000,14,2,2,2,2,5,3,4,18.96551724
900,2,2,14000,94,1,1,2,1,3,3,3,15.55555556
1600,3,3,32000,162,1,2,2,3,3,1,3,20
1300,3,2,30000,162,1,1,2,1,4,3,5,23.07692308
1625,5,3,40000,162,4,1,2,2,1,3,4,24.61538462
1000,3,3,20000,162,4,2,2,1,3,3,4,20
950,3,2,18000,14,4,1,2,1,3,3,1,18.94736842
800,2,2,9000,138,1,1,2,1,5,2,3,11.25
1500,4,3,30000,162,1,1,2,1,3,1,5,20
1508,4,3,26000,162,1,1,1,1,2,3,3,17.24137931
900,2,2,13000,94,1,2,2,1,3,1,4,14.44444444
950,2,2,13000,94,1,1,2,1,3,1,3,13.68421053
1557,4,3,22000,14,2,1,3,1,4,3,4,14.12973667
1300,5,3,17000,14,1,2,2,2,2,2,3,13.07692308
1100,3,3,17000,118,1,2,1,1,3,3,5,15.45454545
800,2,2,11000,90,1,1,1,2,1,2,3,13.75
600,1,2,8500,138,1,1,1,1,3,2,3,14.16666667
750,3,2,13000,138,4,2,1,1,1,3,3,17.33333333
500,3,2,11000,94,2,2,2,2,1,3,2,22
1300,3,3,26000,118,3,2,1,1,5,2,3,20
1000,3,2,14000,94,2,2,3,1,2,3,3,14
1000,3,2,16000,94,1,1,1,1,3,3,3,16
500,3,2,11000,94,1,3,2,1,1,3,4,22
1500,3,3,60000,31,2,1,3,1,4,3,4,40
1250,4,3,18500,94,1,1,2,1,2,2,2,14.8
500,3,2,13000,94,1,2,1,1,3,2,3,26
900,1,2,12000,94,1,4,2,1,1,2,1,13.33333333
1000,2,3,14000,138,1,1,1,1,1,1,4,14
1444,3,3,18000,94,2,1,2,1,5,1,15,12.46537396
1200,4,3,13000,138,1,1,1,1,2,3,3,10.83333333
1100,4,3,17000,94,1,1,2,1,1,3,3,15.45454545
700,3,2,10000,138,1,1,2,1,2,1,3,14.28571429
1200,4,3,20000,94,1,2,1,2,3,3,3,16.66666667
800,2,2,15000,90,1,2,3,1,3,3,3,18.75
1400,3,4,14000,118,1,2,3,1,2,3,3,10
1650,2,2,50000,74,1,1,1,1,2,3,4,30.3030303
800,2,2,14000,90,1,2,1,1,4,3,15,17.5
1365,2,3,21000,90,1,1,2,1,4,2,4,15.38461538
1250,3,3,18000,90,1,1,3,1,1,3,3,14.4
950,2,2,14000,90,1,1,1,2,3,2,3,14.73684211
900,3,2,15000,157,1,1,3,2,1,3,3,16.66666667
875,2,2,13500,118,1,2,3,1,4,2,3,15.42857143
1100,3,3,18000,90,1,2,3,1,1,3,3,16.36363636
1100,3,3,17000,118,1,1,2,1,3,1,4,15.45454545
1200,3,3,20000,90,1,3,3,1,3,2,3,16.66666667
800,2,2,12000,90,2,1,2,2,3,2,12,15
900,2,2,12000,90,1,2,3,1,4,2,3,13.33333333
1050,2,3,18000,90,1,3,2,1,2,3,3,17.14285714
800,2,2,12000,90,1,2,3,1,3,2,3,15
1000,2,2,16000,118,1,1,3,1,3,3,4,16
900,2,2,13000,138,1,2,2,2,5,3,4,14.44444444
1350,3,3,22000,90,1,1,2,1,4,2,4,16.2962963
1150,2,3,23000,123,1,1,1,4,3,3,3,20
1250,2,3,18000,157,1,3,1,1,1,2,3,14.4
950,1,2,12000,157,4,1,2,1,4,1,4,12.63157895
3000,3,3,150000,75,1,1,2,1,4,2,3,50
1167,4,3,18000,157,1,1,2,1,1,3,3,15.42416452
1370,3,3,35000,61,1,1,2,1,4,3,3,25.54744526
500,1,1,10000,157,2,2,1,2,2,1,4,20
1100,4,3,17000,118,1,1,2,1,4,3,14,15.45454545
1000,4,3,16000,157,5,5,2,1,4,3,3,16
1100,3,3,24500,157,4,1,2,1,3,3,4,22.27272727
900,2,2,17000,118,1,1,3,1,1,3,4,18.88888889
850,2,2,13000,157,1,2,1,2,4,2,5,15.29411765
850,2,2,17000,157,1,1,1,1,1,2,3,20
600,3,2,15000,90,1,1,3,1,4,3,4,25
900,2,2,17000,90,2,3,2,2,4,3,4,18.88888889
1200,4,3,16000,90,1,2,3,1,3,1,1,13.33333333
4500,4,4,280000,75,1,2,2,1,4,3,1,62.22222222
1160,4,3,19000,118,1,2,2,2,3,3,3,16.37931034
800,2,2,10000,90,1,1,2,1,3,3,3,12.5
1150,3,3,17000,157,1,1,2,1,4,1,3,14.7826087
1150,3,3,20000,157,1,1,1,1,4,3,13,17.39130435
700,3,2,14000,118,1,1,3,2,3,2,4,20
900,3,2,15000,157,1,3,1,1,1,3,3,16.66666667
1300,5,3,18000,118,1,1,1,2,3,2,3,13.84615385
2100,5,4,15000,118,1,1,2,1,3,2,1,7.142857143
1060,2,3,20000,118,1,2,1,2,2,3,4,18.86792453
600,1,2,10500,148,1,2,3,1,6,3,3,17.5
1450,3,3,25000,118,1,2,1,1,3,2,3,17.24137931
300,1,1,8000,148,4,2,2,2,1,2,3,26.66666667
1600,2,3,45000,170,1,1,1,3,5,3,5,28.125
600,3,2,12000,148,1,3,2,2,3,2,4,20
800,2,2,11000,148,1,1,3,1,1,3,3,13.75
2300,4,3,75000,31,4,1,1,1,3,3,3,32.60869565
840,2,2,11000,148,1,1,1,1,2,3,3,13.0952381
1170,4,3,17000,118,1,1,3,1,2,1,3,14.52991453
1150,3,3,17000,118,1,2,2,3,3,3,4,14.7826087
2400,4,4,75000,31,1,1,3,2,5,3,1,31.25
750,2,1,10000,157,1,1,1,2,3,3,4,13.33333333
500,3,2,12000,157,4,1,1,2,2,3,3,24
950,2,3,4000,20,1,2,3,2,4,2,3,4.210526316
1350,3,3,5200,150,1,1,2,2,3,3,3,3.851851852
600,3,2,15000,118,2,1,2,1,1,3,4,25
600,1,1,10000,118,4,1,3,1,2,3,3,16.66666667
600,3,2,10000,118,1,1,2,1,3,1,3,16.66666667
1200,3,3,18000,148,5,2,1,1,2,3,4,15
2250,4,4,90000,31,1,2,2,1,4,3,3,40
7500,6,5,250000,61,1,2,1,1,2,1,3,33.33333333
1115,1,2,10000,148,1,2,1,1,2,2,4,8.968609865
2800,3,3,150000,31,1,2,1,1,1,2,3,53.57142857
1400,4,3,18000,118,4,2,2,1,1,2,3,12.85714286
400,1,1,7000,148,1,2,3,2,4,2,4,17.5
1100,2,3,15000,118,1,3,3,1,1,2,2,13.63636364
600,3,2,14500,118,3,1,1,1,1,3,3,24.16666667
1250,3,3,18000,118,1,1,1,3,3,1,3,14.4
2000,4,4,100000,75,1,1,1,1,2,3,12,50
1200,3,3,18000,118,1,1,3,1,3,3,3,15
1300,4,3,18000,118,1,2,3,1,3,2,3,13.84615385
800,2,2,13000,118,4,1,2,1,1,2,4,16.25
1000,1,3,8500,118,3,2,1,1,1,1,3,8.5
1135,3,3,16000,118,1,1,2,1,3,3,4,14.0969163
840,2,2,12000,148,1,1,2,1,1,2,3,14.28571429
1250,3,3,1250,179,4,2,3,3,2,2,3,1
500,1,2,7500,148,1,1,1,1,3,3,1,15
1300,3,3,16000,118,1,1,1,1,4,3,3,12.30769231
1150,3,3,20000,24,1,2,2,1,3,3,3,17.39130435
1200,4,3,20000,138,1,1,2,3,1,3,4,16.66666667
1500,3,3,18500,138,1,2,1,1,1,2,12,12.33333333
1200,3,3,17000,51,1,1,1,1,3,3,3,14.16666667
500,3,2,10000,148,1,2,3,1,2,2,3,20
800,2,2,14500,123,1,1,3,1,2,2,4,18.125
1650,4,3,20000,118,2,3,1,1,5,3,14,12.12121212
500,3,3,16000,118,1,1,2,1,3,3,1,32
500,3,2,9000,148,1,1,1,1,5,3,4,18
700,3,2,9000,148,3,1,3,2,1,3,4,12.85714286
1050,4,3,15000,118,1,1,1,1,3,3,3,14.28571429
630,3,2,10000,148,1,1,1,1,2,3,4,15.87301587
300,1,1,5500,148,1,1,3,1,2,2,3,18.33333333
500,3,2,10000,148,1,1,1,1,3,3,3,20
1120,3,3,17500,148,2,1,3,1,1,3,3,15.625
700,3,2,11500,118,4,1,2,1,3,2,4,16.42857143
1300,2,2,11000,148,1,1,2,1,3,3,4,8.461538462
1600,3,3,30000,179,1,1,3,1,1,3,12,18.75
1600,3,3,35000,179,3,1,2,1,2,3,3,21.875
1650,3,3,25000,138,1,1,2,1,2,2,4,15.15151515
1450,4,3,30000,179,1,1,3,1,1,3,4,20.68965517
1800,3,3,52000,61,4,1,2,1,4,3,4,28.88888889
900,2,2,20000,135,2,2,2,1,3,4,4,22.22222222
1450,3,3,23000,179,1,1,2,1,2,3,5,15.86206897
1596,4,3,24000,179,1,1,3,1,4,3,4,15.03759398
1450,4,3,20000,138,5,1,1,1,2,3,3,13.79310345
3000,6,5,60000,134,1,1,1,1,3,2,4,20
1650,4,3,23000,40,1,1,2,1,3,3,4,13.93939394
2550,4,4,100000,179,1,2,1,1,1,1,7,39.21568627
850,2,2,17000,135,1,2,2,1,3,3,3,20
2550,4,4,100000,179,1,2,2,1,3,2,3,39.21568627
1100,4,3,17000,138,1,2,3,1,2,3,14,15.45454545
1200,4,3,18000,138,1,2,1,1,3,1,5,15
500,2,2,13000,179,2,2,2,1,1,2,2,26
1570,4,3,22000,138,1,2,1,2,5,1,4,14.01273885
500,3,2,15000,138,1,2,2,2,1,2,3,30
1325,3,3,20000,138,1,1,1,1,1,3,3,15.09433962
1575,3,3,20500,138,4,1,2,1,2,3,3,13.01587302
1600,4,2,25000,138,1,3,2,1,3,1,3,15.625
2200,4,3,35000,56,1,1,1,1,5,1,3,15.90909091
1160,2,2,18000,138,2,2,2,1,3,2,4,15.51724138
900,2,2,20000,135,1,1,1,1,3,2,3,22.22222222
2100,4,4,30000,56,1,1,1,1,1,2,3,14.28571429
1300,4,3,20500,138,2,2,1,3,3,3,3,15.76923077
1240,3,3,20000,138,1,1,1,1,2,2,4,16.12903226
1450,4,3,20000,138,1,1,2,1,1,3,3,13.79310345
2200,4,4,35000,56,4,2,2,1,4,2,4,15.90909091
1100,2,3,21000,56,1,1,1,1,5,3,1,19.09090909
2350,5,4,35000,56,3,1,2,1,4,1,3,14.89361702
2300,4,3,300000,56,1,1,3,1,5,3,3,130.4347826
1100,2,2,20000,56,4,3,1,2,1,3,3,18.18181818
2250,5,3,40000,56,4,1,2,3,4,3,3,17.77777778
2200,3,3,30000,56,5,2,2,2,5,3,9,13.63636364
2150,4,3,35000,56,1,1,2,1,4,1,3,16.27906977
2100,5,4,31000,56,1,1,1,1,4,3,3,14.76190476
3100,3,3,110000,75,4,3,2,1,4,2,11,35.48387097
1754,3,3,32000,152,1,1,3,1,4,2,3,18.24401368
2150,4,3,28000,56,1,2,3,1,4,2,4,13.02325581
1100,2,2,28000,179,1,2,2,1,3,3,4,25.45454545
2000,5,4,40000,179,1,1,2,3,2,1,5,20
1850,3,3,47000,134,1,2,2,5,1,3,4,25.40540541
2400,4,4,60000,179,1,3,3,1,3,1,3,25
2200,4,4,30000,56,1,2,2,1,2,2,3,13.63636364
2200,3,3,40000,179,2,2,1,1,2,3,3,18.18181818
1385,4,3,27000,179,1,2,3,1,4,1,3,19.49458484
2200,4,3,45000,56,4,2,1,5,3,3,4,20.45454545
400,1,1,12000,179,4,2,3,2,4,1,1,30
1250,3,3,16000,118,1,1,2,2,6,3,1,12.8
1800,3,4,12000,143,1,2,3,1,1,3,4,6.666666667
900,3,2,14000,138,1,2,2,1,3,3,1,15.55555556
1450,3,3,20000,179,3,1,3,2,3,2,12,13.79310345
500,1,1,9000,24,1,1,3,1,3,3,3,18
750,2,2,11500,24,1,1,2,1,3,3,4,15.33333333
1800,2,3,40000,74,1,2,1,2,4,2,3,22.22222222
1300,3,3,10000,143,1,2,3,1,1,3,3,7.692307692
900,2,2,17500,61,4,2,2,2,4,3,3,19.44444444
400,1,1,12000,179,1,1,3,1,3,3,4,30
2200,4,4,40000,56,4,2,3,1,2,3,4,18.18181818
2000,5,3,50000,179,1,1,2,1,1,3,3,25
1500,3,3,18000,118,2,2,2,1,4,3,12,12
1100,2,2,17000,118,5,2,2,1,1,2,4,15.45454545
3000,4,4,70000,134,1,1,2,1,2,1,5,23.33333333
2200,4,4,34000,56,1,1,1,1,2,3,1,15.45454545
1400,3,3,27000,134,1,1,1,1,1,3,2,19.28571429
1100,2,3,8000,70,1,2,3,1,1,2,7,7.272727273
1350,3,3,20000,118,4,1,1,2,1,3,3,14.81481481
2340,5,4,45000,179,1,2,1,1,5,3,3,19.23076923
950,2,2,12500,118,2,1,3,2,1,3,5,13.15789474
1880,4,3,35000,56,1,1,1,1,4,3,4,18.61702128
850,2,2,12000,118,1,1,2,2,1,3,4,14.11764706
2200,4,4,30000,56,1,2,2,1,4,3,3,13.63636364
1150,3,3,18000,118,1,1,2,1,3,2,3,15.65217391
750,2,2,13000,118,1,2,2,1,2,3,13,17.33333333
3000,6,6,60000,179,5,1,2,2,3,2,4,20
1250,4,3,30000,179,3,1,2,1,2,3,4,24
1600,4,3,30000,179,5,2,2,1,4,3,4,18.75
2100,4,3,26000,179,5,2,2,1,5,3,1,12.38095238
700,3,2,9500,24,2,2,3,1,4,2,3,13.57142857
400,1,1,8000,24,1,1,2,1,1,3,3,20
800,1,2,9000,24,1,1,2,1,3,3,3,11.25
850,2,2,14000,118,1,2,1,1,4,2,3,16.47058824
700,3,2,12000,24,1,2,3,2,3,3,3,17.14285714
1175,3,3,16500,24,1,1,2,2,1,4,1,14.04255319
850,2,2,12000,24,5,1,2,2,3,2,3,14.11764706
1200,2,3,11500,118,1,1,3,1,1,3,3,9.583333333
2200,5,4,33000,56,1,1,1,1,2,3,4,15
2200,3,3,30000,56,1,4,2,2,5,2,5,13.63636364
700,3,2,12000,24,1,1,1,1,3,1,4,17.14285714
1400,3,3,35000,134,1,1,1,1,2,1,4,25
1450,3,3,30000,134,1,1,1,2,5,1,4,20.68965517
1950,3,3,50000,134,1,1,3,2,3,3,4,25.64102564
2200,3,3,30000,56,1,1,2,1,3,3,11,13.63636364
1600,3,3,20000,24,1,1,1,1,3,3,3,12.5
3500,4,5,50000,179,1,2,1,1,4,1,3,14.28571429
1950,4,3,60000,179,5,2,2,2,4,1,4,30.76923077
1850,4,3,40000,179,1,1,2,1,2,3,4,21.62162162
2200,3,4,35000,56,1,1,2,1,3,2,4,15.90909091
2000,4,3,40000,134,1,2,2,1,1,3,3,20
1030,2,2,16000,24,1,1,3,1,3,3,5,15.53398058
850,3,3,17500,24,1,2,2,2,2,3,3,20.58823529
1000,4,3,17000,20,1,1,1,1,2,2,4,17
1050,2,3,14500,24,2,1,1,1,3,1,2,13.80952381
1200,3,3,600000,118,1,3,3,1,2,3,3,500
1250,3,3,21000,118,1,1,2,1,1,3,4,16.8
1040,3,2,16000,56,1,1,2,1,4,2,3,15.38461538
2900,4,5,100000,134,1,2,3,1,4,1,3,34.48275862
2100,4,3,28000,56,1,1,3,1,1,3,3,13.33333333
1200,4,3,20000,118,2,3,2,1,5,1,1,16.66666667
1200,3,3,22000,118,1,2,2,1,3,2,3,18.33333333
1250,4,3,21000,118,1,1,2,1,4,2,3,16.8
1250,4,3,23000,118,1,3,2,1,2,1,3,18.4
800,2,3,10000,24,1,1,1,3,3,1,4,12.5
2200,6,4,30000,56,1,2,3,4,3,3,3,13.63636364
1800,4,3,18000,24,1,3,2,2,1,2,3,10
1250,3,3,18000,24,1,3,2,1,2,1,3,14.4
1150,3,3,14000,24,1,1,1,1,1,3,3,12.17391304
1200,3,3,15000,24,1,2,3,1,2,2,3,12.5
1300,4,3,23000,118,1,2,3,2,1,2,5,17.69230769
1200,4,3,20000,118,2,1,2,4,1,2,4,16.66666667
1700,4,3,30000,24,1,1,2,1,3,2,2,17.64705882
1300,2,3,15000,118,2,2,1,1,1,3,4,11.53846154
700,2,2,11500,24,1,1,3,2,3,3,3,16.42857143
900,3,3,13000,24,1,2,1,2,5,1,3,14.44444444
1800,4,3,50000,134,4,1,1,1,4,3,5,27.77777778
1100,3,2,24000,134,3,1,2,2,3,2,4,21.81818182
1300,3,3,18000,24,1,3,2,1,4,2,3,13.84615385
1300,4,3,26000,118,1,2,2,1,3,1,4,20
650,2,2,11000,118,1,2,2,1,3,2,7,16.92307692
1350,3,3,20000,145,3,1,1,1,2,3,3,14.81481481
750,2,2,10500,24,1,2,3,2,2,3,2,14
1275,3,3,13000,24,1,1,3,1,5,3,5,10.19607843
2200,4,4,35000,56,4,2,2,1,3,2,3,15.90909091
2400,4,4,42000,56,1,2,2,2,4,3,14,17.5
1150,2,2,18000,56,3,1,1,2,2,3,3,15.65217391
1250,3,3,20000,118,1,1,2,1,2,2,3,16
1450,4,3,33000,134,1,1,3,1,1,3,3,22.75862069
1175,3,3,18500,20,1,2,2,1,1,3,4,15.74468085
965,2,3,12000,24,1,1,2,2,1,1,4,12.43523316
1250,3,2,18000,145,4,1,1,1,3,1,3,14.4
1200,2,3,15000,20,1,2,3,1,3,3,1,12.5
1350,3,2,20000,56,1,1,3,1,3,3,3,14.81481481
1150,3,3,20000,56,1,1,2,1,1,2,3,17.39130435
1275,3,3,20000,20,1,2,2,1,2,1,4,15.68627451
1275,3,3,20000,20,1,1,2,2,4,3,3,15.68627451
950,2,2,12000,24,1,1,1,1,3,3,2,12.63157895
1100,2,3,14000,24,1,2,2,1,5,2,1,12.72727273
800,2,2,13500,145,1,1,3,1,3,2,3,16.875
3000,6,4,65000,134,1,2,2,1,4,3,3,21.66666667
1500,4,3,38000,134,1,1,2,2,1,3,4,25.33333333
1300,4,3,40000,55,1,1,2,1,3,2,13,30.76923077
1350,3,3,40000,55,2,2,2,1,4,3,3,29.62962963
1150,3,3,15000,24,1,2,2,1,2,3,13,13.04347826
1600,3,3,23000,24,1,4,3,1,2,3,4,14.375
1275,3,3,22000,20,1,1,1,1,1,3,5,17.25490196
1200,3,3,15000,24,1,1,2,1,3,3,2,12.5
1200,3,3,15000,24,1,1,2,1,1,1,4,12.5
1250,3,3,13500,24,1,1,2,1,2,1,5,10.8
950,2,3,12500,24,1,1,1,1,1,3,1,13.15789474
1350,3,3,18000,20,1,1,1,1,4,2,3,13.33333333
2900,6,5,60000,134,1,1,2,1,1,3,4,20.68965517
1060,2,3,15000,24,2,1,3,1,2,3,13,14.1509434
1300,5,3,45000,55,2,1,1,2,3,2,4,34.61538462
1300,4,3,45000,55,1,1,2,1,1,3,4,34.61538462
1200,4,3,15000,20,1,2,2,2,2,3,2,12.5
1500,3,3,13000,24,1,2,1,1,1,2,5,8.666666667
950,2,2,11500,24,1,2,2,1,4,1,4,12.10526316
1275,4,3,20000,20,1,1,1,1,3,2,4,15.68627451
700,3,2,11500,24,1,2,2,1,1,3,3,16.42857143
1100,3,3,18000,56,4,1,2,1,3,3,13,16.36363636
550,1,2,7000,24,1,1,3,1,4,2,3,12.72727273
600,1,2,8000,24,5,1,2,1,2,1,4,13.33333333
700,2,2,10500,24,1,1,3,5,1,2,3,15
1100,2,2,20000,56,1,1,2,1,2,2,4,18.18181818
950,3,2,11000,118,1,2,3,1,2,2,1,11.57894737
2200,6,4,38000,56,1,3,1,1,3,3,3,17.27272727
1200,3,3,21000,118,1,2,2,1,1,2,3,17.5
2000,2,3,18500,24,1,1,2,1,2,3,3,9.25
1300,5,3,45000,55,1,1,2,1,2,2,3,34.61538462
1125,4,3,19000,56,1,1,2,2,1,3,4,16.88888889
900,3,2,14000,24,1,1,1,3,4,3,4,15.55555556
1275,3,3,20000,20,2,3,2,1,5,3,2,15.68627451
1200,2,2,14000,24,1,2,2,1,2,3,4,11.66666667
1350,3,3,17000,24,4,1,3,1,1,1,3,12.59259259
1200,2,3,20000,24,1,1,2,1,2,2,4,16.66666667
1170,3,3,21000,20,1,1,3,2,2,3,3,17.94871795
600,2,2,9500,24,1,1,1,1,3,2,3,15.83333333
700,1,2,11000,24,1,2,2,4,3,3,3,15.71428571
1300,5,3,40000,55,1,1,1,1,4,3,3,30.76923077
1320,3,3,18000,24,1,1,3,1,1,3,4,13.63636364
700,3,2,10500,24,1,2,2,2,3,3,11,15
1100,2,3,17500,20,1,1,3,2,4,2,4,15.90909091
13550,3,3,21000,20,1,2,1,1,1,3,3,1.549815498
1000,2,2,13000,24,2,2,3,1,1,3,4,13
1275,3,3,20000,20,1,2,2,1,3,3,3,15.68627451
1100,3,3,14000,24,2,1,1,1,3,2,3,12.72727273
1125,3,3,16000,24,1,3,3,1,1,2,4,14.22222222
850,2,2,12000,24,1,1,2,1,4,3,3,14.11764706
1100,3,3,20000,24,1,2,2,1,1,2,3,18.18181818
1800,4,4,27000,24,3,2,2,3,3,2,4,15
750,1,2,11000,24,1,1,2,1,4,2,2,14.66666667
1400,4,3,21000,24,1,1,2,1,1,3,4,15
1000,2,2,13000,24,5,1,2,1,2,3,1,13
1250,2,3,22000,24,1,1,1,1,2,3,3,17.6
1030,2,3,14000,24,1,2,2,4,1,1,3,13.59223301
950,3,2,18000,56,1,1,2,1,3,2,3,18.94736842
950,2,2,15000,24,1,2,2,5,3,2,4,15.78947368
800,2,2,11000,24,1,1,2,1,1,1,4,13.75
950,2,2,10000,24,1,1,1,1,2,3,3,10.52631579
650,2,2,9500,24,1,2,2,1,3,2,4,14.61538462
1250,5,3,14000,24,1,1,2,2,3,3,3,11.2
2100,6,4,25000,56,4,1,2,1,3,1,3,11.9047619
500,1,2,15000,55,1,2,2,1,4,2,4,30
1600,3,3,20000,24,1,1,1,2,2,3,3,12.5
1000,2,3,13000,24,2,1,3,2,2,1,3,13
2230,5,4,30000,24,1,1,2,2,3,3,3,13.4529148
750,2,2,22000,153,1,2,1,1,1,1,1,29.33333333
1500,5,4,25000,24,3,1,1,1,3,3,16,16.66666667
855,3,2,12000,24,4,1,2,1,2,3,1,14.03508772
1550,3,3,28300,24,1,2,3,1,4,3,4,18.25806452
850,2,2,13000,24,1,3,1,1,3,1,3,15.29411765
1150,2,3,20000,24,1,1,2,1,2,3,3,17.39130435
1300,2,3,170000,24,1,1,2,1,1,1,4,130.7692308
850,3,3,11000,24,1,1,1,1,3,2,4,12.94117647
1000,3,3,16000,24,1,1,2,1,5,1,4,16
950,2,2,11500,24,1,2,2,2,4,3,4,12.10526316
1360,5,3,18000,24,1,2,1,1,3,1,3,13.23529412
2100,3,4,35000,24,1,2,3,1,2,3,1,16.66666667
1115,4,3,16000,24,1,2,2,1,1,3,3,14.34977578
1450,3,3,20000,24,1,1,2,1,3,2,3,13.79310345
1222,3,3,17000,24,2,2,2,3,3,2,4,13.91162029
700,2,2,15000,24,1,1,1,1,1,3,4,21.42857143
1200,3,3,14000,24,1,3,3,1,2,1,4,11.66666667
1100,3,3,17000,24,1,1,2,1,3,3,6,15.45454545
1400,4,3,26000,153,1,2,2,1,3,3,3,18.57142857
1200,3,3,22000,24,1,1,2,3,1,3,3,18.33333333
900,2,2,10000,24,1,1,2,1,4,3,15,11.11111111
1900,4,4,30000,24,1,1,2,1,1,2,3,15.78947368
1467,3,3,35000,153,1,3,1,1,3,3,4,23.85821404
1350,3,3,20000,24,1,3,1,1,1,3,1,14.81481481
500,2,2,12000,24,1,2,3,1,4,2,3,24
1000,2,2,18000,24,1,2,2,1,3,3,3,18
1145,3,3,22000,24,1,2,2,1,2,1,16,19.2139738
600,2,2,13000,24,1,2,2,1,3,2,3,21.66666667
1150,2,3,22000,24,1,2,1,2,3,4,3,19.13043478
1600,4,3,20000,24,1,1,1,1,1,3,4,12.5
900,2,2,11000,24,1,2,3,1,4,3,3,12.22222222
1150,3,3,20000,24,1,2,3,1,1,2,3,17.39130435
400,1,2,8000,24,2,1,2,1,3,2,3,20
1467,4,3,33000,153,2,1,1,1,2,3,3,22.49488753
900,3,2,12000,24,1,2,2,1,4,3,14,13.33333333
1650,3,3,55000,31,1,2,1,2,2,3,3,33.33333333
1220,3,3,30000,153,1,1,2,1,3,2,3,24.59016393
1350,3,3,18000,145,1,1,2,1,1,1,3,13.33333333
1100,2,3,25000,24,1,1,3,1,2,3,1,22.72727273
1200,3,3,25000,61,1,1,1,1,3,3,4,20.83333333
1175,3,3,24000,24,1,2,3,1,4,3,15,20.42553191
153,3,3,25000,116,2,2,1,1,5,3,3,163.3986928
1500,4,3,30000,139,1,1,2,1,3,3,2,20
1000,2,3,21000,153,1,3,1,2,4,1,4,21
800,3,2,15000,153,2,1,2,1,3,3,1,18.75
2560,3,3,120000,74,1,1,2,2,1,2,3,46.875
900,2,2,16000,24,1,2,2,1,2,3,4,17.77777778
1780,3,3,40000,92,1,1,3,2,3,2,1,22.47191011
1029,3,2,18000,153,1,2,2,2,1,3,3,17.49271137
700,1,2,11000,153,4,1,2,1,3,3,14,15.71428571
1500,3,3,26000,24,1,2,3,1,2,3,3,17.33333333
1000,4,2,23000,24,1,3,2,3,4,3,3,23
500,1,1,11000,24,4,1,2,1,1,3,3,22
1100,3,2,25000,153,1,1,2,1,3,3,4,22.72727273
1250,4,3,20000,24,1,1,2,1,1,2,3,16
1100,3,3,23000,24,1,1,2,2,3,3,3,20.90909091
1400,2,3,32000,61,4,1,1,1,3,1,3,22.85714286
2500,4,4,60000,55,1,1,2,1,2,3,1,24
1290,3,3,28000,92,1,2,2,1,4,2,4,21.70542636
1000,3,2,26000,92,5,2,3,1,3,3,4,26
800,3,2,21000,92,1,2,3,2,2,3,3,26.25
650,1,2,13000,110,1,1,3,1,3,1,2,20
1000,4,3,30000,92,1,2,2,1,1,3,3,30
1550,4,3,32000,139,1,3,1,1,3,3,3,20.64516129
1200,2,2,26000,61,1,2,2,3,2,2,3,21.66666667
900,2,2,19000,61,5,1,1,1,3,2,1,21.11111111
1100,3,3,23000,116,4,2,1,1,5,2,3,20.90909091
1500,5,3,35000,61,1,2,3,1,3,3,3,23.33333333
900,2,3,26000,170,1,2,2,1,3,2,3,28.88888889
1400,4,3,25000,92,1,1,2,1,4,3,3,17.85714286
1250,2,3,30000,92,2,2,3,1,3,3,3,24
1530,4,3,32000,61,1,1,1,1,1,3,4,20.91503268
1050,2,2,25000,133,1,2,1,1,4,3,4,23.80952381
700,2,2,12000,164,1,1,1,1,2,2,4,17.14285714
750,3,2,22000,119,1,2,2,1,3,3,3,29.33333333
1600,4,3,35000,61,1,1,2,1,3,2,3,21.875
2600,2,3,30000,92,1,2,2,1,3,3,1,11.53846154
1300,3,3,30000,92,3,1,2,2,5,2,4,23.07692308
1700,5,3,40000,92,1,1,3,1,1,2,3,23.52941176
800,4,2,22500,116,1,1,3,2,4,2,4,28.125
1250,4,3,30000,92,1,2,2,1,1,1,4,24
1300,3,3,28000,92,1,2,1,1,3,3,3,21.53846154
1200,2,2,28000,139,1,2,3,1,3,2,4,23.33333333
1255,2,3,28000,139,5,2,2,1,1,2,1,22.31075697
2800,4,4,80000,92,1,2,2,1,3,3,3,28.57142857
1700,3,3,45000,92,2,1,1,1,1,3,3,26.47058824
850,4,2,18000,116,1,2,2,1,1,1,3,21.17647059
1650,4,4,35000,92,1,2,1,1,1,3,1,21.21212121
1450,4,3,30000,139,1,3,1,1,1,1,3,20.68965517
1800,2,3,35000,91,1,2,2,1,4,3,4,19.44444444
1250,4,3,28000,92,1,1,1,1,2,1,3,22.4
1800,3,3,26000,92,1,1,2,3,2,2,4,14.44444444
1540,4,3,35000,92,1,2,2,1,1,2,5,22.72727273
1750,3,3,24000,116,4,2,2,1,2,2,3,13.71428571
1250,3,3,32000,92,1,1,2,1,2,1,3,25.6
1100,3,3,26000,139,1,2,1,1,3,1,1,23.63636364
1900,4,3,60000,91,1,1,2,1,2,2,5,31.57894737
1250,3,3,32000,92,1,1,1,1,1,1,3,25.6
650,2,2,13000,123,5,1,2,1,1,3,3,20
1400,3,4,3200,123,1,1,2,2,4,3,4,2.285714286
2300,5,2,50000,61,1,2,1,2,2,3,5,21.73913043
1300,2,2,30000,123,1,1,2,1,2,1,5,23.07692308
650,2,2,18000,123,2,2,2,1,3,2,3,27.69230769
400,1,1,12000,123,1,1,2,1,2,3,3,30
1500,3,3,35000,170,1,1,1,1,1,2,4,23.33333333
2300,4,3,90000,75,4,1,1,1,1,3,4,39.13043478
1700,4,3,38000,61,2,1,2,1,4,2,1,22.35294118
750,2,2,18000,123,4,1,1,1,4,3,3,24
2000,5,3,43000,112,1,2,2,1,2,2,3,21.5
700,1,1,35000,31,1,1,3,1,3,2,3,50
1650,3,3,29000,101,1,1,1,1,2,3,3,17.57575758
1000,3,3,23000,110,1,2,1,1,3,2,4,23
2750,4,3,60000,61,2,1,2,1,3,3,12,21.81818182
500,2,2,18000,123,1,2,2,1,2,2,4,36
510,2,2,15000,110,5,1,1,1,2,3,4,29.41176471
875,2,2,11500,118,1,1,1,3,1,3,3,13.14285714
1300,2,3,28000,91,4,2,1,1,1,2,3,21.53846154
1950,4,3,55000,61,1,2,2,1,2,3,3,28.20512821
1850,5,3,45000,61,1,1,1,1,5,2,3,24.32432432
1800,3,3,60000,61,1,1,3,1,3,2,4,33.33333333
2850,6,4,65000,61,1,1,3,1,5,1,1,22.80701754
900,2,2,18000,170,1,1,2,3,3,1,4,20
1800,5,3,45000,61,1,1,3,1,5,1,5,25
1240,4,3,23000,61,4,1,2,1,4,3,3,18.5483871
13000,2,2,14000,51,1,1,1,1,1,2,4,1.076923077
1240,4,3,23000,61,1,1,3,1,2,3,3,18.5483871
2100,5,4,50000,61,2,1,1,3,4,1,4,23.80952381
1800,3,3,50000,61,4,1,3,1,4,1,3,27.77777778
800,2,2,23000,61,1,2,1,1,1,3,6,28.75
1875,3,3,41000,40,1,1,3,1,1,2,3,21.86666667
2300,5,3,50000,61,1,2,2,1,2,3,3,21.73913043
1800,4,3,40000,123,1,2,2,1,1,3,4,22.22222222
1000,3,3,26000,123,1,1,1,3,1,2,15,26
1394,3,3,32000,61,1,1,2,1,2,2,13,22.95552367
750,2,2,21000,123,1,2,3,1,1,1,4,28
1350,4,3,29000,61,2,1,3,1,1,3,3,21.48148148
1900,4,3,50000,61,1,1,1,1,1,3,3,26.31578947
1352,4,3,25000,170,2,4,3,1,4,2,3,18.49112426
180,1,1,5700,135,1,1,2,1,4,3,3,31.66666667
2100,4,3,50000,61,1,2,2,1,2,3,3,23.80952381
700,2,2,16000,135,1,1,1,3,1,3,4,22.85714286
1363,4,3,30000,61,1,2,2,1,4,2,1,22.01027146
300,1,1,8500,135,2,2,1,1,3,1,3,28.33333333
820,2,2,16000,20,1,1,2,1,2,3,4,19.51219512
700,3,2,16000,61,1,1,1,2,3,3,4,22.85714286
1100,2,2,25000,61,1,1,1,1,5,2,1,22.72727273
1725,5,3,45000,61,1,1,1,1,3,2,14,26.08695652
2100,5,3,46000,61,1,2,1,2,2,1,3,21.9047619
1600,5,3,35000,112,1,2,1,1,4,2,1,21.875
3200,5,4,80000,61,1,2,1,1,4,2,14,25
2350,3,3,65000,61,1,1,3,1,3,2,4,27.65957447
2200,5,3,60000,61,1,2,2,1,4,3,5,27.27272727
3100,4,3,65000,61,2,1,2,1,3,2,5,20.96774194
2200,3,3,65000,61,1,1,2,1,1,3,3,29.54545455
1960,5,3,50000,61,2,1,2,1,3,1,1,25.51020408
1244,4,3,26000,61,4,1,2,1,2,1,5,20.90032154
1150,3,3,22000,61,1,1,1,1,4,3,4,19.13043478
900,2,2,21000,135,1,2,2,1,1,2,3,23.33333333
700,2,1,16000,135,1,1,2,1,1,3,3,22.85714286
1350,5,3,30000,133,1,2,2,4,4,3,4,22.22222222
950,3,3,13000,20,1,3,2,3,3,2,2,13.68421053
600,2,2,16000,135,5,2,3,2,5,3,3,26.66666667
1800,4,3,30000,135,1,4,2,1,2,3,4,16.66666667
600,3,2,15000,135,4,1,3,1,3,2,4,25
2700,4,4,110000,75,4,1,3,1,2,3,4,40.74074074
750,3,2,18000,135,1,1,2,1,2,3,4,24
4600,6,4,100000,152,1,2,1,1,3,3,1,21.73913043
700,3,2,18000,135,2,2,2,2,3,2,4,25.71428571
3798,3,3,80000,152,1,1,2,1,1,3,3,21.06371775
900,1,2,20000,135,1,1,3,1,2,3,1,22.22222222
900,2,2,30000,135,1,2,3,1,3,3,3,33.33333333
180,2,1,10000,135,1,1,1,2,3,3,14,55.55555556
600,3,2,14000,135,1,1,2,1,3,1,4,23.33333333
3000,5,3,100000,152,1,1,2,1,1,3,4,33.33333333
1250,4,3,25000,20,1,1,1,1,1,3,1,20
1600,3,3,25000,135,1,3,2,2,2,2,3,15.625
1150,3,3,25000,170,1,2,2,1,3,1,13,21.73913043
2000,3,3,75000,31,1,2,2,3,3,3,1,37.5
1200,4,3,25000,135,4,2,3,1,3,2,4,20.83333333
1350,3,3,32000,133,1,1,2,1,2,3,4,23.7037037
810,3,2,18000,170,4,2,1,1,2,2,2,22.22222222
1200,2,3,23000,170,1,1,1,1,1,3,4,19.16666667
1350,4,3,30000,133,1,3,1,1,4,1,3,22.22222222
700,3,2,16000,20,2,1,2,1,2,2,4,22.85714286
1250,3,3,35000,133,1,2,1,1,2,1,2,28
1200,2,3,25000,20,1,1,2,1,2,3,3,20.83333333
2065,3,3,37000,40,1,1,2,2,1,2,3,17.91767554
800,2,2,16000,135,1,1,3,1,1,3,1,20
1300,3,3,22000,20,4,1,2,1,5,2,4,16.92307692
730,2,2,11000,138,1,1,3,1,4,2,3,15.06849315
980,2,2,21000,170,1,1,3,1,3,3,3,21.42857143
400,1,1,9000,20,1,1,2,1,3,2,3,22.5
1800,3,4,30000,135,1,2,2,3,1,3,1,16.66666667
650,2,2,13000,135,4,1,1,1,3,2,3,20
1350,4,3,30000,133,1,2,3,1,4,3,4,22.22222222
1500,2,3,28000,135,4,2,2,1,3,3,3,18.66666667
1650,3,3,35000,152,1,2,2,4,3,2,3,21.21212121
650,2,2,14000,118,1,1,3,1,2,3,3,21.53846154
800,2,2,16000,118,1,2,2,1,2,3,3,20
600,1,2,13000,118,1,2,2,1,5,3,4,21.66666667
1600,4,3,25000,40,1,1,2,3,1,3,5,15.625
400,3,2,18500,135,1,1,2,1,2,2,3,46.25
1600,4,4,25000,135,1,1,3,1,2,3,3,15.625
950,3,2,16500,20,1,1,2,1,2,2,3,17.36842105
500,3,2,16000,170,1,1,3,1,3,3,3,32
2820,4,4,150000,31,2,1,3,1,1,3,5,53.19148936
1400,2,3,20000,20,1,2,1,1,1,1,3,14.28571429
1000,2,3,20000,40,1,2,2,1,1,3,2,20
2400,3,4,50000,135,1,1,2,1,3,3,2,20.83333333
750,1,2,16000,170,2,2,2,2,3,2,3,21.33333333
1100,2,3,23000,40,1,2,2,1,2,2,4,20.90909091
1600,4,3,25000,135,1,1,1,2,1,2,3,15.625
800,3,2,11000,40,1,1,1,1,1,3,3,13.75
400,1,2,16000,135,4,1,3,2,1,3,4,40
900,2,2,17000,135,1,1,1,1,5,3,12,18.88888889
5444,5,4,300000,74,1,1,1,1,4,1,13,55.10653931
2120,3,3,80000,31,5,2,1,1,2,2,4,37.73584906
1600,3,3,20000,40,1,2,3,1,1,2,3,12.5
1300,3,3,23000,118,1,2,1,1,4,3,8,17.69230769
1400,3,3,25000,40,1,1,3,1,2,1,3,17.85714286
1700,5,3,28000,40,1,2,3,4,4,1,1,16.47058824
700,2,2,15000,40,1,2,1,2,4,3,3,21.42857143
650,3,2,12500,118,2,3,2,2,5,3,4,19.23076923
800,3,2,20000,40,4,2,3,1,2,2,5,25
250,1,1,5000,40,1,1,3,1,4,3,4,20
1134,3,3,18000,40,1,1,1,2,5,3,2,15.87301587
800,2,2,15000,40,1,2,3,1,4,3,4,18.75
1000,4,3,30000,40,1,1,1,2,1,3,3,30
1080,2,2,23000,40,1,2,2,1,2,2,2,21.2962963
1500,3,3,20000,40,1,1,2,1,4,3,4,13.33333333
725,3,2,17000,40,2,1,1,1,3,3,4,23.44827586
1500,4,2,25000,40,5,2,1,1,4,3,5,16.66666667
2400,3,3,80000,40,1,2,2,1,3,3,3,33.33333333
2000,3,3,39000,40,1,2,1,1,3,3,3,19.5
800,3,2,18000,40,1,1,2,1,1,1,13,22.5
1500,4,3,30000,40,1,2,2,1,4,3,4,20
1300,3,3,22000,118,2,2,3,1,3,3,3,16.92307692
1550,4,3,25000,40,1,1,3,1,3,3,14,16.12903226
1856,3,3,28000,40,1,1,1,1,2,3,4,15.0862069
2600,3,2,12000,118,1,2,2,2,1,2,3,4.615384615
1100,2,2,26000,40,1,2,2,2,3,3,4,23.63636364
1600,3,3,27000,40,4,2,2,2,1,3,4,16.875
450,3,2,15000,118,1,1,1,2,4,3,4,33.33333333
1500,4,3,32000,40,1,2,2,1,4,3,3,21.33333333
1100,2,3,26000,40,1,2,2,1,3,1,4,23.63636364
850,3,2,20000,40,1,2,1,1,2,3,3,23.52941176
1560,4,3,24000,40,1,2,2,1,5,1,3,15.38461538
600,2,2,12000,118,4,1,2,1,4,3,3,20
600,1,2,10500,118,1,1,2,1,2,2,3,17.5
1500,2,3,24000,40,3,1,1,1,4,2,3,16
1600,4,3,32000,40,1,2,2,1,4,3,4,20
1665,4,3,27000,40,1,2,3,1,4,2,2,16.21621622
1600,3,3,30000,40,4,1,3,1,3,3,4,18.75
600,1,2,12000,118,1,1,2,1,4,2,2,20
1450,3,3,25000,40,1,2,1,2,3,3,4,17.24137931
1850,4,3,30000,40,1,3,1,1,3,1,3,16.21621622
2000,4,3,40000,40,1,2,1,3,3,2,4,20
1425,4,3,32000,40,2,2,2,1,3,2,3,22.45614035
2200,4,3,60000,40,4,2,2,1,3,3,3,27.27272727
1150,4,3,20000,40,5,2,2,1,3,1,3,17.39130435
1150,4,3,20000,40,1,1,2,1,3,2,3,17.39130435
1460,4,3,30000,40,1,2,2,1,4,2,2,20.54794521
1850,4,3,60000,40,1,1,2,1,1,2,3,32.43243243
1450,4,3,30000,40,1,1,3,1,4,3,4,20.68965517
1662,5,3,40000,40,2,2,2,1,4,3,4,24.06738869
1100,3,3,20000,40,1,2,1,1,3,2,1,18.18181818
1100,2,3,20000,40,4,1,3,1,2,2,4,18.18181818
1519,4,3,28000,40,4,2,2,3,5,3,3,18.43317972
1450,3,3,30000,40,1,1,2,1,4,3,12,20.68965517
1850,3,3,28000,40,1,1,2,2,2,1,16,15.13513514
1450,5,3,25000,40,1,1,1,1,4,3,4,17.24137931
1800,3,2,18000,40,1,2,3,1,2,3,3,10
1334,3,3,18000,40,1,1,2,1,3,3,12,13.49325337
1100,4,3,20000,40,1,1,1,1,4,3,3,18.18181818
1650,3,3,27000,40,5,1,1,2,4,3,3,16.36363636
2150,3,3,40000,40,1,3,2,1,5,3,4,18.60465116
1450,3,3,38000,40,2,1,2,1,2,2,3,26.20689655
1450,5,3,24000,40,1,1,1,2,1,3,4,16.55172414
500,1,1,10500,40,1,1,2,2,4,2,4,21
5800,6,6,350000,75,1,1,3,1,3,3,15,60.34482759
2800,5,4,60000,40,1,2,1,1,5,3,3,21.42857143
3700,4,3,300000,75,1,3,3,1,2,3,3,81.08108108
1800,4,3,36000,40,1,1,2,4,2,3,4,20
2400,3,3,70000,40,1,2,3,1,5,2,4,29.16666667
1850,4,3,45000,40,4,1,2,1,4,3,4,24.32432432
2750,5,3,50000,40,1,1,1,1,4,3,3,18.18181818
2100,5,4,50000,40,1,1,2,1,1,3,3,23.80952381
2200,4,3,75000,75,1,3,1,1,1,2,3,34.09090909
2450,4,3,100000,75,1,1,1,2,3,2,4,40.81632653
1535,3,3,22000,118,1,2,2,1,4,2,1,14.33224756
2160,4,4,40000,40,1,1,2,1,1,3,3,18.51851852
1300,3,3,25000,40,1,2,2,2,2,3,3,19.23076923
650,1,1,8000,118,4,1,2,1,1,2,3,12.30769231
1200,3,3,22000,40,1,1,3,1,3,3,16,18.33333333
1200,2,3,27000,40,1,1,3,3,1,2,3,22.5
1450,3,3,24000,40,4,2,2,1,4,2,2,16.55172414
2800,5,4,115000,31,3,1,2,1,1,3,3,41.07142857
4138,5,4,250000,31,1,2,1,1,4,1,4,60.41565974
4500,5,4,300000,75,1,1,2,1,4,2,3,66.66666667
2400,4,4,41000,56,1,1,3,1,3,2,1,17.08333333
4138,5,4,250000,31,1,1,2,1,4,2,15,60.41565974
730,2,2,11000,118,2,1,2,1,3,3,4,15.06849315
2600,3,4,90000,54,1,1,2,1,3,3,3,34.61538462
3700,4,4,300000,31,1,2,2,1,2,2,4,81.08108108
1600,4,3,23000,179,1,2,1,1,3,1,3,14.375
2550,4,3,120000,75,1,1,2,1,4,3,3,47.05882353
2500,4,3,120000,31,1,2,2,1,4,2,4,48
1200,2,2,16850,116,1,2,2,1,2,3,4,14.04166667
1330,3,3,16000,20,1,1,2,2,5,2,3,12.03007519
1400,4,3,21000,40,1,2,2,1,3,3,3,15
1100,4,2,26500,40,1,2,3,1,2,2,4,24.09090909
1800,4,3,45000,134,1,2,2,2,4,1,4,25
2038,4,3,35000,40,1,2,3,1,4,2,4,17.17369971
1750,4,3,37000,40,1,1,2,2,1,3,4,21.14285714
2200,5,4,35000,40,2,2,2,1,5,2,13,15.90909091
1265,4,3,28000,123,3,4,1,1,2,3,2,22.13438735
1600,4,3,28000,27,3,2,2,1,3,3,3,17.5
1200,2,3,15000,89,1,1,3,1,3,2,3,12.5
2500,5,3,75000,31,1,2,2,1,1,3,3,30
3000,4,3,160000,31,3,1,1,1,2,3,4,53.33333333
2900,3,3,160000,31,1,2,1,1,3,1,4,55.17241379
2500,3,3,100000,31,1,1,2,1,2,2,3,40
3100,4,3,170000,75,4,1,2,1,4,3,14,54.83870968
3500,3,3,150000,31,1,2,2,1,4,2,3,42.85714286
2200,3,3,130000,75,1,1,1,1,2,3,4,59.09090909
2600,4,3,100000,75,4,3,3,2,4,2,3,38.46153846
2400,4,4,41000,56,5,3,3,1,4,3,4,17.08333333
2300,3,3,90000,75,1,1,3,1,4,1,15,39.13043478
2200,5,3,55000,75,1,1,2,1,3,2,3,25
1350,3,3,24000,101,1,1,1,1,4,3,12,17.77777778
2500,4,3,100000,75,1,2,2,1,3,1,3,40
2500,4,3,120000,75,1,1,2,2,1,3,3,48
2400,4,4,165000,31,1,1,2,2,3,2,3,68.75
3000,4,4,250000,75,1,1,1,1,4,3,4,83.33333333
1850,3,3,70000,75,1,1,2,1,4,2,3,37.83783784
1800,3,3,30000,179,1,1,2,1,2,1,3,16.66666667
1000,2,3,15000,123,1,1,2,1,4,3,5,15
1700,3,3,21000,14,1,1,3,2,3,3,4,12.35294118
750,2,2,13000,123,1,2,2,2,3,3,3,17.33333333
2350,4,3,120000,31,1,1,2,1,2,3,4,51.06382979
2350,5,3,95000,31,1,1,2,2,4,1,12,40.42553191
1280,3,3,25000,123,4,1,1,1,5,3,1,19.53125
1200,3,3,23000,123,1,1,3,1,4,1,3,19.16666667
1950,4,3,130000,31,2,2,1,1,4,3,3,66.66666667
2100,5,3,28000,123,1,2,2,1,1,3,3,13.33333333
750,2,2,14000,123,1,2,2,1,1,2,3,18.66666667
900,3,2,12000,123,1,3,1,1,4,1,3,13.33333333
800,3,2,17000,123,2,2,1,1,3,2,3,21.25
1600,3,3,25000,123,1,1,3,1,2,1,3,15.625
1250,3,3,18000,123,1,2,2,1,3,2,3,14.4
1085,2,3,17000,123,1,2,2,2,2,1,1,15.66820276
3297,4,3,100000,31,1,1,2,1,2,2,4,30.33060358
2300,4,3,60000,31,1,2,2,1,3,3,3,26.08695652
3200,4,3,160000,31,1,1,2,2,4,2,3,50
1000,2,2,35000,57,1,1,2,1,1,3,3,35
1100,4,3,18000,14,3,2,2,1,3,3,4,16.36363636
850,2,2,15000,123,1,2,1,1,5,2,3,17.64705882
1500,5,3,26000,123,1,2,2,2,1,2,4,17.33333333
1650,3,3,25000,123,1,2,2,1,3,1,3,15.15151515
800,3,2,14000,123,1,2,3,2,1,2,1,17.5
1200,4,3,24000,123,1,1,2,1,2,3,4,20
1500,5,3,26000,14,1,1,1,2,1,2,4,17.33333333
1500,3,3,30000,123,1,1,2,1,4,2,4,20
1050,2,3,18000,123,1,1,2,1,1,3,3,17.14285714
900,3,2,14500,123,1,2,2,2,1,3,3,16.11111111
1000,2,2,16000,123,5,2,2,2,1,2,4,16
1000,3,2,18500,123,5,3,1,1,3,3,3,18.5
1050,3,3,18000,123,1,1,2,1,5,3,12,17.14285714
1050,2,2,17500,123,1,1,2,2,1,3,4,16.66666667
1050,4,3,14000,123,5,1,2,1,4,1,3,13.33333333
850,2,2,10000,123,1,2,1,1,3,2,4,11.76470588
850,2,2,14000,123,1,3,2,1,4,2,3,16.47058824
850,2,2,13000,123,1,1,2,1,3,3,3,15.29411765
950,2,2,15000,14,1,2,2,1,3,3,4,15.78947368
1500,3,3,22000,123,1,2,1,3,2,2,5,14.66666667
1608,3,3,25000,14,1,1,2,2,3,3,3,15.54726368
1420,5,3,25000,14,1,2,3,1,1,3,3,17.6056338
1390,2,3,22000,14,1,1,2,1,3,2,3,15.82733813
1300,2,3,21000,123,1,1,1,3,1,3,4,16.15384615
1000,3,2,21000,123,4,1,1,1,3,3,5,21
950,3,2,16000,14,1,1,2,3,3,2,1,16.84210526
1500,4,3,20000,14,1,1,2,1,3,1,4,13.33333333
1350,4,3,23000,123,1,1,1,2,4,3,3,17.03703704
1100,3,3,22000,123,1,2,3,1,1,2,4,20
1390,2,3,25000,14,1,1,2,1,1,3,4,17.98561151
1390,2,3,25000,14,1,2,2,1,3,3,16,17.98561151
850,3,3,22000,123,1,1,2,1,1,2,4,25.88235294
850,3,3,22000,123,1,2,3,1,4,1,4,25.88235294
1550,4,3,33000,120,1,1,1,2,3,3,3,21.29032258
1250,3,3,20000,14,1,1,3,2,2,3,4,16
950,2,2,17500,123,1,2,2,1,2,3,4,18.42105263
1200,2,2,15000,123,1,2,2,1,1,1,3,12.5
1200,3,3,15000,123,1,2,3,1,4,3,4,12.5
1300,3,3,25000,14,4,2,1,1,3,2,2,19.23076923
1350,3,3,25000,179,1,1,3,2,1,1,3,18.51851852
1200,2,2,18000,123,1,2,2,1,2,1,5,15
1450,3,3,25000,162,1,1,2,1,2,2,2,17.24137931
1135,4,3,22000,123,1,1,3,2,3,3,3,19.38325991
800,1,2,9500,116,1,1,1,2,4,1,3,11.875
1200,3,2,18000,14,1,1,3,1,1,2,4,15
1700,3,3,35000,162,1,1,1,1,3,3,2,20.58823529
1005,3,3,20000,123,5,3,2,1,6,1,4,19.90049751
1250,3,3,18500,14,2,1,3,1,1,1,4,14.8
1100,4,3,20000,123,1,1,2,1,3,3,5,18.18181818
1200,3,3,25000,40,1,2,2,1,2,1,5,20.83333333
1810,5,3,30000,162,1,1,1,1,3,2,1,16.57458564
1150,3,2,14000,123,1,2,3,1,3,2,4,12.17391304
3000,5,4,150000,31,1,2,2,1,4,1,4,50
1100,4,3,20000,123,1,1,3,1,1,3,3,18.18181818
1250,3,3,33000,162,1,2,1,1,2,1,2,26.4
1550,3,3,35000,61,1,1,2,1,1,1,4,22.58064516
1200,3,2,16000,14,1,2,1,1,1,1,3,13.33333333
2600,3,4,65000,61,5,1,2,1,4,3,3,25
1000,2,2,26000,123,1,1,2,1,2,3,3,26
1200,3,3,22000,123,1,2,1,2,3,2,4,18.33333333
100,1,3,22000,123,1,1,3,1,4,2,3,220
1800,4,3,35000,40,1,2,1,1,3,3,3,19.44444444
1100,3,3,22000,56,5,1,1,1,3,3,4,20
700,3,2,13000,14,1,1,2,1,1,3,3,18.57142857
500,1,1,5000,118,1,2,1,3,2,1,3,10
2008,4,4,40000,40,1,1,3,1,3,3,13,19.92031873
1500,4,3,25000,40,3,2,2,2,3,3,4,16.66666667
1900,4,3,35000,179,1,1,1,2,3,1,4,18.42105263
2455,5,4,40000,40,1,2,1,2,1,3,5,16.29327902
1480,3,3,25000,179,1,2,1,2,5,1,3,16.89189189
1500,3,3,35000,61,2,3,3,1,2,2,3,23.33333333
1300,3,3,35000,61,1,2,2,1,3,3,3,26.92307692
2250,5,3,48000,61,1,1,2,1,4,2,3,21.33333333
1620,5,3,42000,61,5,2,2,1,4,3,2,25.92592593
1000,3,2,18000,61,1,2,2,2,5,3,5,18
1230,3,3,24000,61,1,1,2,1,2,3,18,19.51219512
1300,3,3,35000,61,1,1,1,1,1,2,4,26.92307692
1950,4,4,40000,61,1,1,2,1,1,3,4,20.51282051
1800,4,3,40000,61,1,2,3,2,1,3,3,22.22222222
1660,4,3,46000,61,1,2,1,1,3,2,3,27.71084337
1700,3,3,40000,27,1,1,2,1,3,2,3,23.52941176
1575,2,3,22000,179,1,1,3,1,3,1,12,13.96825397
600,3,2,14000,118,1,1,2,1,1,2,3,23.33333333
3000,5,4,100000,57,2,3,1,1,4,1,1,33.33333333
1500,4,3,21000,179,1,2,2,1,1,2,3,14
1700,3,4,43000,57,1,1,1,1,1,3,4,25.29411765
1500,3,3,28000,179,3,1,2,1,5,3,5,18.66666667
1500,4,4,40000,179,5,1,2,1,3,3,4,26.66666667
875,3,2,12000,118,1,2,2,1,1,3,3,13.71428571
700,1,2,25000,57,1,2,1,1,1,3,3,35.71428571
800,1,2,16000,170,1,1,3,1,4,2,3,20
1000,3,3,16000,118,2,2,2,2,3,2,3,16
3000,3,3,110000,57,1,1,2,1,5,3,2,36.66666667
900,3,2,13000,24,1,3,2,1,2,3,1,14.44444444
2000,5,3,35000,170,1,1,2,1,1,3,4,17.5
1150,4,2,16000,118,1,1,1,1,5,2,5,13.91304348
1350,3,3,20000,179,1,2,2,1,1,2,2,14.81481481
1700,3,3,22000,179,1,2,2,1,1,3,3,12.94117647
1350,3,3,18000,118,1,1,1,1,4,1,3,13.33333333
990,3,2,14000,24,1,2,2,2,2,3,15,14.14141414
800,3,2,12000,24,1,2,3,1,2,3,3,15
550,1,2,14000,123,5,2,2,3,4,2,4,25.45454545
900,3,2,16000,24,3,2,1,2,1,2,3,17.77777778
1550,4,4,18000,118,3,1,2,1,1,3,4,11.61290323
1000,2,3,10000,84,1,2,2,3,3,1,3,10
850,3,3,21000,123,1,1,3,2,2,3,4,24.70588235
1460,4,3,34000,123,5,1,3,1,2,2,3,23.28767123
1150,4,3,25000,123,1,1,1,1,1,3,3,21.73913043
1100,3,3,21000,179,1,1,2,1,1,3,3,19.09090909
1200,3,3,15000,118,1,2,2,1,3,3,3,12.5
1500,4,3,22000,179,1,2,2,1,2,3,3,14.66666667
1990,4,2,40000,27,1,2,1,1,3,1,2,20.10050251
1100,2,3,12000,118,1,2,2,3,3,3,3,10.90909091
600,3,2,14500,123,1,1,3,1,4,2,3,24.16666667
700,3,2,16000,123,1,2,3,1,1,3,3,22.85714286
1400,4,3,20000,179,1,2,1,1,1,2,3,14.28571429
1710,3,3,30000,179,1,1,2,1,1,1,3,17.54385965
1100,2,3,12000,118,1,1,1,2,1,3,1,10.90909091
1600,4,3,25000,24,1,2,1,1,4,2,4,15.625
2400,5,5,40000,179,2,1,2,2,3,1,2,16.66666667
400,2,2,25000,57,1,1,3,1,3,2,1,62.5
800,2,2,2000,120,1,1,3,3,4,2,15,2.5
1010,3,3,18000,118,1,1,1,1,4,3,4,17.82178218
900,2,2,32000,57,4,1,3,1,3,2,4,35.55555556
1500,3,3,32000,61,1,2,2,1,2,3,4,21.33333333
1250,2,3,22000,24,1,1,1,2,5,1,1,17.6
500,1,2,11000,24,1,2,2,2,3,3,3,22
400,2,2,25000,57,1,2,2,1,3,1,3,62.5
1150,2,3,18000,118,1,2,2,1,2,3,3,15.65217391
2650,4,4,75000,57,1,2,2,1,4,3,3,28.30188679
900,2,2,13000,118,1,3,2,1,2,2,3,14.44444444
1200,4,3,35000,120,1,2,3,1,1,3,3,29.16666667
1500,3,3,20000,118,1,2,3,1,3,3,4,13.33333333
2200,4,4,28000,56,1,1,2,5,1,2,3,12.72727273
1730,4,4,42000,27,1,1,2,1,3,3,4,24.27745665
1100,3,3,18500,179,1,2,2,1,2,3,3,16.81818182
1090,5,3,40000,27,1,3,2,1,2,3,3,36.69724771
650,3,2,10000,118,1,1,2,1,2,3,3,15.38461538
1550,4,4,28000,27,1,1,1,1,3,2,4,18.06451613
700,3,2,14000,24,1,1,2,1,3,3,2,20
1100,2,3,22000,170,1,2,1,3,2,1,3,20
500,1,2,11000,120,1,2,2,1,3,2,4,22
1100,2,3,30000,120,1,4,2,1,2,3,2,27.27272727
1700,4,3,25000,24,1,1,2,2,1,3,4,14.70588235
1100,2,3,15000,118,1,1,2,1,2,2,4,13.63636364
1000,2,3,18000,24,1,2,1,2,4,2,3,18
1200,3,3,25000,170,1,2,1,1,3,2,3,20.83333333
1100,4,3,16500,24,4,2,2,1,2,1,2,15
1050,2,2,15000,118,1,2,1,2,4,2,4,14.28571429
1500,3,2,25000,40,1,1,3,1,1,3,3,16.66666667
1500,4,3,35000,170,2,1,2,2,1,3,5,23.33333333
1500,4,3,27000,24,2,2,2,2,4,2,3,18
1100,2,3,20000,24,2,1,2,1,1,3,3,18.18181818
1250,4,3,17000,24,1,2,2,1,2,2,4,13.6
1200,2,3,20000,118,1,2,2,1,4,3,4,16.66666667
1140,2,3,15000,118,1,1,2,1,2,3,4,13.15789474
1450,3,3,32000,170,4,2,3,1,3,3,3,22.06896552
1376,4,3,30000,170,1,3,2,1,3,1,1,21.80232558
1315,3,3,26000,24,1,1,3,1,3,3,3,19.77186312
768,1,2,16000,120,1,1,2,1,1,3,3,20.83333333
1150,3,3,13000,118,1,1,3,1,1,3,4,11.30434783
1125,3,3,18000,118,1,1,2,1,1,2,3,16
1000,2,3,25000,120,1,2,1,2,3,2,3,25
650,3,2,12500,123,1,2,2,1,1,1,2,19.23076923
1200,4,3,15000,118,1,1,2,2,2,3,1,12.5
700,1,2,12000,123,1,1,2,1,4,2,3,17.14285714
1100,3,3,15000,118,1,2,2,1,4,2,4,13.63636364
700,2,2,17500,123,1,1,2,1,3,3,3,25
1400,3,3,32000,24,5,1,2,1,4,3,3,22.85714286
1000,2,2,20000,123,1,1,3,1,2,3,3,20
700,2,2,15000,123,2,2,1,2,1,3,5,21.42857143
850,4,4,21000,123,1,1,2,2,5,2,1,24.70588235
1300,2,3,19000,24,1,2,2,1,4,3,3,14.61538462
900,2,2,16000,123,1,2,2,2,1,2,4,17.77777778
500,2,2,14000,24,1,2,1,2,1,1,4,28
950,2,2,15000,120,1,1,2,1,6,3,4,15.78947368
1500,4,3,30000,101,1,1,3,2,4,2,14,20
1365,3,3,25000,24,1,2,2,1,2,1,3,18.31501832
1140,4,3,15000,118,1,1,3,1,5,3,13,13.15789474
1000,4,3,17000,118,1,3,1,2,3,2,4,17
1100,3,2,18500,145,1,1,1,2,1,2,4,16.81818182
1100,3,3,30000,145,2,1,2,1,2,2,3,27.27272727
1300,3,4,28000,123,1,1,1,2,3,2,3,21.53846154
500,1,1,9000,118,1,1,2,2,1,2,3,18
1200,2,3,25000,145,1,1,3,1,3,2,3,20.83333333
800,2,3,16000,145,1,2,2,2,2,1,4,20
500,1,2,12000,145,4,1,3,3,4,1,2,24
1200,4,3,20000,145,2,3,3,1,4,1,3,16.66666667
500,1,2,11000,145,1,2,2,2,2,2,14,22
1200,3,3,22000,20,2,2,2,1,1,2,4,18.33333333
800,2,2,16000,145,1,2,3,2,4,3,2,20
800,2,2,15000,145,4,2,1,1,3,3,3,18.75
1650,3,3,42000,120,4,1,3,2,3,1,4,25.45454545
1000,3,3,18500,123,3,3,1,1,5,1,4,18.5
1100,4,3,28000,120,2,1,1,1,1,3,4,25.45454545
1200,3,3,18000,118,1,1,2,1,1,3,4,15
800,3,2,18000,145,1,1,2,2,4,3,1,22.5
850,2,2,18000,123,3,2,2,3,3,3,4,21.17647059
1500,4,3,22000,118,5,1,1,1,1,3,3,14.66666667
500,1,2,10000,145,1,2,3,1,3,1,2,20
1400,3,3,26000,40,1,1,3,2,1,3,4,18.57142857
825,3,2,16000,145,3,1,1,1,3,1,3,19.39393939
1800,5,3,40000,40,1,1,2,1,2,2,2,22.22222222
1500,4,3,22000,40,4,1,2,1,4,2,3,14.66666667
1445,4,3,30000,40,1,1,2,1,2,2,2,20.76124567
1500,3,3,30000,40,2,4,2,1,3,2,3,20
1250,4,4,25000,118,1,2,2,1,4,3,4,20
1800,5,3,40000,40,1,2,2,2,2,3,4,22.22222222
2000,4,3,40000,40,1,2,3,2,2,2,3,20
1600,5,3,35000,40,1,2,1,1,3,2,3,21.875
1180,3,3,18000,118,1,2,2,1,4,2,3,15.25423729
2250,3,3,34000,56,1,1,2,1,5,3,3,15.11111111
1180,3,3,22000,118,2,1,2,1,3,1,3,18.6440678
500,2,1,12000,40,1,2,1,1,1,3,3,24
1200,2,3,25000,110,1,2,3,1,1,2,4,20.83333333
1130,4,3,20000,118,1,1,2,1,3,2,4,17.69911504
1150,4,3,23500,31,1,2,3,1,4,2,3,20.43478261
600,1,2,10000,118,5,3,1,1,3,3,3,16.66666667
2000,3,3,25000,118,1,2,1,3,4,1,3,12.5
800,3,3,18000,40,1,1,1,1,6,3,3,22.5
1200,3,4,17000,101,5,1,2,1,2,3,3,14.16666667
1200,4,3,18000,118,1,1,1,1,4,2,3,15
800,3,2,18000,101,1,3,3,1,4,1,5,22.5
800,3,2,16000,40,2,1,2,3,2,1,5,20
1100,3,3,17000,118,1,2,1,1,3,2,5,15.45454545
1170,2,3,17000,118,1,2,2,1,1,3,4,14.52991453
1500,4,3,25000,40,1,1,1,1,4,2,3,16.66666667
1050,3,3,16000,101,1,2,2,1,2,3,5,15.23809524
1635,4,3,28000,40,1,2,2,3,3,1,2,17.12538226
2215,5,3,36000,40,1,1,3,1,3,2,4,16.25282167
1120,2,3,18000,90,2,2,1,1,3,3,1,16.07142857
800,2,1,16000,90,1,2,3,1,3,2,4,20
1120,3,3,19000,90,1,1,2,1,2,1,4,16.96428571
2200,4,4,60000,40,1,1,2,1,3,1,4,27.27272727
1275,3,3,24000,40,1,1,3,2,3,3,3,18.82352941
1250,4,3,24000,101,1,3,3,1,3,3,3,19.2
1050,3,2,18000,40,1,1,3,1,2,2,11,17.14285714
2000,4,3,45000,40,1,1,2,1,2,2,4,22.5
600,1,2,10000,101,1,2,2,1,1,3,3,16.66666667
800,2,2,14000,101,1,2,3,1,3,2,3,17.5
2400,4,3,40000,40,1,3,2,1,1,1,1,16.66666667
1300,3,4,20000,118,5,1,2,1,3,2,4,15.38461538
1117,2,2,22000,118,1,1,1,1,4,3,3,19.69561325
1460,3,3,23000,40,1,1,2,1,4,3,9,15.75342466
950,2,3,25000,40,1,2,1,1,1,2,3,26.31578947
1300,3,3,30000,97,4,3,3,3,3,2,4,23.07692308
1000,2,2,28000,31,1,2,2,1,1,3,3,28
1460,3,3,23000,40,1,1,1,1,1,2,3,15.75342466
1200,3,3,24000,90,1,1,2,2,4,2,3,20
1230,4,3,22000,118,4,2,1,1,2,2,3,17.88617886
1200,3,3,17000,118,4,1,1,2,3,3,5,14.16666667
1850,4,3,35000,40,1,1,3,1,3,3,14,18.91891892
800,1,2,16000,101,4,1,3,1,1,2,4,20
1320,3,3,25000,40,1,1,1,1,3,1,13,18.93939394
1800,3,3,35000,40,2,2,3,1,1,2,1,19.44444444
750,2,3,20000,101,1,1,2,1,4,1,1,26.66666667
1300,3,3,30000,67,1,1,2,1,3,2,1,23.07692308
1200,2,2,17000,101,1,2,2,1,2,1,4,14.16666667
1555,5,3,35000,40,3,2,2,1,4,2,4,22.50803859
450,1,2,8500,123,2,1,1,1,3,1,3,18.88888889
1200,2,3,14000,95,1,2,3,1,1,3,3,11.66666667
1200,1,3,10500,95,1,2,1,1,4,3,4,8.75
600,1,1,12000,20,2,2,1,1,5,3,4,20
1200,3,3,30000,67,3,1,1,1,3,3,3,25
1830,3,4,30000,40,1,2,2,1,2,2,5,16.39344262
1450,3,3,35000,61,2,2,2,1,1,2,3,24.13793103
1080,3,3,9000,60,1,3,2,4,1,3,3,8.333333333
820,3,2,13000,138,1,1,2,1,4,3,4,15.85365854
840,2,3,15000,123,1,2,2,1,2,2,4,17.85714286
550,1,2,12500,101,1,1,2,2,1,2,4,22.72727273
1400,3,3,17000,89,1,1,2,1,1,2,3,12.14285714
1450,3,3,25000,162,1,1,3,1,3,3,4,17.24137931
3200,7,6,60000,40,1,1,3,3,2,2,3,18.75
1350,3,3,32000,61,1,1,2,2,5,3,3,23.7037037
2400,4,4,35000,56,5,1,2,1,4,3,3,14.58333333
800,3,2,14000,20,1,1,3,1,2,2,3,17.5
700,3,2,15000,20,1,1,1,1,1,3,3,21.42857143
800,2,2,15000,20,1,2,2,1,2,3,3,18.75
1500,3,3,45000,40,1,1,2,1,1,3,4,30
2700,4,3,65000,40,4,1,1,1,2,1,3,24.07407407
1830,5,4,33000,40,1,1,1,2,2,1,3,18.03278689
2000,4,3,40000,40,1,1,2,2,5,2,4,20
800,2,2,16000,67,1,1,2,2,2,3,4,20
800,2,2,15000,20,1,2,2,1,2,3,3,18.75
900,2,2,20000,67,1,2,2,1,4,3,4,22.22222222
800,1,1,18000,67,1,1,2,2,4,1,3,22.5
450,1,2,5500,60,1,3,2,1,3,3,3,12.22222222
1050,2,2,20000,56,2,1,3,1,5,3,5,19.04761905
850,2,2,9000,20,1,2,1,1,1,3,5,10.58823529
2600,4,4,100000,55,1,1,2,1,5,1,3,38.46153846
850,2,2,10500,123,4,1,2,1,4,3,3,12.35294118
1050,2,2,17000,56,2,1,2,1,2,2,6,16.19047619
700,2,2,15000,56,1,2,1,2,1,1,3,21.42857143
1440,2,2,26000,162,1,2,2,1,2,3,4,18.05555556
750,2,2,14000,123,1,1,2,2,4,3,3,18.66666667
1400,2,2,27000,162,1,1,2,1,5,3,4,19.28571429
950,2,2,9800,138,1,1,2,3,2,1,4,10.31578947
750,2,2,14000,123,1,1,3,2,1,2,3,18.66666667
4,2,2,10500,59,1,1,3,1,4,3,5,2625
1000,3,3,23000,20,1,2,2,1,4,1,4,23
1300,2,3,30000,20,1,2,1,2,2,3,3,23.07692308
900,2,2,18000,20,4,1,1,1,4,1,3,20
800,3,2,15000,20,1,1,2,1,1,1,3,18.75
500,2,2,14000,20,1,3,3,1,3,3,4,28
4000,5,5,105000,67,1,1,2,1,3,3,4,26.25
700,3,2,14000,20,4,1,1,4,1,3,1,20
1170,3,3,25000,20,1,2,2,1,2,3,3,21.36752137
460,1,2,17000,20,1,1,2,4,4,3,4,36.95652174
980,2,2,17000,20,1,2,1,2,1,3,5,17.34693878
1200,4,3,20000,20,1,2,2,1,1,2,3,16.66666667
1300,4,3,22000,20,5,1,2,1,3,1,3,16.92307692
1100,4,3,22000,20,2,1,2,1,1,2,4,20
3515,5,4,330000,31,1,2,2,1,1,3,4,93.88335704
1350,3,3,25000,40,4,1,2,1,2,3,3,18.51851852
3515,5,4,330000,31,1,1,3,1,3,3,3,93.88335704
400,1,2,6000,128,1,1,2,3,1,3,4,15
1060,3,3,20000,40,2,2,2,1,1,3,3,18.86792453
4000,5,5,90000,67,1,1,2,1,4,3,4,22.5
1115,3,3,22000,67,1,2,2,1,4,1,4,19.7309417
600,1,2,10500,138,1,2,1,1,4,2,4,17.5
1200,2,3,20000,138,1,2,1,1,3,2,3,16.66666667
1250,3,3,25000,20,3,1,2,1,4,2,3,20
1200,2,3,18000,138,1,2,2,1,3,1,4,15
2200,5,4,40000,138,1,1,3,1,2,1,3,18.18181818
650,2,2,9000,138,4,1,1,1,5,2,5,13.84615385
1300,2,3,17000,138,1,2,3,2,3,3,2,13.07692308
1300,3,3,20000,138,1,2,1,1,2,2,5,15.38461538
700,2,2,15000,61,1,3,3,1,3,3,4,21.42857143
1550,1,1,25000,40,1,1,2,2,2,1,2,16.12903226
650,2,2,12000,118,1,2,2,1,5,3,12,18.46153846
900,3,2,20000,170,1,1,3,1,2,1,4,22.22222222
2400,4,3,90000,75,1,1,3,1,4,3,5,37.5
2250,3,3,100000,75,1,1,1,1,1,3,4,44.44444444
4500,6,5,225000,75,1,2,1,1,5,1,3,50
2500,4,3,100000,75,1,1,1,2,1,1,3,40
2650,4,4,120000,22,1,1,1,1,3,3,1,45.28301887
947,3,3,20000,20,1,2,1,2,1,2,13,21.11932418
850,2,2,15000,118,3,2,2,2,3,3,4,17.64705882
1442,5,3,20000,138,1,1,1,1,1,2,3,13.86962552
1160,4,3,16000,138,1,2,2,2,1,3,3,13.79310345
800,3,3,15000,138,1,2,2,2,3,3,3,18.75
1110,4,3,16000,138,1,1,3,1,4,1,1,14.41441441
500,2,2,10000,138,1,2,2,1,1,2,1,20
1150,4,3,22000,138,1,2,2,1,4,2,4,19.13043478
1400,3,3,20000,138,4,1,3,1,2,3,4,14.28571429
700,1,2,9500,138,1,1,2,1,1,1,3,13.57142857
720,2,2,13000,138,4,2,1,2,3,3,3,18.05555556
1740,3,3,28000,138,5,1,2,1,1,3,3,16.09195402
1050,3,2,14000,138,1,3,2,1,4,3,3,13.33333333
1250,3,3,25000,138,1,2,3,1,4,2,3,20
1250,3,3,22500,138,1,1,2,1,2,3,5,18
1200,3,3,23000,138,1,2,2,1,1,3,4,19.16666667
1200,2,2,19000,138,1,1,2,2,5,2,7,15.83333333
800,2,2,13000,138,1,1,1,1,1,1,4,16.25
2700,4,3,150000,75,1,1,1,1,1,3,3,55.55555556
1150,3,3,19000,138,1,2,2,1,3,3,4,16.52173913
1400,3,3,22000,138,1,2,1,1,2,2,4,15.71428571
1150,3,3,19000,138,1,2,2,1,3,1,3,16.52173913
700,3,2,10000,138,1,1,2,1,4,3,1,14.28571429
1050,3,2,15000,138,2,2,1,1,4,2,12,14.28571429
1200,4,3,24000,138,1,1,1,1,3,3,3,20
1800,4,3,29000,138,1,1,3,1,1,2,4,16.11111111
1050,3,2,15000,138,1,2,3,1,2,3,3,14.28571429
1200,5,3,21000,138,1,1,2,1,2,3,3,17.5
1050,4,3,20000,138,1,2,1,2,2,1,3,19.04761905
1250,2,2,11000,138,1,2,1,1,3,1,3,8.8
650,2,2,13500,138,2,2,3,1,2,3,4,20.76923077
700,3,2,12000,138,1,1,2,1,3,1,3,17.14285714
16000,2,2,16000,138,1,1,1,2,3,1,4,1
650,3,2,10000,138,1,2,1,1,2,2,1,15.38461538
1500,2,3,17000,138,1,1,3,1,3,2,1,11.33333333
1400,4,3,25000,138,2,2,2,1,3,3,3,17.85714286
600,1,2,8000,138,1,2,2,1,2,3,15,13.33333333
1100,5,3,28000,27,1,1,1,1,2,3,4,25.45454545
1300,4,3,20000,138,1,1,2,2,1,3,3,15.38461538
900,3,2,12000,138,4,1,2,1,2,3,4,13.33333333
1250,3,3,20000,138,4,1,2,1,4,2,3,16
800,3,2,11000,138,2,1,3,1,2,3,4,13.75
1100,3,3,23000,56,1,1,1,1,1,1,3,20.90909091
2150,3,3,40000,56,1,1,3,3,1,3,3,18.60465116
650,2,2,9500,138,1,1,1,1,3,3,4,14.61538462
2200,5,4,35000,56,1,1,2,1,1,3,4,15.90909091
2100,4,4,35000,56,1,1,2,3,2,3,3,16.66666667
2200,4,4,33000,56,1,3,1,1,5,2,4,15
2200,5,4,35000,56,1,2,1,1,4,2,3,15.90909091
1100,3,2,22000,56,3,1,1,1,2,3,2,20
2200,4,3,32000,56,1,2,2,1,5,3,3,14.54545455
1100,4,3,20000,56,1,2,2,2,3,3,3,18.18181818
2350,5,4,35000,56,1,2,2,1,4,2,3,14.89361702
2300,4,4,32000,56,1,2,3,2,2,2,1,13.91304348
2160,4,3,32000,56,1,2,2,1,2,3,4,14.81481481
1280,3,3,20000,138,5,1,2,1,1,1,3,15.625
1550,3,4,25000,138,1,2,2,2,4,3,14,16.12903226
1350,3,3,25000,138,1,2,2,1,1,2,4,18.51851852
1500,3,3,25000,123,1,1,1,4,2,3,3,16.66666667
600,1,1,9000,138,1,1,3,2,2,3,3,15
700,2,2,11000,138,1,2,2,1,1,2,3,15.71428571
1300,4,3,25000,138,1,2,3,1,2,3,3,19.23076923
1300,3,3,30000,61,5,2,1,2,3,3,4,23.07692308
1350,4,3,26000,61,1,1,2,1,4,3,3,19.25925926
1500,3,2,40000,61,1,2,2,1,3,3,4,26.66666667
1100,4,3,22000,56,1,1,2,1,3,3,3,20
800,3,2,23000,61,3,1,2,1,6,3,4,28.75
900,2,2,18500,61,1,2,2,1,1,1,4,20.55555556
1975,3,4,50000,61,1,1,1,1,4,2,4,25.3164557
1240,3,2,27000,61,1,2,3,1,5,2,4,21.77419355
1200,4,3,30000,61,1,2,1,1,1,3,3,25
1200,3,2,23000,61,1,1,3,1,3,3,2,19.16666667
2350,5,4,35000,56,1,2,2,1,3,2,1,14.89361702
1100,3,3,25000,56,2,2,3,1,2,3,4,22.72727273
930,2,2,30000,61,1,1,1,1,1,3,5,32.25806452
1100,2,2,27000,61,2,1,2,1,1,3,1,24.54545455
1250,3,3,27000,61,1,1,2,1,3,1,3,21.6
900,2,2,23000,61,1,1,1,1,4,3,3,25.55555556
2200,5,3,29000,56,1,1,2,1,2,3,3,13.18181818
2200,5,3,29000,56,1,1,2,1,2,2,3,13.18181818
2210,5,4,30000,56,1,2,2,2,4,1,3,13.57466063
2200,4,4,35000,56,1,2,1,1,2,3,3,15.90909091
1000,3,2,22000,145,1,1,2,1,4,3,3,22
1100,4,3,30000,61,1,1,2,2,2,3,4,27.27272727
255,1,1,3500,103,1,2,2,1,1,2,5,13.7254902
1350,4,3,45000,31,1,1,3,1,4,1,4,33.33333333
1500,4,3,32000,145,1,1,1,1,5,3,4,21.33333333
2450,4,3,120000,31,1,2,2,1,4,2,3,48.97959184
1300,3,3,28000,145,1,2,1,1,4,2,2,21.53846154
2600,4,4,90000,55,1,4,3,1,3,3,3,34.61538462
1950,4,3,45000,112,1,2,2,1,4,3,3,23.07692308
2450,4,3,120000,31,1,1,2,1,5,2,3,48.97959184
1250,3,3,30000,61,1,2,2,1,3,3,4,24
1350,3,3,32000,61,1,1,2,1,2,3,4,23.7037037
1350,4,3,30000,61,1,1,1,1,4,3,3,22.22222222
985,2,2,25000,61,1,1,1,1,2,3,14,25.38071066
1550,4,3,30000,61,1,2,1,2,1,3,3,19.35483871
1000,2,3,28000,61,4,1,2,2,3,2,5,28
872,2,2,20000,61,5,1,3,1,3,3,3,22.93577982
1560,3,3,30000,61,1,2,2,1,4,1,3,19.23076923
1000,2,3,28000,61,1,1,3,2,1,3,3,28
750,3,2,18000,61,1,2,3,3,3,3,2,24
2200,4,4,28000,56,3,2,2,1,4,2,5,12.72727273
3160,4,4,35000,145,1,1,2,1,1,3,6,11.07594937
1150,4,3,17000,24,1,2,2,1,2,3,1,14.7826087
1350,4,3,25000,145,1,1,1,1,2,1,4,18.51851852
1300,3,3,21000,145,1,3,2,1,5,1,3,16.15384615
950,3,3,16000,145,1,2,1,2,2,2,4,16.84210526
1260,4,3,20000,145,1,2,3,1,1,3,1,15.87301587
1200,6,3,23000,145,1,1,1,2,3,3,3,19.16666667
1550,4,3,18000,145,1,1,2,2,4,3,4,11.61290323
1150,2,2,20000,145,1,2,1,1,1,3,3,17.39130435
1500,3,3,30000,145,2,1,2,2,3,3,3,20
1450,3,3,25000,145,1,1,1,1,4,3,3,17.24137931
2000,3,4,32000,145,1,2,3,1,3,3,3,16
1400,3,3,22000,145,1,2,2,1,1,1,3,15.71428571
1075,2,3,18000,145,4,1,3,1,2,1,4,16.74418605
1350,3,2,19000,145,1,3,2,1,3,2,3,14.07407407
1100,3,2,17000,145,1,2,3,1,2,2,4,15.45454545
1450,3,3,22000,145,1,2,1,1,1,3,3,15.17241379
1440,4,3,32000,145,1,1,1,1,3,3,4,22.22222222
900,2,2,12000,24,1,1,3,1,3,3,3,13.33333333
750,1,2,16000,24,1,1,1,1,1,3,4,21.33333333
700,2,2,13000,24,1,2,1,1,3,3,2,18.57142857
1200,2,2,18000,24,1,1,2,1,2,3,2,15
1250,4,3,18000,24,1,2,1,3,3,1,3,14.4
1000,2,3,23000,24,1,2,3,1,4,3,3,23
1100,4,3,24000,24,1,1,2,1,2,3,1,21.81818182
1000,2,3,20000,24,1,2,1,1,1,3,15,20
850,2,2,14500,24,1,2,2,1,2,3,4,17.05882353
1500,3,4,25000,24,1,1,2,1,3,2,3,16.66666667
750,2,2,16000,24,1,2,2,3,4,2,2,21.33333333
1700,4,3,33000,24,1,2,2,1,4,3,2,19.41176471
800,4,2,13000,24,1,2,2,1,1,2,3,16.25
1600,4,3,18000,24,2,1,3,2,6,3,3,11.25
1100,3,3,19000,24,1,1,1,2,2,3,5,17.27272727
1750,4,3,20000,24,2,1,1,1,1,3,3,11.42857143
1000,3,2,15000,24,1,1,3,5,4,3,14,15
1100,3,3,22000,24,1,2,2,2,2,2,3,20
700,3,2,13000,24,1,1,3,1,3,3,4,18.57142857
1250,3,3,20000,24,1,1,3,1,4,2,5,16
2000,4,3,70000,112,5,1,3,1,3,3,3,35
1700,3,3,42000,112,3,1,3,1,3,3,3,24.70588235
1650,3,3,30000,162,4,1,1,1,4,3,2,18.18181818
3000,5,4,75000,112,1,1,2,1,4,3,3,25
1400,3,3,38000,57,1,1,2,1,3,3,4,27.14285714
1600,5,4,43000,112,1,1,2,2,3,2,3,26.875
1140,3,3,25000,24,1,2,2,1,5,1,4,21.92982456
2800,3,3,100000,31,1,2,2,1,1,1,16,35.71428571
2000,4,3,36000,40,1,2,2,1,4,2,5,18
1720,5,3,35000,24,2,2,1,1,4,1,3,20.34883721
1400,3,3,35000,40,5,1,2,1,1,3,1,25
2100,3,4,35000,40,1,2,2,1,1,3,4,16.66666667
1300,3,3,30000,24,1,1,1,1,3,2,3,23.07692308
550,2,2,25000,24,2,1,2,1,2,3,5,45.45454545
500,1,1,10000,24,1,1,3,1,2,3,3,20
1000,2,3,16000,24,1,4,2,1,3,3,2,16
700,2,2,10000,24,1,1,3,5,5,3,3,14.28571429
1000,2,3,17000,24,1,1,1,1,2,1,4,17
1300,3,3,18000,24,1,1,1,1,4,3,12,13.84615385
1500,3,3,24000,24,1,2,3,1,5,3,3,16
1500,4,3,35000,61,1,1,2,3,4,2,3,23.33333333
1900,3,3,55000,61,1,1,2,1,4,3,4,28.94736842
1880,3,3,50000,61,1,2,3,1,2,3,4,26.59574468
1800,4,3,45000,61,1,1,2,1,3,3,3,25
2676,5,4,60000,112,1,1,2,1,4,3,3,22.42152466
2050,3,3,60000,61,1,1,1,3,1,3,3,29.26829268
1800,4,3,47000,112,1,2,1,1,4,1,4,26.11111111
1445,3,3,35000,61,1,2,2,1,2,3,3,24.22145329
1760,4,3,38000,112,1,2,3,1,3,1,3,21.59090909
1150,3,3,30000,112,1,1,1,1,3,3,5,26.08695652
1880,3,3,50000,61,1,1,2,1,4,3,12,26.59574468
1200,3,3,30000,112,1,2,2,3,2,2,3,25
3500,4,5,55000,112,3,2,2,3,4,2,4,15.71428571
3000,5,4,75000,112,3,1,1,1,4,3,3,25
1150,3,3,30000,112,1,1,2,1,4,2,3,26.08695652
1700,3,3,35000,112,1,3,1,2,2,2,5,20.58823529
1950,3,3,54000,112,1,1,1,2,3,3,5,27.69230769
1050,2,3,27000,112,1,1,3,1,2,3,3,25.71428571
1275,3,3,30000,112,1,1,1,1,2,3,4,23.52941176
1050,2,3,27000,112,1,2,1,2,3,2,2,25.71428571
2250,3,3,65000,61,1,1,1,1,3,3,14,28.88888889
1665,5,3,35000,134,2,2,3,2,1,1,3,21.02102102
1320,3,2,50000,57,1,1,2,1,1,2,3,37.87878788
1900,3,3,50000,61,1,1,3,2,1,3,4,26.31578947
2000,4,2,40000,134,1,2,2,1,1,1,4,20
1330,3,3,35000,134,1,1,2,5,2,1,4,26.31578947
3000,5,5,60000,134,2,2,2,1,3,2,3,20
1500,3,3,50000,134,1,2,3,1,3,2,1,33.33333333
2100,3,3,50000,61,1,3,2,1,2,3,3,23.80952381
1600,3,3,50000,134,2,1,2,1,3,2,3,31.25
1800,3,3,45000,134,1,2,2,1,1,3,4,25
1800,4,3,45000,61,1,1,2,1,3,3,3,25
2710,4,4,75000,61,1,1,2,1,3,1,3,27.67527675
5000,4,3,130000,61,1,1,2,2,2,3,4,26
1890,4,3,45000,61,2,1,2,1,2,3,4,23.80952381
2225,4,3,65000,61,1,2,2,1,3,3,3,29.21348315
2300,5,8,70000,61,1,2,3,1,2,1,3,30.43478261
2150,4,3,65000,61,1,2,2,1,2,1,3,30.23255814
2600,4,4,40000,61,1,2,2,1,1,3,4,15.38461538
3200,5,4,120000,61,1,1,1,1,1,3,4,37.5
900,3,4,15000,40,1,4,2,1,3,3,1,16.66666667
1800,3,3,55000,61,1,1,2,2,1,2,3,30.55555556
1700,4,3,25000,40,1,1,1,1,2,2,1,14.70588235
1500,3,4,30000,40,1,2,2,1,2,1,4,20
1500,4,3,28000,40,1,2,2,1,3,3,3,18.66666667
1400,4,3,25000,40,3,2,2,1,3,3,4,17.85714286
1500,3,4,26000,40,1,4,3,2,4,3,3,17.33333333
900,3,2,24000,134,2,1,1,1,1,2,3,26.66666667
1800,4,3,30000,40,1,1,2,1,4,1,2,16.66666667
1200,3,3,30000,57,1,2,3,1,4,3,3,25
1250,4,3,25000,183,1,1,1,1,3,1,4,20
1656,3,2,32000,183,2,2,2,1,1,3,3,19.3236715
1800,5,3,45000,134,1,1,2,1,3,2,15,25
1350,4,3,50000,57,4,1,2,2,3,3,4,37.03703704
1350,3,4,16000,183,1,1,2,1,2,2,12,11.85185185
1450,4,3,45000,57,1,1,2,1,2,2,3,31.03448276
1200,3,3,30000,57,1,1,1,1,1,3,4,25
2400,4,3,45000,57,1,2,2,3,1,1,4,18.75
1550,3,3,33000,134,1,2,2,1,3,3,3,21.29032258
2950,4,4,50000,134,1,1,1,1,5,2,14,16.94915254
1100,2,2,40000,55,1,2,2,4,1,3,3,36.36363636
725,3,2,17000,40,1,2,2,1,2,3,4,23.44827586
1100,2,2,40000,55,1,1,3,1,3,2,4,36.36363636
1500,4,3,31000,55,1,1,3,1,3,1,3,20.66666667
2450,4,4,110000,31,2,2,2,1,3,3,3,44.89795918
2400,4,3,40000,31,1,2,3,1,3,1,3,16.66666667
2600,5,4,70000,55,1,1,2,2,2,2,3,26.92307692
1200,4,3,50000,55,1,2,1,1,4,1,5,41.66666667
1300,3,3,35000,55,1,1,3,2,1,2,1,26.92307692
2200,4,3,80000,31,1,2,2,1,1,2,12,36.36363636
1790,3,3,45000,31,1,1,3,1,3,3,3,25.1396648
1950,3,5,35000,40,4,2,1,1,3,3,3,17.94871795
2000,3,4,35000,40,3,1,1,1,4,3,3,17.5
1850,3,3,30000,40,3,1,2,1,2,2,3,16.21621622
1400,3,3,27000,40,1,1,2,1,2,3,3,19.28571429
1450,1,1,30000,40,2,2,2,1,1,3,3,20.68965517
1400,4,3,25000,40,1,3,2,1,3,3,3,17.85714286
2000,4,3,30000,40,1,3,1,3,4,3,3,15
1400,4,3,25000,40,1,2,2,1,3,3,3,17.85714286
1950,4,4,40000,40,1,2,2,3,2,1,3,20.51282051
2270,4,3,45000,40,1,2,3,1,3,2,14,19.82378855
1400,4,3,25000,40,1,1,2,1,5,2,3,17.85714286
1985,3,3,35000,40,1,3,2,1,3,3,3,17.63224181
2250,4,3,125000,31,1,2,1,1,5,1,3,55.55555556
2250,4,4,40000,40,1,3,2,1,1,2,12,17.77777778
1800,4,3,25000,40,1,2,2,1,4,2,4,13.88888889
1450,4,3,27000,40,1,1,2,2,4,3,3,18.62068966
2900,4,3,160000,31,4,1,2,1,1,3,4,55.17241379
1300,3,3,40000,55,1,2,1,1,2,1,4,30.76923077
2700,4,3,150000,31,1,2,2,1,1,3,3,55.55555556
2500,4,3,50000,55,4,1,3,1,3,3,3,20
2400,3,3,80000,31,1,3,2,1,4,3,2,33.33333333
1450,3,3,45000,55,5,1,2,1,3,3,3,31.03448276
2250,3,3,80000,31,1,2,1,1,3,3,4,35.55555556
2300,4,3,80000,31,1,2,2,1,2,3,3,34.7826087
3200,4,3,130000,22,2,1,3,1,4,3,3,40.625
3200,4,4,150000,31,1,1,2,3,2,3,4,46.875
2700,4,3,150000,31,1,1,1,2,3,3,3,55.55555556
3150,5,4,2000000,31,1,2,3,1,4,3,3,634.9206349
1850,3,3,35000,40,1,1,2,1,1,2,4,18.91891892
1500,3,3,30000,40,1,1,2,2,1,1,4,20
1500,3,3,30000,40,1,1,1,3,4,3,4,20
2650,5,5,70000,40,2,2,2,1,1,1,4,26.41509434
1400,3,3,25000,40,1,1,2,1,2,2,1,17.85714286
2750,5,4,50000,40,2,2,2,1,4,3,3,18.18181818
1520,3,3,28000,40,1,1,3,1,2,3,3,18.42105263
650,2,2,20000,157,1,1,1,2,4,2,17,30.76923077
1850,3,3,35000,40,3,3,2,3,3,1,3,18.91891892
1223,3,3,22000,40,1,3,2,1,3,2,3,17.98855274
2300,4,3,70000,40,1,1,3,2,2,3,1,30.43478261
1425,2,2,20000,40,1,1,2,1,1,3,4,14.03508772
2800,4,3,50000,40,1,1,3,1,1,3,4,17.85714286
2600,4,4,45000,40,1,1,2,1,1,1,4,17.30769231
1425,3,3,32000,40,1,1,2,1,4,2,3,22.45614035
1400,3,3,30000,40,4,1,3,1,2,3,3,21.42857143
1350,4,3,25000,40,5,1,2,2,2,2,4,18.51851852
2500,4,3,60000,40,1,2,1,2,2,3,3,24
1430,3,3,23000,40,1,1,2,1,1,3,1,16.08391608
1425,3,3,32000,40,1,1,2,1,2,1,5,22.45614035
1450,3,3,28500,40,1,1,2,1,2,3,4,19.65517241
1620,4,3,40000,40,1,2,2,1,3,3,4,24.69135802
1600,3,3,24000,40,1,2,3,1,2,2,4,15
1900,3,3,40000,40,1,1,2,1,3,3,4,21.05263158
1800,4,3,32000,40,1,1,2,1,3,3,4,17.77777778
1900,3,3,40000,40,2,1,2,1,1,3,3,21.05263158
1700,4,4,30000,40,1,1,3,1,3,2,3,17.64705882
1550,3,3,25000,40,1,1,2,1,4,2,3,16.12903226
2350,4,3,35000,40,1,3,2,1,1,3,4,14.89361702
2000,1,3,40000,40,1,1,2,1,4,3,3,20
1500,3,3,30000,40,5,2,3,1,2,2,3,20
2200,3,3,42000,40,1,1,2,2,2,1,4,19.09090909
1800,3,3,35000,40,1,1,1,3,3,1,4,19.44444444
1750,3,3,37000,40,4,2,1,1,2,3,3,21.14285714
1800,4,3,40000,40,1,1,2,2,2,2,3,22.22222222
1950,3,3,42000,40,1,1,2,5,3,2,3,21.53846154
2250,4,4,40000,40,1,2,1,1,2,3,5,17.77777778
2480,4,3,48000,40,1,2,2,1,3,3,3,19.35483871
1200,3,2,20000,40,1,3,1,3,2,1,4,16.66666667
1500,3,3,30000,40,1,2,3,3,2,3,3,20
1000,1,1,3500,123,1,1,2,1,2,3,3,3.5
2000,4,3,100000,31,1,1,2,1,2,1,3,50
2600,4,4,130000,31,1,3,1,1,2,2,3,50
2010,4,3,45000,40,1,1,2,2,1,1,3,22.3880597
2500,4,3,120000,31,1,2,2,1,4,3,3,48
2600,4,3,80000,31,1,1,1,1,3,2,4,30.76923077
2500,4,3,10000,31,1,2,3,1,4,3,4,4
2200,4,3,60000,31,1,1,1,1,5,2,3,27.27272727
2600,4,3,140000,31,1,2,1,1,2,2,5,53.84615385
1950,4,3,90000,31,1,2,1,1,3,3,3,46.15384615
1100,3,3,20000,119,1,2,3,1,4,1,4,18.18181818
800,2,2,16000,40,1,1,1,2,3,3,3,20
2300,3,3,120000,31,3,2,3,1,2,2,3,52.17391304
2000,4,3,38000,40,1,2,2,1,1,3,4,19
3200,4,4,1500000,31,4,1,2,1,3,3,4,468.75
2300,5,4,40000,40,4,1,2,1,3,2,3,17.39130435
2400,4,3,100000,31,1,1,2,1,3,3,3,41.66666667
1450,4,3,20000,40,3,2,2,1,2,2,3,13.79310345
1700,3,4,30000,40,1,2,2,1,4,1,14,17.64705882
1850,3,3,35000,40,1,1,2,3,2,3,4,18.91891892
2600,3,3,100000,31,1,1,3,1,2,3,3,38.46153846
2470,4,4,65000,31,1,1,2,2,4,3,4,26.31578947
1550,3,3,22000,139,4,1,2,1,4,3,4,14.19354839
2300,2,2,150000,31,1,1,2,1,3,3,3,65.2173913
3080,4,4,130000,31,1,2,1,1,3,3,3,42.20779221
800,2,2,11000,123,1,2,1,3,2,2,4,13.75
2200,3,3,150000,31,1,1,2,1,1,1,4,68.18181818
1260,3,3,7000000,118,1,1,2,1,1,2,3,5555.555556
3700,4,4,300000,31,1,2,2,1,3,2,4,81.08108108
2400,3,3,80000,31,1,2,1,1,2,3,3,33.33333333
1000,2,3,18000,40,1,2,3,2,4,3,1,18
2600,3,3,150000,31,5,2,1,2,3,3,14,57.69230769
1200,2,3,20000,56,1,1,3,3,4,3,4,16.66666667
2150,3,3,30000,56,1,1,1,2,2,2,4,13.95348837
3000,4,3,100000,31,4,1,3,2,3,3,5,33.33333333
1200,3,3,18000,118,3,1,2,1,3,3,2,15
1880,3,3,70000,61,1,2,2,1,3,3,3,37.23404255
2000,2,3,50000,31,4,1,2,1,3,1,1,25
3000,4,3,150000,31,1,2,2,1,2,3,3,50
2600,4,4,85000,55,1,1,1,1,3,3,3,32.69230769
6,2,2,13000,123,1,1,2,1,2,1,3,2166.666667
1400,3,3,30000,134,1,1,2,1,4,2,3,21.42857143
2435,3,5,65000,134,1,2,2,1,5,3,5,26.69404517
2500,3,3,120000,31,1,2,2,1,1,2,5,48
1400,3,3,28000,134,1,1,1,1,3,1,3,20
2800,4,4,70000,134,1,2,1,1,2,2,4,25
2200,2,2,16000,40,1,1,2,1,5,2,2,7.272727273
2200,3,3,76000,31,1,2,2,2,3,3,3,34.54545455
2550,4,4,65000,134,1,2,2,1,1,3,4,25.49019608
1700,4,4,110000,31,1,2,2,1,2,2,14,64.70588235
2350,3,3,100000,31,2,2,2,2,5,3,4,42.55319149
2950,4,3,200000,31,4,3,3,1,3,3,3,67.79661017
4138,5,4,300000,31,1,3,2,1,3,3,4,72.49879169
3200,4,4,150000,31,1,1,1,1,3,3,4,46.875
2300,3,3,2300,31,1,2,2,1,3,2,4,1
2120,3,3,80000,31,4,1,2,1,1,2,3,37.73584906
2600,3,3,90000,31,1,2,1,1,2,3,3,34.61538462
4500,4,4,200000,31,1,1,2,1,1,3,4,44.44444444
3685,4,4,300000,31,1,1,2,1,1,3,3,81.41112619
2400,3,3,80000,31,1,1,2,1,2,1,4,33.33333333
1253,3,3,23000,40,5,2,3,2,1,3,5,18.35594573
2200,4,4,40000,56,1,2,3,1,4,3,3,18.18181818
2150,3,3,90000,31,5,1,2,1,4,3,3,41.86046512
1700,3,3,50000,134,2,1,1,1,5,3,5,29.41176471
2250,3,3,30000,56,1,2,3,1,3,2,14,13.33333333
1100,3,3,19000,56,1,1,1,1,3,2,3,17.27272727
2200,4,4,32000,56,1,2,2,2,1,2,4,14.54545455
1500,3,3,40000,134,1,3,2,2,2,3,3,26.66666667
1100,3,3,20000,56,1,2,2,1,3,2,4,18.18181818
2200,4,4,35000,56,1,1,2,2,1,2,3,15.90909091
1350,4,3,35000,55,2,1,3,3,2,3,4,25.92592593
2600,4,4,60000,55,3,2,3,1,2,3,4,23.07692308
2700,4,4,65000,55,1,3,1,3,4,2,3,24.07407407
2200,2,3,35000,56,1,1,1,1,2,3,1,15.90909091
2200,4,4,32000,56,1,2,1,1,4,3,9,14.54545455
1400,3,3,35000,55,1,1,2,1,1,2,15,25
2500,4,4,40000,40,1,1,1,3,1,3,3,16
1700,3,3,30000,40,1,1,2,1,4,2,4,17.64705882
2350,3,3,90000,54,1,2,3,1,1,3,4,38.29787234
1730,3,4,27000,40,4,1,2,1,1,2,4,15.60693642
1575,3,3,30000,40,1,1,2,1,3,2,3,19.04761905
2705,4,4,50000,40,1,1,2,2,3,2,1,18.48428835
1200,3,3,32000,40,1,2,2,1,2,2,4,26.66666667
1400,3,3,26000,40,1,2,2,1,2,2,3,18.57142857
2800,6,6,50000,40,3,1,1,1,1,3,5,17.85714286
1460,3,3,25000,40,1,2,1,2,3,3,3,17.12328767
1515,3,3,30000,40,1,1,3,1,3,3,3,19.8019802
1313,6,3,33000,134,1,3,2,2,4,3,1,25.13328256
1850,3,3,40000,40,1,2,1,1,5,3,4,21.62162162
2400,5,5,60000,57,1,2,2,1,4,3,4,25
2500,5,5,85000,134,1,1,2,1,1,2,4,34
2500,5,4,60000,134,1,1,3,1,4,2,3,24
2550,5,4,65500,134,1,2,1,1,3,1,3,25.68627451
3000,7,5,70000,134,1,1,1,1,2,3,3,23.33333333
1665,5,5,40000,134,1,2,2,1,2,3,4,24.02402402
1441,3,3,35000,134,1,2,2,1,3,2,4,24.28868841
1520,4,3,36000,134,1,1,2,2,1,2,4,23.68421053
1520,4,3,36000,134,1,1,3,1,1,3,5,23.68421053
1515,3,3,1515,134,1,1,2,1,3,2,3,1
2000,3,4,40000,112,1,1,2,1,1,2,4,20
2000,3,3,45000,40,1,2,2,1,2,2,5,22.5
700,4,2,14500,31,1,1,1,2,2,3,4,20.71428571
1150,3,3,20000,123,5,1,2,1,4,3,3,17.39130435
1500,3,3,45000,112,1,1,1,2,4,3,14,30
1710,3,3,45000,112,1,1,1,1,5,2,4,26.31578947
2540,5,4,150000,31,1,2,3,1,2,1,3,59.05511811
700,2,2,9000,118,1,2,1,1,4,2,3,12.85714286
2100,3,3,50000,112,2,1,2,1,3,3,3,23.80952381
350,1,1,10500,123,1,2,2,1,3,1,3,30
800,2,2,13000,123,4,1,1,1,4,2,3,16.25
800,2,2,14150,123,1,2,1,1,1,3,3,17.6875
1550,3,3,40000,112,1,1,2,1,3,3,3,25.80645161
600,2,2,14000,123,1,1,3,1,3,3,4,23.33333333
1800,3,3,32000,40,1,1,2,2,2,3,2,17.77777778
2268,4,3,50000,40,1,2,1,1,4,1,3,22.04585538
1200,3,3,15500,103,1,2,1,1,4,2,4,12.91666667
970,3,3,40000,40,1,1,2,1,5,2,3,41.2371134
1772,3,3,35000,40,1,1,1,1,2,1,3,19.751693
2200,4,5,35000,40,1,2,1,1,2,2,2,15.90909091
1400,3,3,23000,40,1,1,2,1,4,3,4,16.42857143
600,2,2,7500,95,1,1,2,1,2,1,4,12.5
4000,4,4,200000,31,1,1,2,1,3,2,3,50
1000,2,2,25000,47,1,2,1,3,1,3,7,25
1450,3,3,26000,56,1,3,1,1,4,3,3,17.93103448
2000,4,4,35000,56,1,1,3,3,1,3,7,17.5
2315,4,4,40000,56,1,1,2,1,2,3,3,17.27861771
1100,1,2,20000,112,1,1,3,1,2,1,3,18.18181818
2200,3,3,35000,40,1,2,2,1,2,2,1,15.90909091
2150,4,4,30000,56,1,2,2,1,2,3,3,13.95348837
2150,4,4,35000,56,4,1,1,1,2,3,4,16.27906977
2200,3,3,32000,56,1,1,2,1,4,2,3,14.54545455
2200,5,4,40000,56,1,3,1,1,2,1,2,18.18181818
2150,4,4,40000,56,2,2,1,1,4,1,4,18.60465116
2200,3,3,35000,56,1,1,2,1,2,3,3,15.90909091
2000,4,4,40000,56,2,1,2,1,3,1,3,20
2200,4,4,40000,56,1,1,3,1,2,1,4,18.18181818
2200,3,4,32000,56,1,2,1,1,3,2,4,14.54545455
2200,4,4,30000,56,5,2,2,1,1,3,4,13.63636364
1075,2,2,20000,56,1,1,2,1,3,1,3,18.60465116
2850,5,4,45000,51,1,1,1,2,5,3,4,15.78947368
2350,3,3,32000,56,1,2,3,4,4,3,4,13.61702128
1100,2,2,18000,56,4,2,2,1,6,3,3,16.36363636
2100,3,3,35000,56,4,2,3,1,6,1,15,16.66666667
800,2,2,11000,24,1,1,1,2,1,3,3,13.75
1100,2,2,28000,56,1,1,1,1,3,3,4,25.45454545
2200,4,4,27000,56,3,2,2,2,3,2,3,12.27272727
2450,3,3,26000,56,1,2,1,1,3,3,2,10.6122449
1600,3,2,40000,57,2,1,2,1,3,2,2,25
1200,2,4,8000,130,1,1,1,1,3,2,4,6.666666667
2200,4,4,35000,56,1,3,2,2,3,2,3,15.90909091
2150,3,3,35000,56,1,1,3,1,5,3,4,16.27906977
2000,4,3,45000,61,1,3,2,1,5,2,3,22.5
1300,3,3,21000,24,2,3,1,1,2,3,5,16.15384615
2750,3,4,80000,57,4,1,2,1,1,2,3,29.09090909
2400,4,4,25000,138,1,2,2,1,2,3,2,10.41666667
1100,3,3,18000,24,4,2,3,1,3,3,3,16.36363636
1700,3,3,35000,24,1,1,2,1,3,1,15,20.58823529
1500,3,3,30000,24,1,1,1,1,3,3,3,20
1200,3,3,18000,24,1,2,3,1,3,2,4,15
1850,3,3,50000,61,3,2,3,2,3,3,3,27.02702703
550,1,2,10500,123,1,1,1,1,3,3,3,19.09090909
1950,3,3,45000,61,4,1,3,3,5,3,4,23.07692308
600,2,2,15500,123,1,1,3,1,3,3,4,25.83333333
1100,3,3,18000,56,1,1,1,1,4,2,3,16.36363636
1400,1,3,35000,61,1,2,3,1,4,2,3,25
595,1,2,18000,90,1,2,2,1,2,2,6,30.25210084
3000,3,5,55000,61,1,2,1,3,2,2,3,18.33333333
2300,3,3,65000,61,4,1,1,1,4,1,3,28.26086957
1360,3,3,36000,61,4,1,1,2,3,3,3,26.47058824
2150,3,3,50000,61,1,3,2,1,3,3,3,23.25581395
1270,3,3,37000,61,1,2,2,1,5,3,4,29.13385827
2140,3,4,60000,61,5,1,2,1,4,2,3,28.03738318
2050,3,3,46000,61,4,2,1,1,1,1,12,22.43902439
1237,3,3,18000,24,1,1,2,2,1,1,4,14.55133387
600,2,2,21000,123,1,1,2,1,4,3,3,35
1455,3,3,35000,139,1,1,2,4,3,3,3,24.05498282
1000,2,3,21000,56,1,1,1,1,2,2,4,21
1800,3,3,60000,31,1,1,1,1,4,1,3,33.33333333
850,2,2,14000,90,3,2,3,1,5,3,3,16.47058824
600,2,3,15000,90,1,2,3,1,3,3,2,25
650,1,2,10000,90,1,1,1,2,3,1,1,15.38461538
1600,3,3,30000,90,1,1,2,3,4,2,4,18.75
1000,2,3,16000,90,1,1,3,1,4,1,2,16
750,2,3,11000,90,1,2,2,1,4,2,2,14.66666667
1600,3,3,30000,90,1,1,1,3,1,3,4,18.75
2026,3,3,35000,40,4,3,3,1,1,3,3,17.27541955
900,2,2,20000,40,1,1,2,1,2,1,4,22.22222222
1300,3,3,1300,90,3,1,2,1,1,3,5,1
1000,3,3,14000,123,1,1,2,1,2,1,3,14
750,2,3,11000,90,1,1,2,1,5,1,4,14.66666667
700,2,2,17000,123,1,2,2,1,3,3,13,24.28571429
1500,3,3,37000,123,1,1,2,1,1,2,3,24.66666667
930,2,3,17000,123,1,1,1,1,5,2,4,18.27956989
1600,3,3,30000,123,1,1,3,1,3,3,3,18.75
1200,3,3,20000,90,1,1,3,1,4,3,2,16.66666667
700,1,2,20000,90,1,2,3,1,3,3,3,28.57142857
700,1,2,20000,90,1,3,2,1,1,3,4,28.57142857
600,1,2,10000,123,1,1,2,1,3,3,12,16.66666667
1500,3,3,30000,56,2,2,3,1,4,2,4,20
1050,2,2,16000,123,1,2,1,1,3,1,3,15.23809524
2105,3,3,35000,56,1,2,2,1,4,3,3,16.62707838
1050,4,2,20000,56,1,1,3,1,3,2,14,19.04761905
2150,3,3,30000,56,1,2,2,1,3,3,3,13.95348837
300,1,1,12000,145,4,1,1,1,4,3,4,40
1700,3,3,30000,90,2,1,1,1,5,3,4,17.64705882
2200,4,4,2200,56,4,2,1,3,1,3,3,1
2000,3,3,30000,56,1,2,2,1,2,1,3,15
1000,3,3,26000,56,1,1,2,1,4,3,3,26
2200,3,3,35000,56,1,1,1,1,1,3,4,15.90909091
2200,3,3,45000,40,1,1,2,1,3,3,4,20.45454545
3200,4,4,50000,40,1,1,2,3,2,3,4,15.625
2150,4,4,30000,56,1,2,3,1,3,3,3,13.95348837
2300,4,4,28500,56,1,2,1,1,1,1,17,12.39130435
2000,3,3,29000,40,1,2,2,1,2,3,4,14.5
2200,3,3,35000,40,1,1,1,1,3,3,3,15.90909091
900,2,2,14000,90,4,2,2,1,2,3,3,15.55555556
1400,3,3,25000,90,1,2,2,1,5,3,4,17.85714286
900,2,3,14000,123,1,2,2,1,1,3,12,15.55555556
400,1,2,4000,62,1,2,2,1,4,3,3,10
1000,2,3,6000,62,1,1,2,1,2,3,5,6
600,2,2,6500,62,1,2,2,1,3,2,4,10.83333333
1200,2,3,17000,56,1,2,1,1,2,1,3,14.16666667
500,2,2,6500,62,1,1,2,1,3,2,3,13
750,2,2,10500,118,2,1,1,1,1,1,3,14
1300,3,3,45000,112,1,1,1,1,3,3,4,34.61538462
500,2,2,4000,62,1,2,2,1,2,3,3,8
1000,3,3,8000,62,1,1,1,1,5,3,4,8
1200,3,3,17000,123,1,4,3,1,5,1,4,14.16666667
720,2,2,13000,123,4,2,1,1,2,2,4,18.05555556
1200,3,3,23000,123,1,2,2,1,1,1,4,19.16666667
800,2,2,7000,62,1,1,2,1,3,2,3,8.75
1950,4,4,45000,112,1,1,2,1,3,3,3,23.07692308
950,2,2,15000,123,1,1,2,1,3,3,4,15.78947368
1000,2,2,17000,123,1,1,1,2,1,2,3,17
2150,3,3,30000,56,2,1,2,1,2,1,3,13.95348837
2150,4,4,30000,56,2,1,3,2,5,2,3,13.95348837
1800,3,3,30000,40,1,1,3,1,1,3,4,16.66666667
500,2,2,4200,62,1,1,2,1,2,3,4,8.4
500,2,2,3500,62,1,1,2,1,2,1,3,7
1600,3,3,45000,112,1,3,2,1,1,2,3,28.125
600,2,2,3300,62,5,1,2,1,3,3,3,5.5
1100,2,4,8000,62,1,1,2,1,3,2,3,7.272727273
2700,4,5,50000,112,1,1,2,1,1,2,3,18.51851852
1000,2,2,3000,62,2,1,3,1,4,3,5,3
500,1,2,11500,116,1,1,2,1,4,3,4,23
700,2,2,6500,62,1,3,2,1,3,1,5,9.285714286
1150,3,3,22000,116,1,1,2,1,1,3,2,19.13043478
1600,3,6,50000,112,3,1,1,1,1,3,3,31.25
1100,2,2,16000,138,1,1,2,3,1,3,3,14.54545455
900,2,3,5500,62,1,1,3,1,2,2,3,6.111111111
850,2,3,23000,116,1,2,3,1,2,1,13,27.05882353
1350,1,3,20000,119,1,2,3,1,2,3,3,14.81481481
800,1,2,20000,116,1,1,2,2,1,3,4,25
500,2,2,6000,62,1,2,2,1,1,3,2,12
500,2,2,10500,62,1,1,3,2,3,2,14,21
500,2,2,5000,62,1,1,2,1,3,3,3,10
1700,3,3,7000,62,5,2,2,2,4,3,4,4.117647059
1200,2,2,15000,118,1,1,2,1,2,2,4,12.5
600,2,2,12000,118,1,2,1,2,3,1,3,20
2100,3,4,31000,56,1,1,2,1,1,3,4,14.76190476
800,2,2,12500,118,1,1,1,1,4,2,5,15.625
1660,3,3,40000,112,1,2,2,1,4,3,3,24.09638554
850,2,2,13000,118,1,1,2,1,3,2,6,15.29411765
1400,2,2,13000,118,3,2,1,1,6,3,3,9.285714286
1250,2,3,12000,118,1,3,2,2,2,2,4,9.6
1150,3,3,18000,24,1,2,2,1,1,3,4,15.65217391
1300,3,3,26000,118,1,2,2,2,1,3,3,20
1000,2,2,12000,167,1,1,2,1,1,3,3,12
1000,2,2,15000,102,1,1,3,1,2,3,4,15
1400,2,3,11000,167,1,1,3,2,2,4,3,7.857142857
600,1,1,8000,101,1,1,3,1,3,3,1,13.33333333
900,2,2,14000,102,3,1,1,1,3,2,3,15.55555556
1320,3,4,25000,118,1,1,3,1,1,3,3,18.93939394
1000,2,2,12500,70,2,2,2,2,5,3,3,12.5
800,2,2,8000,62,1,3,1,1,5,2,3,10
600,1,2,13000,116,1,1,2,2,4,1,4,21.66666667
1925,3,3,60000,40,1,1,2,1,2,2,3,31.16883117
2350,4,4,40000,56,1,1,2,1,1,1,3,17.0212766
2000,4,3,40000,40,5,1,3,2,5,3,3,20
2325,4,4,50000,40,1,1,1,2,3,3,3,21.50537634
1350,3,3,50000,55,1,1,1,1,3,2,4,37.03703704
1400,3,3,70000,55,1,2,2,1,3,3,3,50
2150,4,3,45000,40,5,2,3,1,3,3,2,20.93023256
2550,4,4,2550,55,1,1,2,2,3,3,3,1
1400,6,2,4,92,1,1,2,1,3,2,3,0.002857143
2600,4,4,70000,55,3,1,3,1,4,3,4,26.92307692
1200,3,3,12000,118,1,3,3,1,3,3,3,10
1850,4,5,30000,118,1,1,2,1,2,3,4,16.21621622
2400,4,4,65000,123,1,2,3,1,4,3,3,27.08333333
1125,3,3,20000,118,1,1,2,1,1,2,3,17.77777778
1850,4,5,30000,118,1,1,2,1,5,3,4,16.21621622
1200,2,3,17000,118,4,1,2,1,4,3,5,14.16666667
625,2,2,3680,118,3,2,2,2,3,2,4,5.888
1200,2,3,17000,118,1,2,1,1,3,3,4,14.16666667
1300,3,3,24000,118,4,1,3,2,2,3,14,18.46153846
1200,3,3,18000,118,1,1,1,1,1,2,3,15
350,1,2,16000,170,1,2,2,1,2,3,5,45.71428571
1736,3,3,32000,170,1,1,1,1,1,2,3,18.43317972
650,2,2,12000,170,1,2,1,1,3,2,3,18.46153846
13500,1,2,13500,170,1,2,1,1,3,2,4,1
2700,2,3,130000,31,1,2,2,2,1,3,1,48.14814815
650,1,2,17000,170,1,1,2,2,2,3,4,26.15384615
1000,3,3,31000,170,4,1,1,1,4,3,3,31
300,1,1,10000,170,1,1,2,1,2,3,1,33.33333333
800,2,2,16000,170,3,1,1,1,4,3,3,20
1487,4,3,45000,55,1,2,1,1,2,1,4,30.26227303
1600,3,3,30000,139,1,1,2,2,2,1,3,18.75
1400,2,3,35000,55,1,1,1,1,3,3,1,25
2600,4,5,75000,55,1,2,2,3,2,3,14,28.84615385
2400,3,3,100000,31,1,1,1,2,3,2,1,41.66666667
6500,4,5,750000,31,1,1,2,1,4,2,4,115.3846154
2000,2,3,90000,31,1,2,2,1,3,3,4,45
2500,3,3,100000,31,4,1,2,1,3,3,3,40
14500,3,3,1000000,31,1,2,1,1,2,3,4,68.96551724
1500,2,3,40000,31,1,2,2,2,1,1,6,26.66666667
1500,2,3,40000,31,3,1,1,1,1,3,2,26.66666667
2080,3,3,35000,40,1,1,1,1,3,3,14,16.82692308
1100,2,3,18000,24,1,2,1,1,3,3,4,16.36363636
1000,3,3,14000,24,1,1,2,1,4,3,4,14
1100,2,3,17000,24,1,1,1,1,1,3,4,15.45454545
550,2,2,17000,170,1,1,3,1,2,3,4,30.90909091
2038,3,3,35000,40,2,2,1,1,1,1,4,17.17369971
1200,2,3,11000,146,4,2,2,2,3,2,5,9.166666667
1300,3,4,35000,24,1,1,2,2,3,3,3,26.92307692
1100,2,3,20000,24,1,1,2,2,1,3,4,18.18181818
1400,2,3,25000,123,4,2,2,2,2,1,4,17.85714286
1200,3,3,20000,24,1,1,2,2,3,1,4,16.66666667
1200,3,3,16000,24,1,1,1,1,3,2,3,13.33333333
510,1,2,10000,102,1,1,2,1,3,2,3,19.60784314
1200,3,3,23000,24,1,2,2,1,3,3,1,19.16666667
600,2,2,15500,123,1,1,2,2,4,2,3,25.83333333
750,2,2,15000,123,5,1,2,1,1,1,3,20
1800,3,3,27000,170,1,1,2,2,2,3,4,15
1150,2,2,17000,123,1,2,1,1,4,3,4,14.7826087
750,2,2,18000,123,1,1,1,1,2,3,4,24
2700,3,4,150000,55,1,2,3,1,3,2,4,55.55555556
250,1,1,4000,24,1,2,3,1,1,3,7,16
1400,2,3,20000,24,1,1,2,2,3,1,3,14.28571429
2600,4,4,70000,55,1,1,1,1,3,3,13,26.92307692
1300,2,2,40000,55,1,2,2,1,3,2,3,30.76923077
1350,3,3,30000,55,2,1,2,2,1,1,3,22.22222222
1250,3,3,40000,55,1,2,1,1,1,3,3,32
1400,3,3,35000,55,1,1,1,1,3,3,5,25
2600,4,4,100000,55,1,1,2,3,3,1,4,38.46153846
2600,4,4,60000,55,1,4,1,1,1,3,3,23.07692308
1200,3,2,30000,55,1,1,1,1,2,2,3,25
2600,4,4,80000,55,1,1,3,1,2,3,4,30.76923077
2500,3,4,55000,61,2,1,1,1,3,1,1,22
1300,4,4,40000,55,1,1,2,1,1,1,4,30.76923077
2600,4,4,80000,55,1,2,1,2,1,3,3,30.76923077
1300,3,3,35000,55,1,1,2,1,1,1,3,26.92307692
1250,3,3,35000,55,1,1,2,1,3,3,3,28
1340,3,3,37000,55,1,2,1,1,3,2,3,27.6119403
1350,3,3,35000,55,1,1,2,1,2,3,3,25.92592593
1300,3,3,28000,40,1,1,2,1,2,2,4,21.53846154
1600,3,3,35000,40,1,1,1,2,4,2,3,21.875
1500,3,3,25000,40,1,2,2,1,1,2,3,16.66666667
1650,3,3,25000,40,1,1,2,2,4,2,3,15.15151515
1500,3,3,35000,40,1,1,1,2,2,1,4,23.33333333
2000,4,3,40000,40,1,1,2,1,5,3,2,20
1812,3,3,55000,61,1,2,1,1,1,1,3,30.35320088
1500,3,3,24000,40,5,1,2,1,2,3,4,16
1650,3,2,25000,40,1,1,1,1,5,3,4,15.15151515
1500,3,3,24000,40,2,2,2,3,3,3,3,16
1100,3,3,25000,40,1,1,2,1,3,1,1,22.72727273
1500,3,3,20000,40,1,1,1,3,4,3,3,13.33333333
1500,3,3,25000,40,1,1,2,2,1,2,2,16.66666667
300,1,1,17000,40,1,2,1,1,3,2,4,56.66666667
1500,3,3,24000,40,4,1,2,1,3,3,3,16
1575,3,3,30000,40,1,2,1,1,1,3,2,19.04761905
1450,3,3,25000,40,1,2,2,1,2,1,4,17.24137931
1600,3,3,30000,40,2,1,1,1,1,2,4,18.75
1550,3,3,42000,61,1,2,2,1,3,2,4,27.09677419
2700,4,4,75000,61,1,4,1,1,3,2,3,27.77777778
900,2,2,11500,90,1,2,3,1,6,3,4,12.77777778
450,2,2,9000,24,4,2,2,1,4,2,3,20
1500,3,3,20000,94,1,1,2,1,2,2,3,13.33333333
700,1,2,7000,24,1,2,2,1,3,3,3,10
500,2,1,7000,24,1,1,1,1,2,2,3,14
700,2,2,9500,24,1,1,2,1,3,3,3,13.57142857
700,1,1,10000,24,1,1,1,1,3,3,5,14.28571429
1400,3,3,27000,40,1,2,2,1,3,3,3,19.28571429
1200,2,2,14500,90,1,1,1,1,3,2,4,12.08333333
1200,2,2,15000,90,2,2,1,1,2,1,8,12.5
920,2,2,16500,90,4,2,1,1,2,3,3,17.93478261
1100,2,3,12000,90,1,3,3,2,3,3,4,10.90909091
700,1,2,10000,59,1,4,1,1,4,3,4,14.28571429
700,2,2,11500,59,2,1,2,1,4,3,4,16.42857143
1078,2,3,13000,59,2,1,2,1,4,1,4,12.0593692
900,2,2,12000,90,1,1,1,1,1,1,3,13.33333333
2000,3,3,120000,31,1,1,2,1,1,1,5,60
1700,3,3,35000,40,1,1,2,1,1,3,4,20.58823529
720,1,2,11000,148,1,1,1,1,2,2,4,15.27777778
500,2,2,9000,24,5,2,2,3,1,3,3,18
800,2,3,20000,126,1,1,1,1,6,3,3,25
1200,1,3,9000,148,5,1,1,2,3,3,2,7.5
800,2,2,13000,24,3,2,3,1,3,3,4,16.25
750,2,2,12000,31,1,2,2,1,1,3,3,16
1175,2,2,12500,34,1,2,3,1,5,3,4,10.63829787
2250,3,3,50000,56,1,1,1,2,3,3,3,22.22222222
1185,3,3,20000,34,1,2,2,2,1,2,1,16.87763713
2250,3,3,35000,56,1,1,2,3,1,2,4,15.55555556
2200,3,3,35000,56,1,1,2,1,4,3,5,15.90909091
2200,3,3,30000,56,1,1,2,2,3,3,4,13.63636364
2300,3,3,35000,56,1,3,2,1,5,1,6,15.2173913
1170,3,3,18000,34,1,1,3,2,4,3,4,15.38461538
1200,2,3,13700,123,4,2,3,1,1,1,3,11.41666667
700,2,2,10000,34,1,2,2,1,2,2,3,14.28571429
1100,2,2,18000,34,1,1,2,1,4,2,4,16.36363636
1200,2,3,16000,24,1,2,2,1,3,3,3,13.33333333
800,2,2,14500,123,1,1,1,1,2,2,3,18.125
900,2,3,14500,24,5,1,1,1,5,3,4,16.11111111
650,2,2,12000,123,3,1,2,1,1,1,4,18.46153846
650,1,2,9500,126,4,1,2,1,1,3,3,14.61538462
2200,5,5,35000,40,1,2,2,1,2,2,3,15.90909091
600,3,2,11000,123,1,1,2,1,1,1,3,18.33333333
1100,3,3,26000,40,1,2,2,1,4,2,3,23.63636364
1400,4,3,22000,40,1,2,2,1,1,3,3,15.71428571
2200,3,3,35000,56,1,2,2,1,3,3,5,15.90909091
2200,4,4,40000,56,1,1,2,1,2,2,2,18.18181818
2,3,2,8300,40,1,2,1,2,3,2,3,4150
550,1,2,10000,24,1,1,2,1,1,2,12,18.18181818
2200,3,3,35000,56,1,2,2,1,2,2,4,15.90909091
800,2,2,13000,24,4,2,1,1,5,3,3,16.25
750,2,2,11000,123,1,1,3,1,4,3,5,14.66666667
1000,3,3,17000,24,1,1,1,3,2,1,4,17
800,2,2,11000,24,1,1,1,1,3,1,3,13.75
2700,4,4,65000,40,1,1,2,1,1,3,3,24.07407407
900,2,3,17000,126,2,2,2,1,3,3,4,18.88888889
750,2,2,14000,24,2,2,2,3,1,2,3,18.66666667
1100,3,3,19000,24,3,2,2,2,1,3,3,17.27272727
1100,2,2,14000,24,4,1,2,1,2,3,1,12.72727273
700,2,2,18000,123,3,3,2,1,3,1,3,25.71428571
750,2,2,11000,24,5,1,2,1,2,3,3,14.66666667
1200,2,3,10000,123,1,2,1,1,2,2,4,8.333333333
1400,2,2,16500,123,1,3,1,1,3,2,1,11.78571429
850,2,3,13000,24,1,1,2,3,2,1,4,15.29411765
900,3,3,12000,24,1,1,2,3,4,2,3,13.33333333
1120,2,2,13000,51,1,1,2,2,3,2,4,11.60714286
1017,3,3,15500,123,1,1,2,1,1,2,3,15.24090462
1500,4,4,28000,170,1,1,1,1,3,2,3,18.66666667
1800,4,4,20000,24,1,4,2,3,3,1,1,11.11111111
1100,3,3,17000,123,5,1,2,5,2,1,4,15.45454545
2300,4,3,26000,14,1,1,1,4,1,1,3,11.30434783
650,2,3,12000,123,1,1,2,5,1,1,4,18.46153846
500,1,1,9000,24,1,1,2,1,3,1,4,18
550,1,2,15000,123,1,2,3,1,3,3,5,27.27272727
2200,3,3,65000,31,1,2,3,1,4,3,2,29.54545455
1000,2,2,11500,170,1,1,3,2,3,3,4,11.5
500,1,2,15000,170,1,1,1,1,2,3,3,30
600,2,2,16000,123,1,2,1,1,3,3,3,26.66666667
1050,2,3,24000,162,1,2,1,3,3,3,4,22.85714286
400,1,1,8000,101,1,4,2,1,1,2,4,20
850,2,2,11500,34,1,1,2,2,1,1,3,13.52941176
1200,2,2,13000,34,1,2,1,1,4,2,3,10.83333333
750,2,2,17000,101,1,1,3,1,3,2,3,22.66666667
1100,2,2,20000,101,1,1,3,2,3,3,3,18.18181818
1100,2,2,20000,101,5,2,1,1,1,3,1,18.18181818
800,2,2,16000,34,1,2,1,1,4,2,3,20
1455,3,3,33000,170,1,2,2,2,2,3,1,22.68041237
800,2,2,14000,123,1,4,2,1,3,1,7,17.5
1400,2,2,50000,57,1,3,1,1,1,2,3,35.71428571
600,2,2,15500,162,1,4,1,1,1,1,13,25.83333333
2110,3,4,60000,61,1,2,2,1,3,3,4,28.43601896
700,2,2,14000,94,2,1,2,1,5,3,2,20
1000,3,3,20000,123,3,1,2,1,1,3,12,20
800,1,2,16000,145,1,2,1,2,4,1,3,20
500,1,1,11000,123,1,1,2,5,4,2,4,22
1250,3,3,24000,61,1,1,3,1,5,3,3,19.2
2000,3,3,50000,61,4,1,1,1,3,3,3,25
1725,3,3,40000,123,1,2,2,1,2,3,2,23.1884058
1041,3,3,23000,123,1,2,1,1,2,3,3,22.09414025
750,2,2,15000,123,1,1,1,2,1,3,4,20
932,2,2,11000,118,1,1,2,1,2,3,4,11.80257511
1200,2,2,13000,118,1,2,3,2,5,2,5,10.83333333
950,2,2,15000,123,1,2,2,2,2,3,4,15.78947368
730,2,2,15000,123,3,2,2,2,2,3,4,20.54794521
850,2,3,16000,123,1,1,2,2,1,3,4,18.82352941
1300,3,3,26000,123,1,1,1,2,4,3,2,20
1215,3,3,17000,34,2,2,2,1,3,3,4,13.99176955
400,1,1,7500,162,1,3,2,1,5,3,4,18.75
1800,3,3,30000,61,1,2,2,2,4,3,4,16.66666667
1100,2,3,15000,123,1,2,2,3,2,2,4,13.63636364
1200,3,3,12000,51,5,1,1,2,3,3,3,10
1400,3,3,35000,61,1,2,2,1,4,2,16,25
1285,2,3,16000,162,1,2,2,1,2,3,5,12.45136187
500,1,1,6000,162,1,2,1,2,5,2,3,12
1200,3,3,32000,61,1,3,2,2,3,1,3,26.66666667
780,2,2,18000,145,1,2,2,1,3,3,7,23.07692308
1200,3,3,16000,145,1,1,3,1,5,2,5,13.33333333
1150,3,3,20000,145,1,1,1,2,3,1,1,17.39130435
1300,3,3,25000,101,1,1,3,1,1,2,4,19.23076923
2800,4,4,65000,55,1,2,2,1,1,3,3,23.21428571
2600,3,4,70000,55,1,1,2,1,1,1,4,26.92307692
700,2,2,14000,123,1,2,2,2,3,3,4,20
1100,1,2,20000,123,2,2,2,1,1,3,3,18.18181818
1300,3,3,33000,112,4,2,2,2,2,2,5,25.38461538
2800,4,4,95000,55,1,2,1,1,3,3,4,33.92857143
2600,4,4,65000,55,1,2,3,1,4,3,15,25
1250,2,2,35000,55,1,2,2,1,1,3,1,28
700,2,2,5500,123,2,1,3,1,3,3,4,7.857142857
1000,3,2,20000,123,1,1,2,1,1,2,3,20
2500,4,4,50000,40,4,1,2,1,2,3,1,20
1640,3,3,42000,67,1,1,2,2,1,3,3,25.6097561
1350,3,2,17500,123,4,1,1,1,2,3,4,12.96296296
1640,3,3,45000,67,4,1,1,1,3,3,3,27.43902439
1200,2,3,25000,67,1,1,1,1,1,1,1,20.83333333
1365,3,3,28000,67,1,1,3,1,1,1,3,20.51282051
1365,3,3,28000,67,1,3,2,2,3,2,3,20.51282051
1200,3,3,32000,61,4,1,2,1,4,1,3,26.66666667
1300,3,3,27000,61,1,2,1,1,5,1,3,20.76923077
1650,3,3,15000,138,1,2,3,1,3,2,1,9.090909091
1600,3,3,35000,40,1,1,1,1,3,3,5,21.875
1650,3,3,30000,40,1,3,3,1,3,3,3,18.18181818
1375,3,3,27000,40,1,1,2,1,1,3,2,19.63636364
1600,3,3,55000,40,1,1,2,1,4,3,3,34.375
1100,2,2,21000,40,4,2,2,1,4,3,3,19.09090909
1450,3,3,18000,101,1,2,2,1,1,2,4,12.4137931
2500,5,4,70000,40,1,1,3,1,3,2,4,28
2000,3,3,21000,131,1,2,3,1,5,2,4,10.5
1300,3,3,35000,55,1,1,2,1,2,3,3,26.92307692
2600,4,4,70000,55,1,1,2,1,3,1,1,26.92307692
3000,4,4,100000,55,1,1,3,1,1,2,1,33.33333333
1400,3,3,35000,55,1,1,2,1,3,2,4,25
1250,3,3,32000,55,1,2,2,2,3,1,3,25.6
2600,4,4,70000,55,1,1,2,1,3,3,3,26.92307692
2600,4,4,70000,55,1,2,2,1,1,3,3,26.92307692
2700,4,4,70000,55,1,2,2,1,4,3,3,25.92592593
1250,3,3,35000,55,1,2,1,1,1,2,3,28
2640,5,4,75000,55,4,1,1,1,3,3,3,28.40909091
2600,4,4,65000,55,1,2,1,1,4,1,4,25
1200,3,3,20000,145,1,1,3,1,4,3,3,16.66666667
700,2,2,15000,145,1,3,2,1,3,1,4,21.42857143
1800,4,3,40000,40,1,3,3,2,2,1,4,22.22222222
2000,3,3,2000,40,2,1,3,1,4,3,4,1
1850,3,3,40000,40,1,1,1,1,1,2,4,21.62162162
1800,4,3,40000,40,1,2,2,1,3,3,14,22.22222222
1100,2,3,15000,145,2,1,1,2,4,2,3,13.63636364
1950,3,3,45000,40,1,1,2,1,2,2,3,23.07692308
1200,3,3,35000,40,1,2,1,1,3,3,5,29.16666667
1200,3,3,19000,145,1,4,2,1,1,3,2,15.83333333
2000,3,3,42000,40,1,2,1,1,5,3,3,21
1200,3,3,27500,40,1,1,2,1,3,3,4,22.91666667
1400,3,3,45000,40,1,1,2,2,2,3,12,32.14285714
1545,3,3,40000,40,4,1,2,1,4,3,3,25.88996764
2000,3,3,45000,40,1,2,1,1,5,1,2,22.5
1200,3,3,35000,40,1,3,2,1,1,3,4,29.16666667
1910,3,3,55000,40,1,2,1,1,1,3,1,28.79581152
1730,3,3,35000,40,1,2,2,1,4,3,5,20.23121387
1200,3,3,16000,123,1,2,3,1,4,3,3,13.33333333
1800,3,3,44000,40,1,1,2,1,3,1,4,24.44444444
1600,3,3,30000,61,4,1,2,1,1,3,1,18.75
1100,3,3,26000,40,1,1,2,1,4,3,3,23.63636364
750,1,2,16000,61,1,1,1,1,2,3,3,21.33333333
1600,3,3,30000,61,1,1,2,2,1,1,3,18.75
1300,3,3,35000,61,1,2,1,1,2,2,3,26.92307692
1585,3,3,38000,61,2,1,2,1,3,3,3,23.97476341
1420,3,3,35000,61,1,2,2,2,2,2,3,24.64788732
400,1,1,8000,61,1,1,2,1,5,3,2,20
1100,2,3,25000,61,1,2,2,2,2,3,4,22.72727273
1400,3,3,35000,61,1,1,2,1,3,3,3,25
1200,3,3,25000,61,2,2,1,2,4,3,3,20.83333333
850,2,2,16000,145,1,1,1,1,1,1,4,18.82352941
1620,3,3,45000,40,1,1,2,1,2,2,3,27.77777778
2150,3,3,45000,40,2,2,1,1,1,2,4,20.93023256
2400,3,3,55000,40,1,1,2,1,4,1,4,22.91666667
1800,3,3,40000,40,1,1,3,1,1,2,13,22.22222222
1250,3,3,55000,40,1,2,2,1,1,2,3,44
1400,3,3,55000,40,1,2,2,1,3,1,4,39.28571429
2100,3,3,55000,40,1,1,2,2,2,2,3,26.19047619
1200,3,3,36000,40,2,2,2,1,2,2,4,30
1500,3,3,32000,116,1,1,2,1,2,3,4,21.33333333
1400,3,3,17000,162,1,1,2,2,3,3,4,12.14285714
1250,3,3,27000,91,2,2,3,1,2,2,3,21.6
1800,3,3,40000,134,1,1,2,2,3,1,3,22.22222222
950,2,2,22000,61,1,1,1,3,1,2,3,23.15789474
800,2,2,9000,91,1,1,1,1,2,1,2,11.25
1400,3,3,28000,116,1,1,3,2,3,3,4,20
1100,2,2,26000,61,1,3,1,2,3,2,1,23.63636364
2500,3,3,50000,134,2,1,2,1,2,1,3,20
1700,3,3,35000,91,1,3,3,1,3,2,3,20.58823529
1195,2,2,22000,116,3,2,3,1,3,2,3,18.41004184
800,2,2,18000,139,1,2,3,1,1,3,4,22.5
1100,2,1,28000,91,1,2,1,1,1,2,3,25.45454545
1150,3,3,28000,139,5,2,1,1,3,2,4,24.34782609
1300,3,3,16000,61,1,2,1,2,4,2,1,12.30769231
1150,3,3,25000,139,4,2,2,1,1,2,3,21.73913043
1200,3,3,25000,91,1,1,3,2,2,1,4,20.83333333
900,2,2,16000,61,2,2,2,2,5,3,3,17.77777778
1400,3,3,22000,61,1,2,2,2,4,2,3,15.71428571
1100,2,3,22000,170,1,1,3,1,3,2,3,20
2150,4,4,30000,56,1,1,2,1,4,1,3,13.95348837
2350,4,4,60000,61,1,2,1,1,2,3,3,25.53191489
1100,3,3,18000,56,1,1,1,1,1,1,14,16.36363636
2400,3,3,35000,56,4,2,1,1,4,3,3,14.58333333
2200,4,4,30000,56,4,1,2,1,2,3,2,13.63636364
2200,3,3,32000,56,1,2,2,1,1,2,2,14.54545455
2200,3,3,30000,56,1,1,2,1,1,3,4,13.63636364
2200,4,4,35000,56,1,1,3,1,2,1,3,15.90909091
2315,4,4,32000,56,1,2,1,1,1,1,4,13.82289417
1500,3,4,46000,61,1,1,1,1,2,2,2,30.66666667
1450,3,3,30000,61,2,2,2,1,3,1,3,20.68965517
2400,4,4,30000,56,5,2,3,1,3,2,3,12.5
2100,4,4,30400,56,1,1,2,2,3,3,3,14.47619048
900,2,3,22000,61,1,1,1,1,3,2,4,24.44444444
3000,6,5,50000,61,1,2,3,2,4,1,3,16.66666667
750,1,2,18000,61,1,2,3,2,2,3,4,24
720,2,2,17000,61,1,1,2,1,1,2,3,23.61111111
900,2,3,18000,61,1,1,3,1,3,2,3,20
1100,2,3,20000,61,1,1,3,3,1,3,4,18.18181818
1250,2,3,28000,61,1,1,3,3,1,3,4,22.4
850,2,2,20000,123,1,1,2,1,2,2,4,23.52941176
2500,3,3,150000,31,1,1,2,1,2,3,5,60
2000,3,3,350000,31,5,2,2,4,1,2,4,175
1000,3,3,20000,56,2,1,3,1,3,2,4,20
1500,3,3,22000,61,1,1,2,1,2,2,4,14.66666667
3500,4,4,50000,61,1,1,2,1,2,1,14,14.28571429
450,1,2,12000,145,1,2,2,1,4,3,2,26.66666667
2800,4,4,100000,75,2,1,2,2,3,3,3,35.71428571
2300,2,3,130000,31,1,2,2,3,3,3,4,56.52173913
2470,2,4,65000,31,1,2,2,2,3,3,3,26.31578947
2200,4,3,40000,56,1,2,2,3,2,2,13,18.18181818
2400,3,3,45000,56,1,2,1,1,3,2,5,18.75
2200,4,3,35000,56,1,1,2,1,1,3,3,15.90909091
2300,4,4,40000,56,1,1,2,1,2,3,5,17.39130435
600,1,2,12000,145,1,2,3,1,3,1,12,20
2300,3,3,33000,56,1,2,3,1,1,3,3,14.34782609
2200,4,4,40000,56,1,2,3,1,5,2,11,18.18181818
2200,4,4,40000,56,1,1,2,1,1,1,4,18.18181818
2200,3,3,35000,56,1,2,2,3,3,3,4,15.90909091
2390,4,4,40000,56,5,3,2,1,2,1,4,16.73640167
580,2,2,7000,86,2,2,3,1,4,1,3,12.06896552
900,2,2,15000,123,5,2,2,1,4,2,4,16.66666667
1025,3,4,17000,123,1,1,1,1,1,1,4,16.58536585
950,2,2,15000,123,1,1,3,3,3,1,4,15.78947368
1370,3,3,20000,123,1,1,2,1,1,3,4,14.59854015
900,1,2,13500,123,1,2,3,1,2,3,3,15
550,2,2,18000,123,4,1,3,2,3,2,4,32.72727273
1000,2,2,16500,14,1,1,2,1,2,3,4,16.5
2200,3,3,30000,123,1,1,3,4,5,3,3,13.63636364
500,1,2,7500,123,4,1,2,1,2,1,3,15
750,2,3,18000,123,1,1,3,1,3,3,4,24
700,1,1,18000,123,1,1,1,1,5,3,4,25.71428571
1200,2,3,19000,123,3,1,2,1,3,3,12,15.83333333
900,2,2,22000,61,1,2,1,1,2,3,1,24.44444444
800,2,2,14000,123,1,1,1,1,3,3,3,17.5
1700,3,3,23000,123,4,2,1,1,3,1,3,13.52941176
800,2,2,18000,123,1,2,2,1,1,3,3,22.5
950,2,3,15000,123,1,2,1,5,1,1,8,15.78947368
1080,3,3,21000,123,1,2,1,3,4,3,3,19.44444444
350,1,1,7000,123,1,2,2,1,3,3,4,20
950,2,2,25000,67,1,2,1,1,3,2,1,26.31578947
1600,3,4,50000,162,1,1,3,1,3,2,14,31.25
700,1,2,12000,123,1,1,2,1,4,2,3,17.14285714
1400,3,3,17000,123,1,2,3,2,3,2,3,12.14285714
2000,4,3,40000,40,1,1,1,1,1,3,5,20
1165,3,3,25000,67,1,2,2,1,3,3,4,21.45922747
850,2,2,14500,61,1,2,2,1,1,2,4,17.05882353
1300,3,3,24000,61,1,1,1,2,2,1,3,18.46153846
950,2,2,24000,67,1,1,1,1,3,3,4,25.26315789
1750,3,3,48000,67,1,1,2,1,1,2,3,27.42857143
800,1,2,15000,61,4,1,1,2,3,3,3,18.75
1000,2,3,30000,67,1,1,2,1,4,1,3,30
950,2,2,24000,67,1,2,2,1,4,1,3,25.26315789
1100,2,2,23000,67,1,2,3,1,3,2,4,20.90909091
950,2,2,17000,67,1,2,2,2,2,1,3,17.89473684
1300,3,3,30000,67,2,1,1,1,2,3,3,23.07692308
1352,3,3,26000,67,4,2,2,2,2,2,4,19.23076923
916,2,2,17000,123,1,2,3,2,3,2,4,18.55895197
1150,3,3,30000,61,1,1,2,1,4,3,5,26.08695652
1200,3,3,38000,92,1,1,2,1,3,3,4,31.66666667
800,2,2,14000,123,1,2,2,1,4,1,13,17.5
1350,3,3,24000,123,1,2,2,3,3,2,4,17.77777778
1400,3,3,25000,123,4,1,1,1,1,3,4,17.85714286
1550,3,3,30000,40,1,3,2,1,2,1,2,19.35483871
1350,3,3,22000,123,2,1,3,2,3,3,4,16.2962963
1000,3,3,18000,123,1,2,2,1,1,2,4,18
1150,2,3,20500,123,2,2,1,1,6,1,2,17.82608696
900,2,2,14000,123,1,2,2,2,2,2,3,15.55555556
1260,3,3,25000,123,1,2,2,1,1,3,1,19.84126984
650,1,2,10000,123,1,2,2,1,1,1,3,15.38461538
1400,3,3,20000,123,1,1,2,1,1,3,4,14.28571429
1425,3,3,20000,123,1,1,3,1,3,3,5,14.03508772
800,1,2,10000,123,1,2,1,1,3,3,3,12.5
1650,3,3,25000,123,1,1,2,1,2,3,4,15.15151515
800,2,2,15500,123,1,1,3,1,2,3,3,19.375
800,2,2,15000,123,5,1,2,1,2,1,3,18.75
1050,3,3,18000,123,1,2,2,2,1,2,3,17.14285714
1100,3,2,15000,123,1,1,1,1,3,3,3,13.63636364
1500,4,3,23000,123,1,1,1,1,2,1,3,15.33333333
950,2,3,18000,123,2,1,1,1,3,3,3,18.94736842
700,2,2,20000,123,1,2,3,3,2,2,14,28.57142857
800,2,2,14000,123,1,1,1,1,4,1,4,17.5
720,2,2,16000,123,1,2,2,2,2,3,3,22.22222222
1200,2,3,17000,123,1,2,3,2,3,3,3,14.16666667
1100,3,3,23000,123,1,1,3,1,3,2,2,20.90909091
810,2,2,15000,123,4,1,2,1,1,3,4,18.51851852
1200,2,3,20000,123,5,1,1,1,4,3,4,16.66666667
1470,3,3,23000,123,1,1,3,1,4,3,4,15.6462585
950,2,2,16000,123,1,2,2,3,3,3,14,16.84210526
850,2,2,20000,112,2,1,3,1,5,3,4,23.52941176
1960,3,3,55000,61,1,1,1,1,3,1,3,28.06122449
650,1,2,13000,123,1,1,2,2,1,2,4,20
950,2,2,22000,61,2,2,2,1,1,3,3,23.15789474
600,1,2,10000,123,1,2,1,2,3,2,3,16.66666667
1100,2,2,22000,119,1,1,2,1,4,2,3,20
2600,3,3,90000,31,1,2,2,1,4,3,4,34.61538462
800,2,2,12500,123,1,1,1,1,4,3,3,15.625
800,2,2,14000,123,1,2,1,2,4,3,1,17.5
800,2,2,13000,123,5,1,3,1,3,2,14,16.25
650,2,2,14000,123,1,1,2,2,3,2,3,21.53846154
700,2,2,16000,123,1,1,3,2,1,3,4,22.85714286
1600,3,3,25000,123,1,3,1,1,4,1,4,15.625
1365,2,2,20000,123,2,1,2,1,2,3,1,14.65201465
1020,3,3,22000,123,1,1,1,1,1,2,4,21.56862745
650,1,2,13000,123,1,2,1,1,4,3,3,20
900,2,2,16000,123,4,1,2,1,5,3,3,17.77777778
450,1,1,10000,123,1,1,3,1,1,3,3,22.22222222
1250,3,3,18000,123,4,3,1,3,4,1,2,14.4
1013,3,3,23000,123,1,2,3,1,3,3,3,22.70483712
1150,2,2,17000,123,1,1,1,1,5,3,3,14.7826087
850,2,2,17000,123,1,1,3,3,2,2,3,20
800,2,2,15000,123,1,3,2,1,5,1,3,18.75
750,2,2,15500,123,1,1,2,1,2,3,5,20.66666667
750,2,2,12500,123,2,1,2,1,3,3,3,16.66666667
1250,3,3,22000,123,1,1,1,1,3,1,4,17.6
2250,3,3,60000,123,1,1,2,1,1,2,4,26.66666667
750,2,2,10000,123,1,1,2,1,4,2,4,13.33333333
1100,2,3,22000,123,1,1,2,1,1,2,3,20
900,2,2,20000,123,1,1,2,1,3,2,5,22.22222222
750,1,2,10000,123,5,2,2,2,4,2,3,13.33333333
750,2,2,14000,123,1,1,1,1,3,3,4,18.66666667
800,2,2,16500,123,1,2,1,1,5,2,1,20.625
1100,3,3,22500,123,4,1,1,2,2,3,3,20.45454545
900,2,2,18000,123,1,1,2,2,3,3,4,20
1050,2,3,19000,123,1,1,2,1,3,3,4,18.0952381
750,2,2,13000,123,1,1,2,1,5,2,2,17.33333333
650,1,2,10000,123,1,1,2,2,1,2,14,15.38461538
950,2,2,15000,123,1,1,3,1,4,3,4,15.78947368
950,3,3,25000,123,1,1,2,1,3,1,5,26.31578947
800,1,2,13000,123,1,1,3,2,4,3,4,16.25
650,2,2,15000,123,1,3,1,3,5,2,4,23.07692308
800,2,2,17000,123,1,1,2,1,4,3,3,21.25
850,2,2,16500,123,1,2,2,1,3,3,7,19.41176471
1050,2,3,25000,123,2,2,2,1,4,3,6,23.80952381
650,2,2,15000,123,1,2,2,1,3,1,5,23.07692308
850,2,2,13500,123,1,1,3,1,3,3,3,15.88235294
2100,3,4,33000,56,1,1,2,1,1,2,3,15.71428571
800,2,2,16000,123,1,2,2,2,1,1,3,20
450,1,1,12000,123,1,1,2,1,3,2,4,26.66666667
750,2,2,20000,123,1,1,2,1,2,1,3,26.66666667
750,2,2,16000,123,1,2,1,1,1,1,3,21.33333333
750,2,2,14000,123,1,2,3,1,3,1,3,18.66666667
730,2,2,20000,123,1,2,1,1,4,3,3,27.39726027
1100,2,3,20000,123,2,1,2,1,3,3,4,18.18181818
750,1,1,16000,123,1,1,2,2,4,3,4,21.33333333
700,2,2,15000,123,1,2,2,1,1,3,13,21.42857143
350,1,1,12000,123,1,2,2,1,2,3,3,34.28571429
1200,3,3,22000,123,1,1,3,2,2,4,4,18.33333333
600,1,2,8000,123,1,1,1,1,1,3,3,13.33333333
600,2,2,16000,123,1,3,3,1,1,2,1,26.66666667
1700,3,1,45000,123,1,2,1,2,3,3,5,26.47058824
700,2,2,17000,123,1,2,3,1,1,2,4,24.28571429
750,1,2,11000,123,1,1,1,2,3,3,3,14.66666667
950,3,3,18500,123,1,2,1,1,3,2,3,19.47368421
1100,3,3,18500,123,2,1,2,2,2,1,3,16.81818182
700,2,2,16300,123,1,1,2,2,1,2,14,23.28571429
1100,3,3,24000,123,1,1,1,1,3,3,5,21.81818182
1200,2,3,36000,123,2,4,1,1,3,2,3,30
1200,2,3,36000,123,1,1,1,1,1,3,1,30
650,1,2,14000,123,1,1,3,1,3,3,3,21.53846154
1300,3,3,35000,123,1,2,2,2,2,3,1,26.92307692
1000,2,2,18000,123,1,1,1,2,5,3,3,18
700,1,2,13000,123,1,2,2,1,5,3,2,18.57142857
650,2,2,8500,123,1,1,2,1,3,3,3,13.07692308
900,2,2,12000,24,1,2,3,1,4,2,4,13.33333333
750,1,2,13000,123,1,2,3,2,1,3,1,17.33333333
700,2,2,14000,61,2,2,2,1,2,3,4,20
1000,2,3,19000,61,2,1,3,1,3,1,2,19
600,1,1,16000,61,1,1,2,1,1,1,4,26.66666667
700,1,2,10000,61,4,2,1,1,4,3,4,14.28571429
650,1,2,14000,120,1,1,2,2,2,2,4,21.53846154
1750,3,3,40000,123,1,3,2,3,1,3,4,22.85714286
800,2,2,18000,123,1,2,2,1,5,2,2,22.5
1000,2,3,50000,123,4,1,2,4,1,2,4,50
1620,3,3,40000,61,1,1,1,1,3,2,3,24.69135802
750,2,2,20000,123,3,1,2,1,3,2,4,26.66666667
400,2,1,6500,123,1,1,3,1,5,1,4,16.25
1250,3,3,35000,134,1,1,2,1,2,3,4,28
1700,3,3,40000,123,1,2,2,1,3,3,4,23.52941176
850,2,2,14000,61,1,1,2,1,3,3,4,16.47058824
1815,3,3,40000,134,1,2,2,2,4,3,3,22.03856749
650,1,2,15000,61,5,2,3,1,2,2,3,23.07692308
1010,3,4,60000,61,4,2,2,1,1,2,5,59.40594059
780,2,2,16000,123,5,1,1,1,2,3,3,20.51282051
1350,3,3,35000,123,1,1,2,2,1,3,3,25.92592593
1320,2,3,31000,61,1,2,3,2,4,3,3,23.48484848
550,1,2,11000,123,1,1,3,1,4,3,3,20
750,2,2,18000,123,1,1,2,1,2,2,3,24
1520,3,3,42000,134,1,1,2,2,3,1,3,27.63157895
750,1,2,13000,61,1,1,1,1,4,3,5,17.33333333
750,2,2,18000,123,4,1,1,1,2,1,1,24
650,2,2,27000,123,1,2,2,1,3,2,3,41.53846154
1000,3,2,15000,61,4,1,2,1,5,3,3,15
700,1,2,13500,61,1,1,2,3,4,3,4,19.28571429
1400,3,3,30000,61,1,2,2,1,3,1,14,21.42857143
1050,3,2,15000,61,1,2,3,1,4,1,14,14.28571429
800,2,3,16000,123,1,3,2,1,4,3,14,20
1475,3,3,35000,120,2,2,1,1,2,3,3,23.72881356
1660,3,3,40000,112,2,1,1,1,1,3,3,24.09638554
750,1,2,14000,120,1,1,3,1,2,2,1,18.66666667
2000,4,4,40000,112,1,1,2,1,2,1,1,20
1500,2,3,60000,112,5,2,2,1,2,2,4,40
1475,3,4,35000,120,2,2,3,4,3,2,3,23.72881356
350,1,1,7000,120,1,2,1,1,4,3,1,20
1950,3,3,55000,134,1,2,2,1,5,3,4,28.20512821
700,2,2,16000,120,1,2,2,1,5,2,3,22.85714286
700,1,2,19000,120,4,2,2,2,1,3,3,27.14285714
750,1,2,17000,120,1,1,2,2,1,1,1,22.66666667
4300,4,3,35000,56,1,2,3,1,3,3,4,8.139534884
750,1,2,13000,120,1,1,1,1,3,3,4,17.33333333
650,1,2,12000,120,1,2,1,1,1,3,3,18.46153846
800,2,2,20000,120,1,1,2,5,5,3,3,25
1450,3,3,32000,134,1,2,2,1,3,3,1,22.06896552
1450,3,3,32000,134,4,2,2,1,4,3,13,22.06896552
2000,3,3,40000,134,5,1,1,1,1,3,5,20
1900,3,3,40000,134,1,1,1,5,2,3,3,21.05263158
1600,2,1,35000,134,1,2,1,1,2,3,4,21.875
600,2,2,15000,145,1,1,3,1,3,3,3,25
600,1,2,10000,145,1,1,3,1,3,2,3,16.66666667
950,2,3,18000,145,1,2,3,1,6,2,4,18.94736842
2200,3,3,55000,112,1,2,3,1,1,1,4,25
1275,3,3,23000,145,1,2,2,1,1,3,3,18.03921569
700,2,2,11500,145,1,1,2,1,2,3,3,16.42857143
150,2,3,18000,145,1,1,1,1,3,1,3,120
950,2,3,18000,145,1,1,1,1,4,1,3,18.94736842
1500,3,3,22000,145,4,1,1,2,3,3,3,14.66666667
1000,3,3,15000,145,4,1,1,1,3,3,4,15
600,2,2,12000,145,2,1,2,1,2,2,2,20
750,3,3,16000,145,2,4,2,5,3,4,5,21.33333333
2000,3,3,70000,61,2,1,3,1,3,3,4,35
1500,3,3,35000,61,1,3,3,1,1,3,3,23.33333333
2018,4,3,50000,61,1,2,3,3,1,3,3,24.77700694
2100,3,3,50000,123,1,1,1,1,1,3,3,23.80952381
750,1,2,19000,123,4,1,2,1,2,1,4,25.33333333
1300,3,3,35000,61,1,1,2,1,3,3,3,26.92307692
1600,4,3,55000,61,1,1,2,1,1,3,4,34.375
1400,3,3,30000,145,1,2,3,1,1,3,4,21.42857143
300,1,1,9000,24,5,1,2,1,4,3,6,30
550,1,2,11500,145,1,1,2,5,3,1,4,20.90909091
1400,4,3,30000,145,1,2,2,1,1,1,4,21.42857143
1800,3,3,100000,22,5,2,2,1,3,3,3,55.55555556
800,1,2,16500,145,1,2,3,1,1,3,3,20.625
1150,2,3,22000,24,1,2,1,2,1,1,3,19.13043478
1050,2,2,16000,145,1,2,2,1,3,3,3,15.23809524
1150,2,3,22000,24,3,1,1,1,3,3,3,19.13043478
1350,3,4,22000,90,1,1,1,1,1,3,3,16.2962963
1100,3,3,25000,112,1,2,1,1,3,3,3,22.72727273
1050,3,3,18000,47,1,2,2,1,3,3,3,17.14285714
1750,3,3,40000,112,1,2,1,1,2,1,4,22.85714286
2850,4,4,80000,112,1,1,1,2,1,3,3,28.07017544
1515,3,3,45000,112,1,3,2,1,2,1,4,29.7029703
1150,3,3,30000,112,2,1,2,1,2,3,6,26.08695652
500,2,2,13000,145,1,2,2,2,2,3,4,26
1050,3,2,17000,145,1,1,2,1,1,2,4,16.19047619
1400,2,1,30000,145,1,1,2,2,4,1,3,21.42857143
2100,3,3,50000,112,1,2,2,1,4,3,3,23.80952381
1350,4,3,30000,145,1,3,1,1,2,3,4,22.22222222
1342,3,3,20000,145,1,2,1,1,4,2,14,14.90312966
1050,2,2,14000,145,1,2,1,1,3,2,17,13.33333333
400,2,2,13000,145,4,2,1,1,4,1,3,32.5
1400,3,3,20000,24,1,2,2,1,4,1,2,14.28571429
1050,2,2,14000,145,1,1,3,1,3,1,4,13.33333333
900,2,2,15000,145,4,1,2,1,1,2,4,16.66666667
1050,2,2,14000,145,1,1,2,1,4,3,1,13.33333333
900,2,2,14500,24,4,1,2,1,5,2,4,16.11111111
700,2,2,13000,145,1,2,3,1,2,3,4,18.57142857
1125,3,3,16000,24,1,1,2,1,2,3,3,14.22222222
900,2,2,14500,24,1,3,2,1,3,2,4,16.11111111
1145,3,3,15000,24,1,1,2,1,4,1,9,13.10043668
1100,2,3,18000,24,1,2,1,1,3,1,3,16.36363636
1100,3,3,14000,24,2,2,2,1,3,3,4,12.72727273
1125,3,3,15000,24,1,1,2,1,2,2,4,13.33333333
1580,3,4,23000,24,2,1,2,2,2,2,3,14.55696203
550,1,2,9000,24,1,1,2,1,1,2,3,16.36363636
450,1,2,11000,24,1,1,1,1,6,3,2,24.44444444
2000,3,5,32000,24,5,2,3,2,1,2,3,16
1580,3,4,23000,24,2,1,1,1,4,3,3,14.55696203
900,2,3,20000,24,1,1,2,1,3,3,4,22.22222222
1200,3,3,20000,24,1,2,1,1,2,2,3,16.66666667
1250,2,3,18000,24,5,2,2,2,3,2,4,14.4
1300,2,2,16000,24,1,2,2,1,3,2,4,12.30769231
1100,2,2,15000,24,1,1,2,1,3,3,4,13.63636364
1000,2,3,16000,145,1,1,2,1,4,1,6,16
1334,3,3,24000,145,4,1,2,1,2,3,3,17.9910045
700,1,2,13000,24,1,1,2,1,2,3,3,18.57142857
950,2,2,16000,24,4,1,2,3,2,3,3,16.84210526
1000,2,2,15000,24,1,1,1,1,4,3,3,15
600,2,3,14000,24,1,2,3,1,2,3,2,23.33333333
250,1,1,5000,145,1,1,2,1,4,3,3,20
500,2,2,12000,145,1,3,3,1,2,3,3,24
1300,3,3,23000,24,2,1,1,3,1,2,3,17.69230769
900,2,3,12000,145,1,1,2,1,1,3,4,13.33333333
500,1,2,14000,145,5,1,2,2,4,1,1,28
700,2,2,11000,145,2,1,3,1,2,1,4,15.71428571
1150,2,3,22000,145,4,1,2,1,4,3,3,19.13043478
700,2,2,15000,145,5,1,1,2,4,1,3,21.42857143
1100,3,3,17000,145,1,1,2,1,3,3,3,15.45454545
1000,2,3,21000,145,1,1,2,3,5,2,4,21
1000,2,2,25000,24,4,2,2,1,1,2,2,25
700,1,2,12000,24,1,2,2,1,1,1,3,17.14285714
1050,2,3,17000,24,1,1,3,2,4,1,4,16.19047619
700,1,2,12000,24,1,1,3,1,3,1,4,17.14285714
800,1,2,14000,24,1,2,2,1,1,3,4,17.5
700,1,2,12000,24,1,2,2,1,3,2,3,17.14285714
1070,2,3,18000,24,1,1,2,2,4,1,3,16.82242991
1050,2,3,16000,24,1,2,2,4,4,2,3,15.23809524
1050,3,3,16000,24,1,1,2,2,1,2,14,15.23809524
1050,3,3,16000,24,1,1,3,1,3,1,2,15.23809524
1050,3,3,16000,24,1,1,1,2,2,3,13,15.23809524
1050,2,3,14000,24,1,1,1,1,4,3,4,13.33333333
1100,3,3,22000,24,1,1,1,1,3,3,3,20
750,2,2,14000,24,1,1,1,1,5,3,3,18.66666667
400,1,2,10000,24,1,1,1,1,3,3,3,25
650,1,2,12500,24,1,2,1,1,2,1,4,19.23076923
1500,3,3,27000,24,1,2,2,1,4,2,3,18
600,1,2,10000,24,2,1,2,1,4,1,3,16.66666667
1400,3,4,32000,24,1,2,1,1,1,3,3,22.85714286
1100,2,2,16000,145,1,2,2,2,5,1,1,14.54545455
200,2,1,5500,145,1,3,3,1,1,2,4,27.5
1275,3,3,25000,145,5,1,1,1,4,3,1,19.60784314
1000,3,3,18000,145,1,2,2,1,2,3,3,18
1300,3,3,20000,145,4,2,1,1,2,3,4,15.38461538
1260,2,2,20000,145,1,2,3,1,3,3,3,15.87301587
1050,3,3,25000,145,1,1,2,1,3,3,3,23.80952381
1196,2,3,18000,145,1,3,2,1,2,3,1,15.05016722
300,1,2,9000,145,1,2,1,1,3,1,3,30
600,2,2,8500,145,1,2,1,1,1,3,3,14.16666667
1150,2,2,12000,145,1,2,2,1,4,1,3,10.43478261
400,2,2,16000,145,1,1,1,2,1,3,3,40
1600,2,3,21000,123,1,1,1,1,3,3,3,13.125
1050,2,2,16000,145,1,1,2,1,1,2,3,15.23809524
1400,3,3,20000,145,1,1,2,1,2,3,1,14.28571429
1200,3,3,15000,145,1,1,3,1,3,3,3,12.5
1000,2,3,13500,145,1,2,2,1,4,3,2,13.5
2200,3,3,35000,56,4,1,2,1,3,3,5,15.90909091
1200,3,3,15000,145,2,2,1,1,3,3,3,12.5
700,2,2,12000,145,1,2,1,1,2,3,3,17.14285714
1400,3,3,33000,134,1,1,2,1,5,3,5,23.57142857
1050,2,2,17000,145,3,1,2,1,4,3,4,16.19047619
2600,3,3,55000,134,1,1,2,1,4,3,5,21.15384615
1700,3,3,35000,134,1,2,1,1,1,3,3,20.58823529
2600,4,4,100000,57,1,2,2,1,2,2,2,38.46153846
1800,3,3,38000,134,1,2,1,1,4,2,1,21.11111111
1000,2,3,35000,54,1,3,1,1,3,1,3,35
1700,3,3,45000,61,3,1,2,1,4,3,3,26.47058824
3000,3,3,120000,134,1,2,3,1,2,2,13,40
2600,3,4,120000,61,1,1,1,2,2,3,3,46.15384615
1725,3,3,45000,61,1,1,2,1,3,3,3,26.08695652
2100,2,1,55000,61,1,1,1,1,3,3,4,26.19047619
2550,3,3,40000,61,1,1,2,2,2,3,4,15.68627451
2450,4,3,70000,61,1,1,1,1,2,3,3,28.57142857
2550,4,3,80000,61,1,1,3,1,3,3,3,31.37254902
600,2,2,12000,145,1,1,3,1,3,3,3,20
2550,4,3,80000,61,1,1,3,3,1,2,3,31.37254902
3,1,1,10000,116,1,1,3,1,3,2,4,3333.333333
2100,4,3,50000,61,1,1,3,1,4,3,4,23.80952381
250,1,2,10000,31,2,3,2,1,2,1,13,40
2200,4,4,30000,56,1,1,1,1,3,3,3,13.63636364
2290,4,4,35000,56,1,2,2,1,4,3,3,15.28384279
1500,3,4,50000,134,1,1,1,1,2,3,4,33.33333333
2200,4,3,35000,56,4,2,1,1,1,3,3,15.90909091
2150,3,3,27000,56,1,1,1,1,5,3,3,12.55813953
2200,3,4,30000,56,1,1,1,1,1,3,3,13.63636364
2150,3,3,30000,56,1,1,2,1,5,3,3,13.95348837
2150,3,3,40000,56,1,1,2,1,3,3,3,18.60465116
800,2,2,17000,55,1,3,3,1,2,1,4,21.25
2200,3,3,33000,56,1,1,2,1,1,2,3,15
1170,3,3,20000,56,1,1,2,1,3,3,4,17.09401709
1500,3,3,32000,134,1,1,2,2,2,3,3,21.33333333
2100,4,4,35000,56,1,1,1,3,2,1,1,16.66666667
2000,4,4,30000,56,1,3,2,1,4,3,3,15
2200,4,4,35000,56,1,1,2,1,4,1,4,15.90909091
2100,3,4,35000,56,2,1,2,1,2,2,3,16.66666667
2435,4,5,65000,134,1,1,1,1,2,4,3,26.69404517
1400,3,3,28000,134,4,1,3,1,2,3,12,20
1400,3,3,28000,134,1,1,2,1,1,1,3,20
1400,6,2,35000,134,2,2,1,1,3,2,4,25
2200,3,3,33000,56,1,1,2,1,5,2,3,15
2200,4,4,40000,56,1,2,1,1,1,1,3,18.18181818
1036,4,3,32000,56,1,2,1,1,4,3,7,30.88803089
2200,4,4,40000,56,1,1,2,2,1,3,13,18.18181818
2200,2,3,30000,56,1,2,2,1,2,3,3,13.63636364
2200,3,3,30000,56,5,2,1,1,1,3,3,13.63636364
1300,3,3,16000,56,1,2,2,1,2,3,4,12.30769231
2540,4,5,100000,55,1,2,1,1,3,3,3,39.37007874
2200,4,4,35000,56,4,2,1,1,6,1,3,15.90909091
2350,2,4,40000,56,1,2,2,2,1,3,3,17.0212766
2000,5,5,35000,56,1,1,1,1,4,3,15,17.5
2200,4,4,35000,56,1,1,2,1,5,3,4,15.90909091
2200,4,4,30000,56,1,1,1,1,4,1,3,13.63636364
2200,4,3,30000,56,1,1,2,1,1,3,3,13.63636364
2250,4,4,30000,56,1,1,3,1,5,2,3,13.33333333
35000,4,4,35000,56,1,2,2,1,1,3,4,1
2200,4,4,32000,56,1,1,2,1,2,2,2,14.54545455
2150,3,3,30000,56,1,1,2,2,3,2,2,13.95348837
2200,4,4,30000,56,1,1,2,2,3,2,3,13.63636364
2200,4,4,35000,56,1,1,2,1,4,3,1,15.90909091
1400,3,3,65000,57,1,1,2,1,2,2,3,46.42857143
800,2,2,40000,57,1,4,3,1,1,3,4,50
2700,4,4,70000,55,1,1,2,1,4,2,3,25.92592593
2750,4,4,88000,57,1,1,1,1,5,2,3,32
2700,4,4,75000,57,1,2,1,1,4,3,4,27.77777778
1000,2,3,32000,57,1,1,2,1,3,1,3,32
1800,3,3,50000,57,1,1,3,2,3,3,3,27.77777778
2500,3,3,80000,57,1,2,3,1,5,3,4,32
2700,3,4,80000,57,1,3,2,1,4,2,4,29.62962963
2700,4,5,70000,55,1,1,1,1,4,2,4,25.92592593
1400,3,3,65000,57,2,1,2,1,1,2,4,46.42857143
2200,3,4,33000,56,1,2,3,1,1,3,5,15
650,1,1,18000,55,2,2,1,2,4,2,13,27.69230769
2700,5,4,150000,55,1,2,1,1,3,2,3,55.55555556
1300,3,3,40000,55,4,2,2,1,1,2,3,30.76923077
1300,3,3,35000,55,1,1,3,2,2,2,1,26.92307692
500,3,3,18000,55,1,1,1,1,2,1,4,36
2175,3,3,30000,56,5,1,2,1,3,3,2,13.79310345
1300,3,3,35000,55,1,1,1,1,2,3,3,26.92307692
2600,3,4,85000,57,5,1,1,1,2,3,1,32.69230769
2100,3,3,60000,31,1,1,2,2,3,3,4,28.57142857
2600,4,3,26000,55,1,2,1,4,1,3,3,10
2200,3,3,170000,31,2,1,2,1,3,3,4,77.27272727
1300,2,3,40000,55,1,2,1,3,2,2,3,30.76923077
1300,3,3,40000,55,1,2,1,1,3,1,3,30.76923077
2700,4,4,70000,55,1,1,3,2,3,2,1,25.92592593
1700,3,3,57000,55,3,2,3,1,5,2,4,33.52941176
2600,6,5,175000,55,5,2,1,2,3,1,2,67.30769231
1200,3,6,35000,55,1,2,3,1,2,3,4,29.16666667
2600,5,4,90000,55,1,2,3,1,3,2,5,34.61538462
2600,4,4,63000,55,1,2,2,1,1,3,16,24.23076923
400,1,1,8000,55,1,1,2,1,1,2,4,20
1330,3,3,400000,55,1,1,1,1,4,2,4,300.7518797
1400,2,3,42000,55,1,2,1,1,1,3,3,30
2200,2,2,60000,57,1,1,1,2,3,3,1,27.27272727
1350,3,3,50000,57,1,1,1,2,1,1,3,37.03703704
1450,3,3,36000,57,1,3,2,3,2,3,3,24.82758621
2600,4,4,100000,57,3,1,2,1,3,2,2,38.46153846
700,2,2,22000,57,4,3,2,1,3,1,4,31.42857143
1330,3,3,37000,55,1,1,2,1,1,2,13,27.81954887
2800,4,4,60000,55,1,2,2,2,4,4,4,21.42857143
2600,4,4,65000,31,1,1,2,1,1,2,3,25
1250,2,2,35000,55,1,2,2,1,1,1,2,28
1300,3,3,40000,55,1,2,2,2,1,3,3,30.76923077
1650,3,3,35000,55,1,1,2,1,4,2,5,21.21212121
1550,3,3,35000,55,1,2,1,1,4,2,1,22.58064516
1300,3,3,35000,55,1,1,2,2,2,3,3,26.92307692
1300,3,3,35000,55,2,2,1,1,3,4,2,26.92307692
1700,3,3,30000,55,1,2,2,3,2,3,2,17.64705882
2600,4,4,60000,55,1,1,2,1,2,2,4,23.07692308
2000,3,3,45000,55,2,1,2,1,3,3,5,22.5
1350,3,3,29000,55,1,1,3,1,1,2,4,21.48148148
1350,3,3,35000,55,1,2,1,2,1,3,2,25.92592593
1200,3,3,22000,55,1,2,2,1,4,3,4,18.33333333
1730,3,3,43000,112,1,3,3,2,3,3,1,24.85549133
2200,3,3,80000,31,1,1,1,1,3,2,4,36.36363636
1450,4,3,20000,101,1,2,2,1,3,3,3,13.79310345
1250,3,3,30000,31,4,2,1,1,4,3,4,24
2150,3,3,50000,31,2,1,2,1,1,2,4,23.25581395
800,2,2,18000,102,1,2,2,1,1,2,4,22.5
1370,3,3,20000,101,1,2,3,1,3,2,3,14.59854015
1000,2,2,16000,24,3,1,2,1,1,3,4,16
1100,2,2,16000,24,1,1,3,1,3,3,3,14.54545455
500,1,2,15000,55,1,3,2,1,3,3,4,30
1150,3,3,20000,24,4,2,2,1,4,2,3,17.39130435
1200,2,2,14000,135,1,1,3,1,3,3,12,11.66666667
800,2,2,24000,92,3,1,3,1,2,3,2,30
750,2,2,17000,102,1,2,2,1,5,3,3,22.66666667
1550,3,3,30000,55,4,1,1,2,5,1,3,19.35483871
2600,3,3,65000,55,1,1,1,1,2,2,4,25
800,2,2,18000,135,1,3,2,1,3,2,4,22.5
650,2,2,25000,55,1,1,2,3,4,3,3,38.46153846
1000,2,2,25000,55,1,2,1,1,4,3,5,25
1400,3,3,30000,55,1,1,3,1,3,2,4,21.42857143
2750,4,4,80000,55,3,1,2,1,4,2,3,29.09090909
1300,3,3,40000,55,1,1,2,1,3,3,3,30.76923077
1300,3,3,35000,55,1,1,1,1,2,2,3,26.92307692
1300,3,3,35000,55,1,2,2,1,1,2,3,26.92307692
1150,2,3,18000,118,1,1,2,1,2,3,5,15.65217391
850,2,2,11000,90,5,1,2,1,4,2,13,12.94117647
850,2,2,13000,118,1,1,2,1,5,3,13,15.29411765
1250,2,2,12000,118,1,3,2,2,1,3,4,9.6
1457,3,3,5800,118,1,2,3,1,4,2,3,3.98078243
1050,2,3,16000,118,4,1,1,2,1,3,4,15.23809524
200,2,1,9000,120,1,2,2,1,1,3,3,45
1425,3,3,21000,118,1,1,3,1,3,3,3,14.73684211
850,2,2,14000,118,1,1,2,1,2,3,3,16.47058824
650,2,2,13000,118,1,2,1,1,2,1,4,20
1300,3,4,4000,118,1,1,2,2,4,3,3,3.076923077
900,2,2,17000,101,4,2,1,1,1,2,3,18.88888889
1500,4,3,22000,118,1,1,1,1,4,1,3,14.66666667
750,2,2,12000,118,1,2,2,1,2,3,3,16
1750,3,3,23000,118,1,2,1,2,3,2,3,13.14285714
900,2,2,14000,101,1,2,3,1,4,2,2,15.55555556
1000,2,2,17000,101,1,2,2,1,4,1,3,17
1300,2,3,23000,101,2,1,2,1,4,3,3,17.69230769
800,2,2,14500,123,1,1,2,1,2,3,3,18.125
1000,2,2,21000,118,1,2,2,1,2,1,4,21
1350,3,3,40000,171,1,2,2,1,2,2,4,29.62962963
1000,2,2,14000,90,1,2,1,1,3,3,4,14
200,1,1,5000,171,1,1,2,1,1,3,4,25
1500,3,4,15000,118,1,1,2,1,1,3,3,10
1388,3,4,35000,171,3,1,2,2,4,2,3,25.21613833
800,3,3,20000,118,1,2,1,1,3,2,3,25
2250,4,3,50000,171,1,2,1,1,1,3,3,22.22222222
1200,3,3,34000,171,5,2,2,3,2,2,2,28.33333333
3000,4,5,112000,171,1,2,2,1,3,3,4,37.33333333
1150,3,3,18000,118,1,2,2,1,1,2,1,15.65217391
750,2,2,13000,101,1,1,1,2,1,2,3,17.33333333
850,2,2,12000,90,1,1,1,4,3,2,3,14.11764706
2250,3,3,80000,61,1,2,2,1,3,3,3,35.55555556
1000,3,3,17000,171,1,1,3,4,3,3,4,17
750,2,2,15000,101,1,1,3,1,3,3,3,20
1400,3,3,19000,118,1,2,2,1,4,2,3,13.57142857
1850,3,3,30000,118,2,1,1,1,2,3,3,16.21621622
950,3,3,18000,135,1,1,3,1,3,1,4,18.94736842
1800,3,3,150000,31,1,1,2,1,1,2,4,83.33333333
1000,2,3,29500,123,2,1,2,1,4,2,15,29.5
700,3,2,17500,123,1,2,2,1,5,3,4,25
1600,3,3,26000,123,1,1,3,1,1,1,4,16.25
650,1,2,16000,123,1,1,3,1,2,3,2,24.61538462
650,2,2,17500,123,1,1,2,1,4,3,2,26.92307692
1100,2,2,20000,123,1,1,1,2,4,2,4,18.18181818
600,2,2,12000,123,1,2,2,2,5,2,3,20
800,2,2,15000,90,1,1,2,1,1,3,3,18.75
1100,1,4,27000,118,1,1,2,3,3,3,5,24.54545455
600,2,2,11000,123,1,1,3,1,2,2,5,18.33333333
2250,4,4,25000,56,1,2,1,1,2,1,3,11.11111111
2200,3,3,40000,31,1,1,2,1,4,3,2,18.18181818
1500,2,2,14000,51,4,2,1,1,3,3,4,9.333333333
850,2,2,25000,92,1,2,2,2,3,3,3,29.41176471
1650,3,3,30000,61,1,1,1,1,3,2,3,18.18181818
950,2,2,14000,90,1,2,2,1,4,3,1,14.73684211
740,2,2,15000,90,3,1,1,1,3,1,3,20.27027027
2500,3,3,28000,31,2,1,1,1,2,3,4,11.2
1150,3,3,28500,123,1,2,3,1,3,3,1,24.7826087
1000,2,3,15000,61,1,2,3,2,4,3,3,15
1060,2,3,18000,61,1,1,1,1,1,3,4,16.98113208
750,2,2,14500,123,1,1,1,4,3,1,3,19.33333333
1500,3,3,18000,61,1,1,3,1,3,2,4,12
1250,3,3,20000,61,1,2,3,1,4,3,2,16
700,2,2,15000,61,1,2,1,2,2,3,3,21.42857143
1300,3,3,20000,61,1,1,3,1,4,2,3,15.38461538
700,2,2,13000,167,1,1,2,1,4,1,4,18.57142857
700,2,2,16000,110,1,4,3,1,3,3,14,22.85714286
400,2,2,6000,62,2,2,2,2,1,3,3,15
200,1,1,8000,118,1,2,3,1,4,1,3,40
600,2,2,9500,123,1,2,2,1,1,2,3,15.83333333
1400,3,2,13000,118,1,2,2,1,3,3,3,9.285714286
3000,3,4,700000,31,4,1,1,1,4,3,1,233.3333333
800,2,2,16500,123,1,2,2,1,2,1,4,20.625
700,2,2,13000,110,1,1,2,2,4,3,3,18.57142857
750,2,2,18000,123,4,1,3,1,5,2,3,24
1100,2,3,28000,123,1,1,2,1,3,2,1,25.45454545
700,2,2,14000,123,4,1,2,1,3,2,3,20
1200,2,3,26000,92,1,1,3,1,3,2,3,21.66666667
1390,3,3,35000,92,1,2,2,1,2,3,3,25.17985612
1350,3,3,28500,112,1,2,1,1,3,2,3,21.11111111
1749,3,3,36000,170,4,1,2,1,3,3,3,20.58319039
700,2,2,7500,62,1,1,3,3,2,2,4,10.71428571
300,1,1,6000,167,1,1,1,1,4,3,13,20
1400,3,3,27000,139,1,2,2,2,2,3,3,19.28571429
2600,3,3,100000,31,1,1,2,1,1,2,3,38.46153846
800,2,2,16000,123,1,2,1,1,3,3,3,20
1000,2,3,10000,43,1,2,1,1,1,3,3,10
850,2,2,23000,61,1,1,2,1,5,3,3,27.05882353
1450,3,3,22000,145,1,1,1,1,2,3,4,15.17241379
2000,3,3,45000,67,1,1,2,1,1,3,7,22.5
900,2,3,10000,146,1,1,2,1,4,1,15,11.11111111
1100,5,1,25000,101,1,1,2,2,2,1,3,22.72727273
400,1,1,7500,167,1,1,2,1,3,2,5,18.75
900,2,3,8500,146,1,2,1,1,2,3,1,9.444444444
600,1,2,6000,146,1,4,2,4,2,3,3,10
1200,3,3,25000,153,1,1,3,1,1,3,3,20.83333333
1200,2,3,15000,24,1,1,2,1,1,3,3,12.5
1100,3,3,26000,135,5,2,1,1,1,2,2,23.63636364
500,1,2,12000,135,3,1,2,1,4,1,4,24
800,2,2,16000,135,1,1,2,1,2,2,3,20
850,2,2,18000,135,1,1,1,1,3,1,3,21.17647059
2800,4,4,60000,135,3,2,2,1,1,3,3,21.42857143
1800,3,3,40000,135,1,1,1,1,5,2,3,22.22222222
1200,2,4,8000,33,1,1,2,1,1,2,3,6.666666667
830,2,2,17000,135,1,1,2,1,2,3,13,20.48192771
1450,3,3,26000,135,1,2,2,1,5,2,4,17.93103448
850,2,2,16000,135,1,1,2,2,2,3,3,18.82352941
1350,3,3,22000,135,1,1,1,1,3,3,3,16.2962963
870,2,2,15000,135,1,2,3,2,4,2,4,17.24137931
120,2,1,10000,135,1,1,1,1,3,3,3,83.33333333
1750,3,4,30000,135,1,1,3,1,4,3,3,17.14285714
700,1,2,20000,92,1,1,1,1,4,2,3,28.57142857
350,1,1,8500,135,3,1,1,1,3,2,3,24.28571429
1500,3,3,35000,92,2,2,2,1,2,3,3,23.33333333
960,2,2,28000,61,1,1,3,1,4,1,5,29.16666667
1200,2,3,24000,92,1,1,1,1,4,1,6,20
10,1,1,9000,61,1,1,1,1,4,1,1,900
600,1,2,16000,61,4,1,3,1,4,1,3,26.66666667
1800,3,5,50000,61,1,1,2,1,2,1,1,27.77777778
550,1,2,14100,123,1,1,2,1,4,2,4,25.63636364
550,1,2,17000,92,1,1,1,1,1,1,3,30.90909091
900,1,3,12000,123,1,1,2,1,3,1,4,13.33333333
850,2,2,12000,123,1,2,2,1,1,2,3,14.11764706
600,2,2,15000,123,1,1,2,3,5,3,3,25
400,1,1,9000,61,1,1,2,1,2,3,3,22.5
1250,3,3,24000,61,1,1,3,1,2,3,3,19.2
865,2,2,20000,135,1,1,1,1,2,2,3,23.12138728
1200,3,3,32000,92,1,2,3,1,3,3,4,26.66666667
2250,3,3,100000,31,1,2,1,1,2,3,3,44.44444444
650,1,2,15000,92,1,1,3,1,4,3,4,23.07692308
750,2,2,18000,135,1,1,2,2,3,3,1,24
1500,3,3,30000,135,1,1,2,1,4,3,16,20
650,2,2,9500,118,1,2,2,1,4,3,4,14.61538462
900,2,2,25000,92,1,1,2,2,2,3,2,27.77777778
1371,3,3,35000,92,1,3,1,2,3,3,3,25.52881109
750,2,2,15000,118,4,2,2,1,3,1,3,20
1200,3,3,21000,40,1,2,3,1,4,3,4,17.5
1000,2,3,30000,139,1,2,1,2,1,3,4,30
800,2,2,18000,61,1,1,3,1,2,3,2,22.5
1400,3,3,32000,119,1,1,1,1,1,2,3,22.85714286
1150,2,2,23000,56,1,1,2,1,3,3,3,20
2500,3,5,60000,119,1,2,1,2,3,2,1,24
2250,3,3,32000,56,1,1,3,1,3,2,3,14.22222222
1100,3,3,20000,119,4,2,2,1,1,3,3,18.18181818
2350,3,4,40000,56,1,4,1,1,4,3,3,17.0212766
800,2,2,10500,24,1,1,2,1,1,2,4,13.125
1300,3,3,20000,24,1,2,2,2,2,2,4,15.38461538
1900,3,4,50000,119,1,1,2,2,3,3,4,26.31578947
1800,3,3,30000,157,1,2,3,2,2,3,4,16.66666667
1180,2,3,15000,123,1,2,2,1,1,2,4,12.71186441
600,2,2,13500,118,1,1,2,4,1,2,1,22.5
1350,3,3,29000,92,1,2,3,1,1,2,4,21.48148148
900,2,2,15000,61,1,1,3,1,4,2,4,16.66666667
2280,3,3,100000,31,2,1,2,1,2,2,3,43.85964912
2200,3,3,75000,74,2,2,2,1,4,2,3,34.09090909
850,2,2,10000,24,1,1,2,2,1,3,3,11.76470588
1000,2,3,22000,92,2,1,1,2,4,2,3,22
800,2,2,11500,24,1,1,2,2,1,3,3,14.375
3000,3,4,70000,40,1,1,1,1,2,1,3,23.33333333
1300,3,3,16000,24,1,1,2,1,3,3,4,12.30769231
750,2,2,20000,92,1,1,3,1,3,2,3,26.66666667
800,2,2,7000,24,1,2,2,1,1,3,3,8.75
1250,3,3,24000,119,1,3,2,3,3,3,3,19.2
1170,3,3,20000,24,1,1,2,2,3,3,4,17.09401709
1400,2,3,14000,24,1,1,1,1,2,2,3,10
800,1,2,8500,24,1,2,1,3,2,1,8,10.625
4000,6,6,40000,24,1,3,2,1,5,3,3,10
700,2,2,11000,24,1,1,1,2,3,1,3,15.71428571
1300,3,3,20000,24,5,1,2,1,1,3,3,15.38461538
900,1,2,10000,24,2,2,1,1,2,1,5,11.11111111
1335,3,3,18000,24,1,2,3,3,2,3,3,13.48314607
1100,3,3,13000,24,1,2,2,1,4,2,3,11.81818182
850,2,2,12000,24,1,3,2,1,1,1,4,14.11764706
1000,2,2,12000,24,4,1,1,1,1,3,2,12
500,2,1,8500,119,2,2,2,1,2,2,5,17
1498,2,3,32000,67,1,1,2,1,2,2,3,21.36181575
1300,1,3,35000,119,4,2,2,1,4,3,4,26.92307692
600,3,3,7500,24,1,2,1,1,4,2,2,12.5
1950,4,3,50000,119,1,2,2,1,3,3,2,25.64102564
1990,2,3,40000,119,1,1,2,1,2,3,1,20.10050251
1730,4,3,45000,119,1,1,2,1,3,1,4,26.01156069
800,2,2,10000,24,3,2,1,1,5,2,4,12.5
1609,2,3,32000,112,1,2,2,5,3,3,13,19.88812927
1565,2,3,30000,119,1,1,2,1,1,3,3,19.16932907
2000,3,3,32000,119,1,1,3,1,4,1,3,16
800,2,2,12000,119,1,1,2,1,3,3,4,15
900,2,2,12000,167,1,2,1,1,2,2,3,13.33333333
1950,3,3,50000,119,1,3,2,1,1,3,4,25.64102564
1400,3,3,35000,112,2,2,2,1,4,3,4,25
1600,3,3,30000,119,1,2,1,1,2,3,3,18.75
1300,3,3,30000,119,5,2,2,1,4,1,3,23.07692308
900,1,2,16000,92,1,1,1,1,1,2,12,17.77777778
1750,3,3,40000,112,1,4,3,1,2,3,4,22.85714286
1750,3,3,40000,112,1,1,2,1,1,3,3,22.85714286
682,3,3,24000,92,1,2,2,1,4,3,4,35.19061584
1470,3,3,28000,116,3,3,2,1,1,2,3,19.04761905
2200,3,3,45000,56,1,1,2,1,3,1,4,20.45454545
2350,3,3,45000,56,1,1,2,1,2,2,4,19.14893617
1915,4,3,55000,119,1,1,2,1,1,3,3,28.72062663
1100,3,3,30000,139,1,1,3,1,4,2,4,27.27272727
2200,3,4,32000,56,1,1,1,1,2,3,4,14.54545455
700,2,2,16000,116,1,2,1,2,4,2,3,22.85714286
1336,2,3,16000,24,1,2,1,1,1,2,4,11.9760479
2200,4,4,30000,56,1,2,1,1,4,2,3,13.63636364
1305,3,3,25000,24,4,1,3,1,1,3,3,19.15708812
2200,3,4,35000,56,1,2,1,1,1,3,2,15.90909091
1000,2,3,4500000,24,1,2,2,1,2,2,4,4500
2200,4,3,30000,56,1,1,2,2,3,3,3,13.63636364
950,3,3,16000,24,1,2,3,1,3,3,3,16.84210526
750,2,2,10500,24,1,3,1,1,3,3,3,14
1200,2,3,11500,24,1,1,1,1,5,1,1,9.583333333
750,2,2,9500,24,1,2,1,2,1,2,4,12.66666667
1245,3,3,30000,61,1,3,3,1,1,2,3,24.09638554
950,2,2,11500,24,2,2,2,1,3,1,1,12.10526316
1400,2,3,18000,24,1,1,2,1,2,2,4,12.85714286
1200,3,3,16000,24,2,2,3,1,1,3,5,13.33333333
1000,2,2,18000,61,1,1,1,1,2,3,3,18
1300,3,3,25000,116,2,1,2,1,2,3,5,19.23076923
1390,3,3,35000,119,1,1,2,1,1,1,3,25.17985612
700,3,3,11000,67,1,2,2,1,5,3,11,15.71428571
1700,4,3,36000,92,1,2,1,2,2,3,3,21.17647059
2200,4,4,32000,56,1,1,2,1,3,1,3,14.54545455
800,3,3,40000,92,4,2,2,1,1,2,3,50
1250,3,3,27000,139,2,2,1,2,1,2,1,21.6
1150,3,3,30000,61,1,3,2,1,2,3,3,26.08695652
1000,2,2,12000,24,1,2,2,1,3,1,4,12
1300,2,2,9000,24,4,1,1,1,4,2,3,6.923076923
1720,4,3,35000,24,1,2,3,1,2,2,3,20.34883721
800,2,3,25000,61,1,3,2,2,1,3,4,31.25
950,3,3,16000,24,1,1,2,1,3,1,1,16.84210526
920,2,2,12000,118,1,2,2,1,3,2,3,13.04347826
900,2,2,11500,24,1,1,1,1,1,1,2,12.77777778
900,2,2,11500,24,1,1,2,1,1,2,2,12.77777778
1350,3,3,35000,119,1,1,1,1,4,3,3,25.92592593
1750,3,3,45000,61,4,2,1,1,3,1,3,25.71428571
400,1,2,8000,167,1,1,1,1,1,3,4,20
800,2,2,9000,55,4,2,2,1,2,2,3,11.25
800,2,2,12000,101,1,2,2,1,3,2,3,15
5,2,1,20000,92,1,2,3,1,4,2,3,4000
700,1,3,15000,167,1,1,1,1,2,3,4,21.42857143
1350,2,3,33000,55,5,1,1,1,1,1,4,24.44444444
800,2,3,19500,67,1,2,2,3,4,3,3,24.375
1150,3,3,22000,101,1,1,1,1,3,3,3,19.13043478
1300,3,3,55000,55,1,2,2,1,3,3,4,42.30769231
2250,5,4,30000,56,2,2,1,1,2,1,4,13.33333333
800,2,2,17000,67,3,1,1,1,3,3,4,21.25
1500,3,3,15000000,92,2,2,1,1,4,3,4,10000
1700,3,3,45000,92,1,1,2,1,2,3,1,26.47058824
1700,4,3,35000,92,1,1,1,1,2,3,3,20.58823529
2200,3,3,30000,56,1,1,3,1,3,3,4,13.63636364
2200,3,3,35000,56,1,1,2,1,2,2,1,15.90909091
1150,2,1,24000,56,1,1,2,1,4,3,3,20.86956522
800,1,2,10000,67,1,1,2,1,3,1,3,12.5
800,2,3,19500,67,2,1,2,1,1,3,4,24.375
750,2,2,19000,92,1,1,2,1,3,1,3,25.33333333
500,2,2,12000,123,2,1,2,1,4,2,3,24
1350,3,3,24000,118,1,1,1,1,3,1,4,17.77777778
600,2,2,3500,62,1,1,2,1,1,3,3,5.833333333
2000,3,3,55000,123,1,2,2,1,2,1,5,27.5
800,2,2,16000,123,2,1,1,1,4,3,4,20
700,2,2,12500,123,1,1,1,2,5,3,4,17.85714286
300,1,1,4000,62,4,1,1,1,4,2,3,13.33333333
1100,2,3,16000,24,1,1,1,1,1,2,3,14.54545455
1200,3,3,30000,92,1,1,2,1,3,3,3,25
720,2,2,21000,92,2,1,1,2,3,1,3,29.16666667
1300,3,3,30000,92,1,2,2,1,2,2,3,23.07692308
1200,3,3,25000,92,1,1,1,1,1,3,4,20.83333333
850,2,2,20000,92,1,1,1,1,2,3,4,23.52941176
1377,3,3,27000,14,1,1,2,1,2,1,4,19.60784314
1250,3,3,24000,92,1,1,2,1,3,3,3,19.2
1600,3,3,35000,92,1,2,1,4,4,1,4,21.875
1250,3,3,20000,24,1,2,1,2,2,2,14,16
2300,3,3,45000,92,1,3,2,2,1,2,4,19.56521739
3200,3,3,50000,24,4,1,1,1,3,1,4,15.625
1000,3,2,15500,24,1,1,2,1,3,3,4,15.5
500,1,2,13000,92,1,1,1,2,2,3,4,26
600,2,2,20000,92,4,1,1,1,3,2,3,33.33333333
700,2,2,18000,92,1,1,3,1,1,1,14,25.71428571
900,2,2,17000,92,4,1,1,1,2,3,4,18.88888889
1150,2,3,25000,118,1,1,2,2,2,3,4,21.73913043
800,2,2,7000,62,3,2,2,1,3,1,2,8.75
1500,4,3,27000,92,1,1,1,1,3,1,3,18
1000,2,2,26000,92,2,2,3,2,4,2,3,26
1500,3,3,32000,123,1,2,2,1,4,2,3,21.33333333
1000,2,2,15000,90,1,2,2,2,5,3,4,15
1400,4,3,32000,92,1,3,2,1,4,2,4,22.85714286
900,2,3,22000,61,4,2,1,2,4,3,4,24.44444444
1575,3,3,32000,123,1,1,1,2,2,3,2,20.31746032
1200,3,3,20000,90,1,1,2,1,1,2,4,16.66666667
800,2,2,20000,123,1,2,3,1,2,3,3,25
1000,2,2,10500,90,1,1,1,1,4,3,4,10.5
1200,3,3,21000,90,1,2,3,2,2,3,3,17.5
925,2,2,15000,118,1,2,3,1,3,3,3,16.21621622
1000,3,3,20000,118,1,1,1,1,1,3,4,20
1350,3,4,20000,90,1,2,2,1,2,3,3,14.81481481
1250,3,3,23000,118,1,2,2,1,2,3,3,18.4
900,2,2,18000,92,1,1,2,2,3,3,4,20
800,2,2,13000,123,1,1,1,1,1,1,4,16.25
900,2,2,11000,123,4,1,2,1,1,3,3,12.22222222
900,2,2,15000,118,1,1,1,1,1,2,3,16.66666667
1200,3,3,20000,118,1,2,2,1,5,3,3,16.66666667
600,1,2,7000,62,1,1,2,2,1,3,3,11.66666667
1200,3,3,18000,118,1,1,2,1,2,2,3,15
900,2,3,4444,118,1,1,2,1,3,2,3,4.937777778
1000,2,2,13500,118,1,2,3,1,5,3,3,13.5
900,2,2,14000,118,1,2,3,1,3,3,3,15.55555556
600,2,2,10000,118,1,1,2,1,1,1,4,16.66666667
900,2,2,16000,118,1,1,2,1,3,1,5,17.77777778
1300,3,3,20000,118,2,1,1,1,3,3,4,15.38461538
1700,2,3,16000,118,1,1,2,1,3,3,12,9.411764706
800,2,2,16000,90,1,1,1,1,1,2,4,20
1000,3,3,20000,90,1,1,1,1,1,3,4,20
1400,3,3,25000,90,1,1,3,2,3,1,12,17.85714286
800,2,2,16000,123,5,1,2,2,1,1,3,20
800,2,2,13000,62,1,1,3,1,1,3,5,16.25
1558,3,3,35000,47,1,4,3,1,5,1,1,22.46469833
600,2,2,18000,92,1,1,1,2,1,3,3,30
300,1,1,9000,92,2,1,1,1,3,3,2,30
900,2,2,11000,61,1,1,2,2,2,3,3,12.22222222
1050,2,3,14000,123,1,3,2,1,4,2,3,13.33333333
300,1,1,9000,92,1,3,2,1,6,1,3,30
1000,2,3,25000,92,1,2,2,1,4,2,4,25
300,1,1,9000,92,2,1,1,1,2,2,3,30
700,2,2,13000,61,1,2,2,1,5,3,1,18.57142857
700,2,2,6500,62,1,1,2,1,2,3,1,9.285714286
900,2,2,26000,92,5,1,2,1,3,2,1,28.88888889
1200,2,3,27000,61,5,1,2,1,5,3,1,22.5
1000,2,2,24000,92,1,2,2,1,4,1,4,24
1000,2,3,10000,62,1,3,3,1,3,3,3,10
700,2,2,21000,92,1,2,1,1,2,2,3,30
950,2,2,15000,123,2,2,2,2,1,3,1,15.78947368
1170,3,3,18000,47,1,2,1,1,4,1,4,15.38461538
700,2,2,11000,123,1,2,1,1,1,3,13,15.71428571
700,2,2,10000,123,3,2,2,1,1,3,4,14.28571429
1000,2,2,7000,62,5,2,2,2,3,3,1,7
1200,2,3,8500,146,2,2,2,3,1,2,3,7.083333333
1000,2,2,8500,118,1,2,2,1,4,3,4,8.5
950,2,3,14000,118,1,1,2,1,1,2,13,14.73684211
500,1,1,9000,92,2,3,1,1,2,3,3,18
1000,2,3,12000,70,1,2,2,3,3,3,3,12
1320,3,3,33000,55,1,1,3,1,3,3,4,25
1475,3,3,23000,118,5,1,3,2,5,2,3,15.59322034
720,2,2,11000,90,1,1,1,1,2,1,3,15.27777778
540,2,2,4500,62,4,2,1,1,3,2,3,8.333333333
2223,3,3,30000,56,1,1,1,1,2,2,4,13.49527665
1400,3,3,15000,143,1,2,1,1,2,3,14,10.71428571
1800,3,3,25000,135,1,2,2,1,5,1,1,13.88888889
800,2,3,5000,62,1,1,3,2,1,2,3,6.25
800,2,3,15000,102,1,1,2,1,1,2,4,18.75
1000,2,3,15000,167,1,2,1,1,2,2,4,15
1200,3,3,9000,103,1,2,2,1,3,2,4,7.5
300,1,1,8000,92,1,1,3,1,2,3,4,26.66666667
1200,2,3,18000,145,1,1,1,1,5,3,5,15
900,2,2,17000,116,1,2,1,1,2,3,3,18.88888889
2000,3,3,75000,27,1,2,2,1,3,2,16,37.5
1100,2,2,23000,61,1,1,2,1,3,3,3,20.90909091
900,2,2,12000,102,3,1,2,2,1,3,3,13.33333333
1450,3,3,35000,92,1,1,1,1,3,3,1,24.13793103
1000,3,3,28000,61,3,1,3,2,2,1,4,28
600,2,2,20000,67,1,3,2,1,4,2,12,33.33333333
1370,3,3,27000,67,1,2,3,1,2,4,2,19.7080292
1260,3,3,17000,118,1,2,1,1,1,2,3,13.49206349
2200,3,3,50000,67,4,1,2,1,3,1,4,22.72727273
720,2,2,14500,102,2,2,2,1,1,3,4,20.13888889
1260,3,3,17000,118,1,1,2,1,3,3,4,13.49206349
800,2,2,12500,118,1,1,1,1,3,1,3,15.625
1700,3,3,25000,102,2,1,3,1,1,3,4,14.70588235
1700,3,3,18000,118,1,1,3,1,3,1,3,10.58823529
720,2,2,14000,135,1,2,2,1,2,3,3,19.44444444
1800,3,4,32000,118,1,2,1,3,3,2,5,17.77777778
720,2,2,10500,102,3,1,2,2,1,3,3,14.58333333
1520,3,3,30000,170,4,2,2,2,4,3,3,19.73684211
1000,2,2,20000,67,1,2,1,1,4,1,3,20
1455,3,3,25000,67,1,2,3,2,4,2,14,17.18213058
1700,3,3,26000,67,1,2,2,1,3,1,3,15.29411765
1700,2,3,14500,102,1,1,1,1,4,3,3,8.529411765
1550,3,3,29000,67,4,1,2,1,1,3,3,18.70967742
1000,3,2,8000,146,1,2,2,1,1,3,3,8
800,1,2,18000,67,1,1,1,2,3,3,4,22.5
1000,2,2,6500,146,1,1,2,1,4,4,3,6.5
850,2,2,13000,145,4,1,1,1,2,3,1,15.29411765
700,1,2,3000,146,1,2,1,2,5,3,1,4.285714286
1300,2,3,7000,146,1,2,1,2,1,2,2,5.384615385
1212,3,3,16000,51,1,1,2,1,3,3,3,13.20132013
1000,2,2,5000,146,1,1,1,3,1,3,15,5
800,2,2,6500,103,3,2,3,1,2,3,3,8.125
1075,3,3,17000,118,1,2,1,1,2,2,3,15.81395349
1250,3,3,14000,24,2,1,3,1,2,3,4,11.2
5500,4,4,60000,67,1,1,1,1,2,3,3,10.90909091
600,3,2,6000,146,1,2,2,3,3,2,3,10
800,2,2,16500,135,1,2,2,1,4,3,5,20.625
1800,3,3,40000,135,1,1,1,1,1,1,1,22.22222222
1150,2,2,14000,102,1,2,3,2,1,1,4,12.17391304
800,2,2,18000,135,1,2,2,1,1,2,3,22.5
1150,2,2,13000,102,1,1,1,1,3,1,3,11.30434783
600,1,2,4500,62,1,2,3,2,3,1,3,7.5
900,2,2,14000,24,1,2,2,1,4,1,4,15.55555556
1140,3,3,18000,24,1,1,1,1,1,2,4,15.78947368
1350,3,3,16000,24,1,2,2,1,3,2,4,11.85185185
1200,3,3,20000,24,1,1,1,1,5,3,3,16.66666667
1000,2,3,15000,24,1,2,2,1,3,3,3,15
900,2,2,13000,24,1,1,1,1,4,3,3,14.44444444
400,1,1,8000,24,1,1,3,1,3,3,3,20
900,2,2,15000,24,1,2,3,1,1,2,3,16.66666667
1300,3,3,16000,24,1,2,1,1,1,3,3,12.30769231
700,1,2,10000,24,5,2,2,1,5,2,4,14.28571429
1600,3,3,22000,24,1,2,3,2,1,2,2,13.75
1700,3,3,20000,24,1,2,3,1,2,3,2,11.76470588
700,1,2,11500,24,1,1,1,1,1,3,3,16.42857143
1000,2,2,6000,62,1,1,1,1,1,3,4,6
900,2,2,15000,24,1,2,1,1,2,3,3,16.66666667
1720,3,4,32000,24,1,1,3,1,4,3,13,18.60465116
1200,2,1,80000,139,3,1,2,1,3,3,3,66.66666667
700,2,2,9000,146,1,2,2,1,4,2,3,12.85714286
1200,3,3,16000,24,1,2,2,1,4,3,13,13.33333333
700,1,2,6500,146,4,1,1,1,3,2,5,9.285714286
1300,3,3,21000,24,1,2,2,1,4,1,4,16.15384615
1000,2,2,16000,24,1,1,1,1,1,1,3,16
1400,3,4,21000,24,1,2,2,1,1,1,4,15
1050,2,3,15000,24,1,2,2,1,3,3,3,14.28571429
1300,3,3,19000,24,1,2,3,1,2,2,4,14.61538462
1550,3,3,6775,24,1,1,2,1,5,3,4,4.370967742
3200,6,6,40000,24,1,1,1,1,5,3,3,12.5
700,2,2,6700,146,1,1,3,1,1,1,4,9.571428571
400,1,1,6500,146,1,2,1,1,2,3,2,16.25
650,2,2,10000,24,1,2,1,3,2,3,4,15.38461538
1500,3,3,30000,24,1,1,2,1,2,3,5,20
600,2,2,2600,146,1,2,3,1,1,2,1,4.333333333
700,2,2,10000,146,4,2,3,1,1,3,3,14.28571429
400,1,1,3000,62,1,3,1,1,3,1,4,7.5
750,2,2,7200,146,1,1,1,1,2,3,13,9.6
900,2,3,5000,62,2,1,2,2,3,2,3,5.555555556
1350,3,3,25000,139,1,2,2,1,3,3,1,18.51851852
1000,3,3,15000,24,2,1,2,1,4,3,3,15
100,1,1,6000,146,1,1,2,1,2,2,3,60
1500,3,3,30000,139,4,1,2,2,3,3,3,20
600,2,2,7500,128,5,4,2,4,2,3,4,12.5
1370,4,3,35000,116,1,2,1,2,3,2,4,25.54744526
1200,2,2,17000,101,1,1,3,1,2,2,3,14.16666667
1300,2,3,7500,146,1,1,3,1,1,2,4,5.769230769
1200,3,3,24000,101,1,1,2,1,1,3,2,20
1150,3,3,22000,139,1,1,3,1,5,3,1,19.13043478
1000,2,2,14000,101,1,2,2,1,2,3,4,14
1331,3,3,20000,24,4,2,1,1,1,2,5,15.02629602
700,2,2,7000,146,1,1,3,1,5,2,4,10
700,2,2,8000,146,1,1,2,2,3,3,4,11.42857143
1100,3,3,18000,24,4,1,1,1,3,2,5,16.36363636
1100,3,3,20000,24,1,2,1,4,4,2,14,18.18181818
1200,3,3,18000,24,4,1,2,1,2,2,4,15
1000,2,3,18000,24,1,1,2,1,4,3,3,18
1700,2,3,7000,146,1,1,2,1,2,1,3,4.117647059
2000,3,4,8000,146,1,1,3,1,1,1,3,4
1400,3,3,22000,24,1,2,1,4,3,2,3,15.71428571
1000,2,2,16500,110,1,2,1,1,1,4,3,16.5
2600,5,5,90000,55,1,2,2,2,1,3,4,34.61538462
1200,3,3,30000,92,1,1,1,2,3,1,1,25
300,1,2,8000,110,1,1,1,1,6,3,4,26.66666667
700,2,2,20000,110,1,1,3,2,3,3,5,28.57142857
1150,3,3,25000,171,1,2,1,2,1,3,4,21.73913043
1350,2,3,17500,110,1,2,2,1,4,3,13,12.96296296
2600,4,4,65000,55,1,3,2,2,1,2,3,25
100,2,1,1800,24,3,2,2,1,5,2,4,18
1200,2,3,16000,110,1,1,1,4,5,2,4,13.33333333
1200,3,2,20000,162,1,1,3,3,1,1,3,16.66666667
2700,5,4,70000,55,1,1,2,1,2,3,3,25.92592593
1950,4,3,22000,145,1,2,2,1,4,3,3,11.28205128
400,2,3,9000,167,1,1,1,1,2,3,4,22.5
1450,3,3,17500,167,1,1,2,1,4,1,13,12.06896552
1300,3,3,25000,145,1,1,1,1,3,3,2,19.23076923
1250,3,3,20000,145,1,2,3,1,4,2,3,16
1680,3,3,23000,145,1,2,3,1,4,3,5,13.69047619
1000,2,2,25000,134,1,2,3,1,1,3,4,25
700,1,2,9500,101,1,2,2,1,5,2,3,13.57142857
700,2,2,7500,101,2,2,2,2,2,1,4,10.71428571
800,2,3,6000,62,1,3,2,1,2,3,3,7.5
400,2,2,6500,62,4,2,1,1,2,2,5,16.25
1100,3,3,36000,119,1,1,2,2,4,3,4,32.72727273
700,2,2,20000,110,1,1,3,1,3,2,3,28.57142857
1600,3,3,40000,92,1,2,2,1,3,1,3,25
600,1,2,4000,62,1,1,3,2,1,2,4,6.666666667
250,1,1,2700,103,1,1,3,1,2,3,3,10.8
800,1,3,5000,62,1,1,3,1,2,3,3,6.25
400,2,2,8000,62,1,1,1,2,3,3,3,20
1200,3,3,9000,92,4,1,3,1,3,2,5,7.5
600,1,1,8500,133,1,2,1,1,5,1,4,14.16666667
400,1,2,3000,62,1,1,2,3,4,2,4,7.5
200,1,2,12000,133,1,2,1,1,2,3,3,60
1000,2,2,5500,62,1,2,2,1,1,3,12,5.5
700,2,2,19000,110,1,1,2,1,1,3,3,27.14285714
600,1,2,12000,110,1,2,1,1,1,2,5,20
800,2,2,16000,110,1,2,2,1,5,3,3,20
1700,4,3,16000,51,1,2,3,1,3,3,1,9.411764706
3000,6,6,250000,135,4,2,2,1,2,2,1,83.33333333
1200,1,2,12000,167,1,1,3,1,2,3,3,10
400,1,1,8300,118,3,2,1,3,3,1,3,20.75
2200,4,3,50000,67,1,1,1,3,2,2,3,22.72727273
1200,2,3,17000,145,1,2,2,1,1,1,14,14.16666667
1300,3,3,15000,51,1,1,3,2,2,3,4,11.53846154
500,1,2,6000,70,1,1,2,1,1,3,3,12
3000,6,4,230000,135,1,1,3,4,3,1,3,76.66666667
1250,2,3,29000,135,1,1,3,1,2,2,5,23.2
1150,2,2,17000,135,5,1,2,1,2,1,3,14.7826087
800,2,2,16000,135,1,2,1,1,3,4,3,20
500,1,2,11000,135,1,1,1,2,2,3,3,22
700,2,2,20000,135,4,3,2,1,3,2,13,28.57142857
1800,6,4,35000,135,1,1,2,1,1,1,4,19.44444444
3600,3,3,40000,135,1,1,2,1,4,2,4,11.11111111
400,1,1,14000,135,1,2,1,1,1,3,3,35
2100,4,3,40000,135,1,1,1,1,4,3,3,19.04761905
1100,3,3,26000,135,1,1,2,1,1,3,4,23.63636364
3000,4,4,100000,31,2,2,1,1,1,2,3,33.33333333
3000,4,4,120000,31,3,1,1,1,2,3,3,40
1400,4,3,30000,51,1,1,2,1,2,1,3,21.42857143
600,3,2,12000,118,1,2,3,1,2,2,3,20
1200,2,3,16000,24,1,1,3,1,1,3,3,13.33333333
1150,3,3,18000,14,2,1,2,1,4,3,3,15.65217391
1250,2,2,17000,14,1,1,3,2,2,1,3,13.6
600,2,2,20000,28,1,2,2,1,2,2,5,33.33333333
1285,3,3,27000,92,1,3,3,1,1,2,3,21.01167315
1200,3,3,16000,94,2,1,1,1,3,3,13,13.33333333
900,2,2,25000,92,1,1,1,1,3,3,4,27.77777778
680,2,1,9900,118,1,2,1,1,2,3,1,14.55882353
1000,3,3,16000,94,1,2,2,1,1,1,3,16
600,2,2,14000,94,1,1,2,1,3,2,4,23.33333333
800,2,1,8000,94,1,1,1,2,3,3,3,10
600,2,2,12000,94,1,1,1,1,1,3,1,20
850,2,2,17000,110,1,1,3,1,3,2,3,20
1000,2,2,10000,94,1,1,2,1,3,1,3,10
1250,3,3,20000,94,2,2,1,1,1,1,3,16
600,1,2,10000,123,1,1,2,1,4,3,4,16.66666667
1100,3,3,19000,123,4,1,2,1,2,1,3,17.27272727
800,2,2,10500,59,5,1,3,1,1,2,3,13.125
550,2,2,9000,118,1,1,2,1,1,2,4,16.36363636
2250,3,3,50000,51,1,1,2,1,4,3,1,22.22222222
1250,3,3,15000,59,1,2,2,1,4,1,4,12
700,2,2,11000,118,1,1,2,1,3,1,3,15.71428571
1300,3,3,16000,145,1,1,2,1,4,3,3,12.30769231
800,2,2,12500,59,3,1,2,2,5,3,1,15.625
1600,3,3,26000,123,1,1,3,2,2,2,4,16.25
650,2,1,14000,123,1,1,2,1,2,2,4,21.53846154
1000,2,2,10000,51,1,1,1,1,3,3,1,10
1050,2,3,20000,123,1,1,2,3,1,3,5,19.04761905
1100,2,3,16000,145,1,1,3,1,4,2,4,14.54545455
700,1,2,11000,145,1,1,3,1,2,2,3,15.71428571
900,2,2,16000,145,1,4,2,2,4,3,3,17.77777778
1100,2,3,18000,101,1,1,1,1,3,3,4,16.36363636
1665,2,3,25000,145,1,1,1,3,2,3,3,15.01501502
400,1,3,20000,145,1,1,1,2,3,3,4,50
1000,3,3,17500,123,1,1,3,1,2,3,3,17.5
1000,2,2,35000,135,1,1,2,1,1,1,4,35
900,2,2,14000,123,3,1,1,1,2,2,4,15.55555556
1250,3,3,18000,123,1,1,2,1,1,3,3,14.4
1620,3,3,28000,123,1,1,3,1,1,3,3,17.28395062
1000,3,3,17500,123,1,1,3,3,5,3,4,17.5
763,2,2,14000,118,1,1,2,1,1,1,4,18.34862385
1250,3,3,18000,123,1,1,2,1,3,3,5,14.4
650,2,1,14000,123,4,3,3,3,3,3,3,21.53846154
1630,2,1,92960,139,1,2,1,1,2,3,3,57.03067485
1150,3,2,10000,146,3,2,3,2,1,2,3,8.695652174
600,2,1,7500,135,1,1,1,1,4,3,1,12.5
1200,2,3,25000,123,4,2,1,1,3,3,3,20.83333333
1020,2,2,14000,123,1,2,1,1,2,1,4,13.7254902
700,2,2,10000,123,2,1,2,1,3,3,4,14.28571429
900,2,3,13000,123,1,2,2,2,2,1,3,14.44444444
900,2,3,18000,123,1,2,1,1,1,3,4,20
700,1,1,10500,123,1,1,1,2,4,1,4,15
1200,3,3,22000,123,1,2,1,1,5,2,3,18.33333333
925,3,3,14000,118,1,2,2,1,2,3,3,15.13513514
1200,3,3,23000,123,4,1,2,1,4,3,4,19.16666667
1100,2,3,15000,118,1,2,1,1,3,3,3,13.63636364
800,2,2,14000,118,2,1,2,1,4,2,1,17.5
500,2,2,8000,118,1,1,2,1,1,3,3,16
1150,3,3,18000,118,3,1,1,1,3,1,4,15.65217391
1250,3,3,15500,118,1,2,2,2,1,3,3,12.4
600,2,2,8000,162,1,3,1,1,3,2,4,13.33333333
1560,4,3,22000,94,1,2,1,4,5,3,3,14.1025641
650,2,2,9500,118,1,1,2,1,3,2,4,14.61538462
1300,2,3,18000,94,2,2,1,1,3,2,3,13.84615385
800,2,2,18500,123,1,2,2,1,3,1,4,23.125
800,2,2,18500,123,1,2,1,1,3,3,3,23.125
750,2,2,15000,123,1,1,2,1,3,2,3,20
1200,3,3,15000,118,1,3,1,1,3,3,3,12.5
1200,3,3,23000,123,1,1,3,2,2,3,3,19.16666667
1550,4,3,27000,123,1,1,2,1,1,2,16,17.41935484
750,2,2,12000,123,1,1,1,1,3,2,3,16
650,2,2,9000,118,1,1,2,1,1,3,1,13.84615385
1120,2,3,14000,118,2,1,3,1,3,3,3,12.5
1200,3,3,23000,123,1,1,3,1,2,2,2,19.16666667
1350,3,3,35000,139,1,1,3,1,5,2,4,25.92592593
1600,2,3,22000,162,1,1,1,1,3,1,3,13.75
700,1,1,16000,139,1,3,1,1,4,3,4,22.85714286
1385,3,3,25000,118,1,1,1,3,3,2,3,18.05054152
700,2,2,11000,118,1,1,3,1,3,2,3,15.71428571
1500,3,3,25000,162,1,3,3,2,3,1,4,16.66666667
1650,3,3,40000,139,1,3,1,2,4,2,11,24.24242424
1320,4,3,20000,118,1,1,2,1,2,3,3,15.15151515
1382,3,3,22000,162,1,1,2,1,2,2,3,15.91895803
1220,3,3,16000,118,1,1,1,1,3,2,4,13.1147541
1350,3,3,32000,162,1,2,2,1,1,2,3,23.7037037
1100,2,3,15000,118,5,3,1,1,3,2,1,13.63636364
750,2,2,10000,118,1,2,2,1,4,2,2,13.33333333
1200,2,3,15000,118,1,1,2,1,5,3,4,12.5
800,2,2,10500,118,1,2,3,1,3,1,3,13.125
1300,3,3,19000,118,1,1,2,2,4,3,3,14.61538462
700,2,2,11000,118,1,2,3,1,3,3,4,15.71428571
1060,2,3,4500000,118,1,1,1,3,3,3,3,4245.283019
2100,3,3,20000,118,1,1,1,1,3,3,1,9.523809524
750,2,2,11500,118,4,2,1,1,1,1,4,15.33333333
600,2,1,16000,139,1,2,1,2,1,3,3,26.66666667
1630,3,3,43000,139,5,1,2,2,1,3,13,26.3803681
1224,3,3,17000,102,1,1,2,2,1,3,3,13.88888889
600,2,1,16000,139,1,1,1,1,2,2,4,26.66666667
700,2,1,37500,102,1,1,2,2,1,3,3,53.57142857
1150,3,3,15000,102,1,3,2,1,3,1,3,13.04347826
1275,3,3,16000,94,4,1,1,1,3,2,3,12.54901961
1735,4,3,32000,139,1,1,1,1,4,2,3,18.44380403
900,3,2,24000,139,1,1,1,2,2,1,4,26.66666667
1400,3,3,32000,139,1,2,1,1,4,3,11,22.85714286
600,2,2,15000,139,1,2,2,2,3,3,4,25
700,2,2,21000,139,4,3,3,1,4,2,1,30
1364,3,3,28000,139,1,1,2,1,4,2,3,20.52785924
500,2,2,14000,139,1,1,3,1,1,3,3,28
2180,6,3,28000,56,1,1,2,1,3,2,1,12.8440367
1850,3,3,40000,139,1,2,3,1,5,3,4,21.62162162
2250,3,3,55000,51,1,2,3,2,1,2,3,24.44444444
1200,2,3,15000,118,1,2,2,1,2,1,3,12.5
2700,4,5,70000,55,1,2,3,1,4,2,3,25.92592593
1500,2,1,40000,162,1,1,2,1,4,3,3,26.66666667
1350,3,3,23000,118,1,2,2,1,3,2,3,17.03703704
800,2,2,14000,118,5,2,2,1,4,3,5,17.5
950,2,3,15500,24,1,1,2,2,2,2,3,16.31578947
1000,2,2,12000,118,1,1,2,1,2,3,4,12
1079,3,3,22000,24,1,1,2,1,1,3,3,20.3892493
1100,2,3,18000,118,1,1,3,2,5,2,4,16.36363636
650,2,2,12500,118,1,1,3,3,1,2,4,19.23076923
750,2,2,13500,118,1,2,2,2,4,3,3,18
850,3,3,14000,24,1,2,1,1,2,3,3,16.47058824
1500,4,3,22000,118,1,1,1,1,1,2,12,14.66666667
1420,4,3,33000,118,1,1,1,2,3,3,3,23.23943662
1350,3,3,16000,24,1,1,2,1,3,1,4,11.85185185
800,2,2,11000,118,2,2,2,2,1,3,3,13.75
936,2,2,14000,118,1,2,3,1,3,3,5,14.95726496
700,1,2,9000,118,1,2,2,3,3,2,3,12.85714286
1200,3,3,14000,118,1,1,2,1,3,3,4,11.66666667
800,2,2,10500,118,1,2,2,2,5,1,3,13.125
550,2,2,12000,118,4,3,2,1,2,3,1,21.81818182
1000,4,3,17500,118,4,1,1,1,4,3,4,17.5
800,2,2,16000,118,1,2,2,1,2,1,3,20
900,2,2,14500,118,1,1,2,1,2,1,4,16.11111111
800,2,2,11500,118,1,2,1,1,2,2,3,14.375
850,2,2,12000,118,1,1,2,1,2,1,1,14.11764706
1300,3,3,20000,118,1,1,3,1,3,2,3,15.38461538
725,1,2,8000,118,1,2,1,4,3,2,15,11.03448276
1130,3,3,24000,67,1,2,2,2,3,1,3,21.23893805
400,2,1,6500,118,1,2,1,1,1,3,4,16.25
800,2,2,14000,118,1,1,3,1,3,3,1,17.5
1100,3,3,19000,118,5,1,3,1,5,3,4,17.27272727
1200,3,3,26000,118,2,2,1,1,2,2,4,21.66666667
1050,2,3,20000,118,1,1,2,1,3,3,3,19.04761905
600,2,2,13000,118,1,2,1,1,1,3,3,21.66666667
400,1,1,9500,118,1,2,1,1,4,3,1,23.75
700,2,2,13000,118,1,2,2,1,1,3,3,18.57142857
500,1,1,10000,118,1,2,2,5,3,1,3,20
500,1,2,12000,118,4,2,2,1,1,2,3,24
700,2,2,12000,118,1,2,3,1,4,3,5,17.14285714
2200,3,3,38000,139,1,1,3,1,2,1,3,17.27272727
750,2,2,14000,118,4,1,2,1,1,3,3,18.66666667
1300,3,3,25000,139,2,2,1,3,2,2,3,19.23076923
950,2,2,13000,118,1,1,3,1,2,3,3,13.68421053
800,2,2,10000,118,3,1,3,1,3,2,5,12.5
800,2,3,12000,118,1,1,2,1,3,1,4,15
1100,3,3,20000,118,1,1,2,1,2,3,3,18.18181818
1200,2,3,14000,118,1,2,2,1,4,3,1,11.66666667
1365,2,3,22000,118,1,2,1,1,2,3,3,16.11721612
800,2,2,14000,118,1,2,2,1,3,2,3,17.5
1150,2,3,20000,118,1,2,2,1,5,3,3,17.39130435
1100,3,3,16000,118,1,2,1,1,2,3,5,14.54545455
1250,3,3,20000,118,1,1,3,1,2,3,5,16
900,2,3,14000,118,1,1,2,1,3,1,3,15.55555556
1050,2,2,13500,59,2,1,3,1,3,3,3,12.85714286
1200,2,2,15000,118,3,2,2,1,3,3,2,12.5
1175,3,3,18000,118,1,3,1,1,1,2,3,15.31914894
1275,3,3,20000,118,1,1,2,1,5,3,3,15.68627451
600,2,2,9000,118,5,2,1,1,2,3,1,15
1000,2,2,1000,118,1,2,1,1,1,1,5,1
1250,3,3,20000,118,1,4,3,2,2,3,3,16
800,2,2,10000,118,1,1,2,3,2,3,1,12.5
875,2,3,15000,118,1,2,2,2,4,3,3,17.14285714
1230,3,3,19000,118,1,2,1,1,2,3,3,15.44715447
850,2,2,13000,118,1,1,2,1,1,1,3,15.29411765
1200,2,2,16000,118,1,1,1,1,2,2,1,13.33333333
800,2,2,12000,118,1,1,3,2,3,3,3,15
790,2,2,14000,90,1,1,1,1,1,1,3,17.72151899
1200,2,2,13000,118,2,3,1,1,2,2,3,10.83333333
2400,3,4,19000,118,1,1,2,1,2,3,3,7.916666667
1500,3,3,20000,118,1,1,3,1,2,3,5,13.33333333
1270,2,3,20000,118,1,2,1,1,4,1,4,15.7480315
700,2,2,16000,118,1,2,1,2,1,3,4,22.85714286
700,2,2,14000,118,1,2,3,1,3,3,2,20
1106,2,3,25000,118,1,1,3,1,3,3,4,22.6039783
700,2,2,12000,118,1,2,1,2,1,1,3,17.14285714
1000,2,2,16000,118,1,2,2,2,3,3,4,16
700,1,2,7500,118,1,1,1,1,4,2,3,10.71428571
1250,3,3,18000,118,3,2,1,1,2,2,3,14.4
1200,2,2,15000,118,1,1,3,2,3,2,3,12.5
1300,3,3,18000,118,4,1,1,1,3,3,4,13.84615385
1150,3,3,19000,118,1,2,2,2,5,3,3,16.52173913
850,3,3,14000,118,2,1,2,1,3,3,4,16.47058824
850,2,2,12500,118,2,1,2,1,5,3,3,14.70588235
1150,3,3,30000,67,1,2,3,1,4,1,3,26.08695652
1050,3,3,20000,118,1,1,1,1,4,3,1,19.04761905
1350,3,3,20000,118,2,1,3,2,1,3,1,14.81481481
1446,3,3,22000,118,1,1,3,1,3,3,3,15.21438451
600,1,2,8500,118,1,1,2,1,1,2,3,14.16666667
500,1,1,7000,118,1,2,1,1,3,3,1,14
1260,3,3,20000,118,1,1,1,1,3,1,3,15.87301587
750,2,2,14000,101,1,1,3,1,6,3,3,18.66666667
1200,2,2,12500,101,1,2,2,1,1,3,11,10.41666667
1100,3,2,16000,101,1,1,3,2,4,2,3,14.54545455
2300,4,4,60000,31,2,2,1,1,1,3,3,26.08695652
500,2,2,10000,101,1,1,3,2,3,3,4,20
1500,3,1,17000,101,1,2,2,1,6,3,3,11.33333333
600,2,2,12000,101,1,2,1,1,2,1,4,20
1500,4,3,40000,112,1,1,2,2,3,2,4,26.66666667
1600,4,4,30000,67,1,1,3,3,1,3,3,18.75
1130,3,3,24000,170,5,1,2,1,3,3,4,21.23893805
1200,3,3,24000,170,1,2,2,1,5,1,3,20
6500,2,1,350000,135,1,2,1,1,4,3,4,53.84615385
900,2,3,17000,24,4,2,3,1,2,3,3,18.88888889
1250,4,3,25000,31,2,2,1,2,2,2,5,20
850,2,2,16000,118,1,1,1,1,3,2,3,18.82352941
1000,2,2,12000,31,2,2,3,1,3,3,1,12
1250,3,3,20000,24,1,1,1,1,3,1,4,16
1015,2,3,18000,34,2,2,2,1,1,3,3,17.73399015
1350,3,3,20000,31,1,1,2,1,2,3,3,14.81481481
1100,2,3,17000,31,1,1,2,3,1,2,3,15.45454545
700,2,2,13500,34,1,2,3,1,1,3,4,19.28571429
1250,3,3,16000,118,1,1,2,1,2,3,3,12.8
1700,4,3,20000,34,4,1,2,1,3,2,12,11.76470588
1100,3,3,20000,34,1,2,2,1,5,3,3,18.18181818
1100,2,3,24000,34,1,2,3,1,5,1,4,21.81818182
1100,3,3,20000,118,1,3,2,1,3,2,1,18.18181818
800,2,2,13000,118,1,1,1,1,1,2,3,16.25
800,2,2,12000,118,4,1,2,1,3,3,1,15
3700,2,1,150000,118,1,1,1,3,3,2,3,40.54054054
800,2,2,15000,118,1,2,1,1,2,3,3,18.75
500,2,1,6000,118,1,1,2,1,2,1,3,12
800,2,2,11000,24,1,1,2,2,1,3,14,13.75
1400,3,4,20000,24,2,1,1,1,3,3,3,14.28571429
1150,2,3,14000,24,1,1,2,3,1,2,3,12.17391304
1000,3,2,15000,123,1,3,1,1,2,1,4,15
1150,3,3,14000,24,1,1,3,3,4,1,4,12.17391304
800,2,3,12000,24,2,2,2,1,2,1,4,15
1000,2,2,15000,24,4,1,2,1,3,3,4,15
800,2,2,16000,24,1,2,1,1,3,1,4,20
985,2,2,17000,123,1,1,3,1,2,2,3,17.25888325
800,2,2,10000,123,1,1,2,1,3,2,14,12.5
1730,3,3,43000,112,5,2,1,1,3,3,3,24.85549133
2300,3,3,55000,57,1,2,2,1,3,3,8,23.91304348
1730,3,3,40000,112,2,1,2,1,1,3,3,23.12138728
500,2,1,6000,118,1,2,3,3,1,2,4,12
1950,4,3,50000,91,1,2,1,1,3,1,3,25.64102564
1100,2,2,20000,24,1,1,1,2,4,2,3,18.18181818
1200,3,3,18000,24,1,1,1,2,1,3,3,15
1200,3,3,16000,24,1,1,1,1,6,3,4,13.33333333
1630,3,3,32000,134,2,1,1,1,1,2,13,19.63190184
800,2,2,9000,24,2,2,2,1,3,2,3,11.25
950,2,2,11500,24,4,3,3,2,3,1,3,12.10526316
950,2,2,12000,24,1,2,3,1,2,3,2,12.63157895
3000,4,4,60000,31,1,2,2,2,1,2,4,20
2000,3,3,40000,31,1,1,2,2,4,1,4,20
1350,3,3,16000,24,1,1,1,3,2,3,3,11.85185185
800,2,2,9000,24,1,1,2,2,2,3,4,11.25
1300,3,3,20000,102,1,2,2,1,2,2,3,15.38461538
800,1,2,12500,24,1,1,2,1,3,1,4,15.625
750,2,2,9500,24,1,2,1,1,3,2,3,12.66666667
850,2,2,10000,24,4,1,2,1,3,3,3,11.76470588
1000,2,2,10000,24,1,1,2,2,1,3,6,10
1000,2,2,12500,24,4,1,1,2,1,3,3,12.5
3700,2,2,140000,31,1,1,1,1,2,1,3,37.83783784
1000,2,2,11000,24,1,1,2,1,4,3,3,11
1000,2,2,11000,24,1,2,2,2,2,3,3,11
700,1,2,9000,24,2,1,1,2,1,3,3,12.85714286
900,2,3,13000,24,1,3,3,3,4,2,4,14.44444444
600,2,2,7500,24,4,1,2,2,4,2,2,12.5
1200,3,3,25000,31,1,1,3,1,5,2,3,20.83333333
770,2,2,15000,101,5,1,3,2,3,2,3,19.48051948
1100,2,3,17000,31,1,1,2,4,3,3,3,15.45454545
800,2,2,13000,31,1,1,3,1,3,2,3,16.25
1450,3,3,22000,31,2,1,1,1,2,2,4,15.17241379
1050,2,3,20000,31,1,1,2,1,5,2,4,19.04761905
670,2,2,12000,31,1,1,2,1,1,3,15,17.91044776
1275,3,3,22000,31,1,2,2,1,3,3,3,17.25490196
1200,3,2,16000,31,1,1,1,1,1,2,3,13.33333333
1250,4,3,22000,31,1,2,2,1,2,3,4,17.6
9500,2,2,9500,24,1,2,1,1,3,2,3,1
1100,2,2,12000,24,1,1,3,1,1,3,3,10.90909091
800,2,2,11500,24,1,1,2,1,2,2,3,14.375
1400,3,3,15000,24,2,2,2,1,1,3,3,10.71428571
850,2,2,9000,24,1,1,1,2,1,1,3,10.58823529
1000,2,2,15000,170,4,2,1,2,5,2,4,15
1800,3,4,25000,31,4,2,2,1,5,2,3,13.88888889
5200,6,5,200000,31,2,1,2,1,1,3,3,38.46153846
950,2,3,13000,24,1,2,1,1,1,2,3,13.68421053
1146,3,2,25000,170,2,1,2,2,3,3,4,21.81500873
600,1,2,8500,24,1,1,2,1,5,3,2,14.16666667
800,2,2,8000,24,4,1,2,1,2,3,3,10
1000,2,2,14000,24,4,1,3,1,2,3,5,14
1000,2,3,15000,24,1,1,2,1,4,2,4,15
800,2,2,9500,24,2,2,2,1,3,2,4,11.875
1000,2,2,11000,24,4,2,1,1,2,2,4,11
1100,2,3,14000,24,5,2,2,1,3,1,3,12.72727273
400,1,2,8000,24,1,1,1,1,3,3,3,20
800,2,2,7000,24,1,1,2,2,2,2,3,8.75
700,2,2,7000,24,1,2,2,1,3,3,14,10
1165,2,3,14000,24,2,1,2,1,4,2,3,12.01716738
1100,2,3,13000,24,3,1,2,1,2,1,5,11.81818182
1500,3,4,22000,24,1,1,1,1,3,2,3,14.66666667
800,2,2,11500,24,1,2,2,1,3,3,1,14.375
1120,3,3,16000,24,1,1,1,1,1,3,4,14.28571429
650,2,2,9500,24,2,1,3,1,5,2,3,14.61538462
400,1,1,7500,24,1,1,1,1,2,3,3,18.75
1000,2,2,12000,24,2,2,1,1,1,3,3,12
800,2,2,12000,24,1,1,2,1,2,1,12,15
980,3,3,13000,24,1,1,2,1,1,1,3,13.26530612
1100,3,3,25000,31,5,1,2,1,2,1,1,22.72727273
1130,2,3,16000,24,1,2,2,2,1,2,3,14.15929204
1035,3,3,18500,24,1,1,3,2,1,1,5,17.87439614
1300,2,2,20000,24,5,1,3,1,2,2,4,15.38461538
1100,3,3,14000,24,1,2,1,2,2,1,13,12.72727273
750,2,2,12000,24,5,4,3,1,1,3,3,16
600,2,2,10000,24,2,1,1,1,5,2,11,16.66666667
1330,3,3,20000,24,5,1,1,2,2,2,13,15.03759398
950,2,2,14500,24,1,1,1,1,3,3,2,15.26315789
1000,2,2,11000,24,1,1,1,2,2,3,3,11
700,2,2,12000,24,1,1,2,1,4,1,3,17.14285714
500,2,2,8000,24,4,1,1,1,3,3,4,16
700,2,2,16000,24,1,2,2,1,1,2,3,22.85714286
1300,3,3,25000,24,5,1,1,3,2,3,1,19.23076923
1000,3,3,14000,24,1,2,3,1,1,2,4,14
1000,3,3,16000,24,1,1,3,1,3,3,2,16
1750,4,3,21000,24,1,2,2,1,3,2,3,12
900,2,2,14000,24,1,2,2,1,4,1,5,15.55555556
1000,3,3,15000,24,1,2,2,3,2,3,3,15
1500,4,4,25000,24,3,1,3,1,3,2,4,16.66666667
1250,3,3,22000,170,1,1,2,1,1,2,3,17.6
2150,3,3,50000,31,1,1,2,1,3,3,3,23.25581395
700,2,1,13000,101,5,2,2,2,1,2,4,18.57142857
1000,2,2,22000,67,1,2,2,1,2,2,3,22
900,2,2,10000,24,2,1,1,1,2,3,3,11.11111111
1210,2,3,18000,24,4,1,3,1,2,2,3,14.87603306
400,2,1,7000,67,4,2,2,1,3,1,7,17.5
1750,4,3,40000,112,5,2,2,1,3,1,3,22.85714286
650,1,2,7500,24,1,1,2,2,2,1,3,11.53846154
1100,3,3,18000,24,1,1,3,2,2,3,14,16.36363636
900,3,2,18000,123,1,2,2,1,3,3,3,20
1100,3,3,16000,24,1,1,1,3,1,2,3,14.54545455
800,2,2,14000,31,1,2,3,2,3,1,5,17.5
1250,2,3,22000,101,2,2,1,1,4,2,3,17.6
400,2,1,8000,31,3,1,2,2,3,2,3,20
800,2,2,10000,31,1,2,1,2,3,3,4,12.5
2000,3,3,38000,31,3,1,1,1,2,2,4,19
1000,2,2,15000,24,1,4,2,1,2,1,4,15
1850,3,3,40000,31,1,2,1,1,4,3,3,21.62162162
2000,3,3,55000,31,1,1,2,1,1,2,4,27.5
850,2,2,13000,101,1,1,1,1,3,3,3,15.29411765
850,2,2,14000,101,4,1,1,1,5,3,3,16.47058824
1405,4,3,30000,139,1,1,2,1,3,1,3,21.35231317
700,2,2,16000,101,2,2,3,1,3,2,3,22.85714286
1025,3,3,22000,139,1,1,1,1,3,3,3,21.46341463
400,1,1,12000,101,2,1,2,2,4,2,3,30
1550,3,3,40000,119,1,1,3,2,1,1,3,25.80645161
1633,3,3,30000,139,1,3,1,2,2,3,4,18.37109614
1780,3,3,42000,116,1,2,3,2,4,1,2,23.59550562
1100,2,3,16000,24,2,2,2,1,2,3,4,14.54545455
700,2,2,15000,101,1,1,1,1,2,3,4,21.42857143
700,2,2,13000,101,1,2,3,1,3,3,4,18.57142857
650,2,2,20000,67,1,1,3,1,3,2,3,30.76923077
1300,3,3,36000,67,1,2,3,1,3,2,4,27.69230769
1350,2,2,19000,116,1,2,2,1,1,1,3,14.07407407
2700,4,4,85000,57,1,2,2,2,2,3,3,31.48148148
800,2,2,16000,67,1,1,3,1,3,3,5,20
800,2,2,11000,24,1,1,2,1,2,2,3,13.75
650,2,2,19000,67,1,2,3,1,1,2,3,29.23076923
600,1,2,11000,101,1,1,2,1,1,3,3,18.33333333
700,2,2,14000,123,1,2,2,2,2,2,2,20
925,2,2,18000,119,1,1,3,1,3,2,3,19.45945946
2160,3,3,17000,24,1,1,2,1,4,3,3,7.87037037
500,1,2,16000,119,1,1,1,1,4,2,3,32
800,2,2,11000,24,2,1,1,1,3,2,3,13.75
800,3,2,13000,24,1,2,2,1,1,3,3,16.25
1000,2,3,17500,123,1,1,2,1,3,3,3,17.5
600,1,2,16000,123,1,2,2,1,3,3,3,26.66666667
900,2,2,12000,101,1,1,1,1,2,1,3,13.33333333
300,1,1,9000,123,1,1,1,3,3,3,3,30
1100,3,3,20000,145,1,1,3,1,2,3,3,18.18181818
700,2,2,13000,123,1,1,1,1,3,3,3,18.57142857
800,1,2,9000,123,1,1,2,1,4,3,4,11.25
850,2,2,20000,123,1,1,1,1,3,2,4,23.52941176
1200,3,3,16000,123,1,2,1,2,1,3,4,13.33333333
780,2,2,16000,116,5,1,2,2,3,1,3,20.51282051
850,2,2,12000,123,1,1,1,5,3,2,3,14.11764706
900,2,2,13000,123,1,2,3,3,3,2,5,14.44444444
700,2,2,16000,119,1,2,2,1,3,2,5,22.85714286
1300,3,3,18000,24,1,1,2,1,2,3,3,13.84615385
1000,2,2,14000,24,1,2,1,1,3,2,4,14
955,2,3,15000,24,1,1,1,1,3,3,4,15.70680628
1050,2,3,15000,24,1,2,1,3,5,2,4,14.28571429
1400,3,3,18000,24,1,2,2,2,3,3,3,12.85714286
1000,3,3,15000,24,1,2,1,1,2,3,4,15
900,2,3,15000,24,1,2,1,1,2,3,3,16.66666667
1200,3,3,20000,24,1,2,2,1,3,1,3,16.66666667
1200,3,3,19000,24,1,3,2,1,1,3,4,15.83333333
1000,3,3,15000,24,1,2,3,2,2,3,3,15
800,2,2,12500,24,1,3,2,1,4,1,4,15.625
1250,3,3,20000,119,1,2,1,1,1,3,3,16
1200,3,3,30000,119,1,1,2,1,3,3,4,25
700,2,2,18000,119,1,3,2,1,2,3,3,25.71428571
1200,3,3,15000,24,1,1,2,1,1,3,14,12.5
1000,1,2,15000,123,1,2,2,1,5,3,4,15
1200,3,3,30000,119,2,4,2,1,5,2,3,25
1400,3,3,24000,123,1,1,2,1,2,3,4,17.14285714
1100,3,3,12000,24,1,2,1,1,2,2,5,10.90909091
1300,4,3,28000,135,1,1,2,2,3,3,4,21.53846154
1100,3,3,16000,24,4,1,2,2,3,1,3,14.54545455
700,2,2,20000,135,1,1,2,1,3,1,4,28.57142857
300,2,1,8500,135,1,2,3,1,2,1,1,28.33333333
850,3,2,16000,135,1,2,1,1,3,3,3,18.82352941
1550,4,3,35000,135,1,1,2,1,3,3,3,22.58064516
500,2,2,20000,135,1,2,2,3,2,2,12,40
1800,2,1,35000,135,3,1,3,1,3,3,5,19.44444444
900,2,1,20000,135,1,1,3,1,1,3,4,22.22222222
800,2,2,14000,135,1,1,3,1,2,2,3,17.5
800,2,2,14000,135,1,1,3,1,3,1,5,17.5
700,2,2,16000,135,5,2,2,1,1,3,4,22.85714286
1000,3,3,14000,24,2,3,1,1,1,1,3,14
300,3,2,10000,24,1,1,2,1,1,3,4,33.33333333
750,2,2,11000,123,1,1,3,2,2,2,3,14.66666667
1215,3,3,15000,24,4,1,1,1,5,3,1,12.34567901
700,2,2,9000,24,1,2,2,1,3,1,1,12.85714286
800,2,2,11000,24,2,1,1,2,3,3,2,13.75
1250,3,3,24000,24,1,1,1,2,2,3,4,19.2
1200,3,3,25000,24,1,2,1,1,2,2,3,20.83333333
1180,2,3,20000,24,1,1,3,2,1,3,4,16.94915254
1200,3,3,20000,24,2,1,2,1,1,3,3,16.66666667
1170,3,3,14500,24,1,1,2,5,3,2,4,12.39316239
1250,3,3,22000,24,1,1,2,1,3,1,4,17.6
1200,3,3,25000,24,1,2,1,1,3,2,2,20.83333333
700,2,2,13000,24,1,1,2,2,3,1,4,18.57142857
1000,3,3,17000,24,1,1,2,1,4,3,4,17
1600,2,2,17000,135,1,2,2,2,1,3,3,10.625
800,2,2,13000,123,3,1,2,1,3,3,3,16.25
1250,3,3,20000,24,1,1,1,1,3,3,3,16
1200,3,3,20000,24,1,1,1,1,4,3,3,16.66666667
800,2,2,15000,123,1,1,2,1,3,2,3,18.75
300,2,1,7500,135,1,1,3,2,4,3,3,25
1000,2,3,15000,24,1,1,2,2,1,3,4,15
400,2,1,7500,135,1,1,3,1,1,1,3,18.75
1700,4,3,30000,135,4,2,2,1,3,3,3,17.64705882
1300,3,2,20000,135,1,1,1,1,4,2,15,15.38461538
950,3,2,19000,135,1,2,3,1,2,3,3,20
2160,4,3,16000,135,5,1,3,4,3,3,14,7.407407407
700,2,2,11000,118,3,1,1,1,1,2,4,15.71428571
700,2,2,13000,24,1,2,3,1,3,2,4,18.57142857
500,2,1,10000,24,1,1,2,1,2,3,5,20
600,2,2,12000,118,1,1,1,1,2,3,3,20
650,2,2,13000,118,1,2,1,1,2,4,3,20
650,2,2,12000,118,3,2,2,2,4,1,4,18.46153846
600,2,2,14000,118,1,1,2,2,4,2,4,23.33333333
1150,2,3,21500,118,1,2,2,2,4,3,3,18.69565217
1300,3,4,21000,24,1,2,2,2,2,1,4,16.15384615
700,2,2,13500,118,1,1,2,1,1,3,3,19.28571429
1600,3,4,25000,118,2,1,2,2,1,3,3,15.625
1400,4,3,18000,24,1,2,1,3,2,2,2,12.85714286
1400,3,3,17000,24,1,2,1,1,1,3,3,12.14285714
1800,4,4,25000,24,1,1,2,1,4,3,4,13.88888889
1240,3,3,15000,24,1,1,3,1,4,1,3,12.09677419
1000,3,3,13000,24,3,1,2,1,4,3,4,13
1300,3,3,16000,24,1,1,1,1,2,3,5,12.30769231
1200,3,3,27000,24,1,2,2,1,2,1,4,22.5
1300,2,3,17000,24,1,2,2,1,4,3,4,13.07692308
1150,3,3,17500,24,1,1,3,1,3,3,4,15.2173913
800,2,2,22800,110,1,1,1,1,5,3,3,28.5
1100,2,2,18000,24,1,2,1,1,4,3,5,16.36363636
750,2,2,17000,110,1,1,2,1,2,1,3,22.66666667
750,2,2,22000,110,4,2,2,1,2,2,4,29.33333333
750,2,2,22000,135,2,2,2,1,1,2,3,29.33333333
1050,3,3,25000,133,2,2,2,2,2,3,3,23.80952381
750,3,2,17000,135,4,1,2,1,4,3,3,22.66666667
700,2,2,17500,135,1,3,2,1,4,3,1,25
750,2,2,22000,135,1,2,1,1,2,2,3,29.33333333
700,2,2,18000,110,1,1,1,1,2,3,3,25.71428571
1500,5,3,30000,135,1,1,1,1,1,2,3,20
1000,2,2,15000,24,1,2,1,1,1,1,3,15
1600,3,3,26000,24,1,2,2,1,3,3,3,16.25
900,1,2,11000,24,1,1,2,2,1,1,3,12.22222222
600,1,2,11000,118,3,1,2,1,2,3,2,18.33333333
600,2,2,13000,118,1,2,2,1,3,3,13,21.66666667
800,2,2,13000,61,2,2,2,2,3,2,3,16.25
1050,3,3,18000,118,1,2,2,1,1,2,3,17.14285714
1000,2,2,20000,61,4,3,2,1,1,2,3,20
700,2,2,11000,118,1,1,1,1,3,3,3,15.71428571
1600,3,3,23000,24,1,2,2,4,1,3,6,14.375
900,2,2,15500,24,1,1,1,2,2,2,3,17.22222222
1000,2,2,14000,118,1,1,1,1,1,2,1,14
800,2,2,12500,118,1,1,3,1,2,3,3,15.625
700,2,2,12000,24,1,2,2,1,3,3,4,17.14285714
700,2,2,8500,118,1,2,3,1,5,2,4,12.14285714
700,2,2,9500,118,1,2,1,1,1,2,1,13.57142857
900,2,2,16000,24,1,1,2,1,3,2,3,17.77777778
1300,3,3,45000,24,1,2,2,1,6,3,4,34.61538462
1000,2,3,15000,24,1,1,1,1,2,2,3,15
1712,3,4,32000,24,5,1,2,3,2,3,3,18.69158879
3200,5,5,50000,24,4,1,1,1,1,3,3,15.625
1150,2,2,20000,24,1,1,2,1,3,3,3,17.39130435
1000,2,3,22000,123,1,3,2,1,5,2,5,22
500,1,1,11500,24,2,1,2,1,1,3,4,23
900,2,3,16500,24,1,2,1,1,5,1,3,18.33333333
800,2,2,15000,24,1,1,2,2,4,3,3,18.75
1100,3,3,17000,24,1,1,3,1,4,1,4,15.45454545
1140,2,3,24000,24,1,1,2,1,3,2,3,21.05263158
1775,3,3,50000,134,1,1,1,1,2,3,3,28.16901408
650,2,2,23000,110,1,2,2,2,4,2,2,35.38461538
850,2,2,14000,123,1,2,2,2,2,2,3,16.47058824
2700,4,4,80000,57,1,2,1,1,4,1,3,29.62962963
550,2,2,12000,133,4,2,1,1,3,3,4,21.81818182
800,2,2,14000,123,1,2,2,2,3,3,2,17.5
900,2,2,22000,110,1,2,1,1,2,3,12,24.44444444
1350,3,3,26000,118,1,2,1,5,2,1,3,19.25925926
1500,3,3,32000,134,1,1,2,1,2,3,13,21.33333333
875,2,2,16000,118,1,1,2,1,2,2,5,18.28571429
600,2,2,14000,110,1,2,2,1,2,3,3,23.33333333
1400,2,1,40000,118,1,1,1,1,4,1,4,28.57142857
1200,3,3,26000,118,1,2,2,1,3,2,3,21.66666667
1120,3,3,25000,118,4,1,2,1,2,2,3,22.32142857
1695,4,3,30000,134,1,3,2,2,3,1,4,17.69911504
1200,3,3,20000,118,2,2,1,1,4,3,3,16.66666667
800,2,2,11000,118,1,1,2,1,1,1,3,13.75
1500,3,3,28000,134,1,4,3,1,3,1,3,18.66666667
800,2,2,11000,118,1,1,3,1,1,2,2,13.75
800,2,2,10500,118,1,2,2,1,2,3,7,13.125
1900,3,3,45000,61,1,2,3,2,2,3,4,23.68421053
500,2,2,9500,118,1,2,3,2,3,2,3,19
1100,2,3,16000,118,1,2,3,1,4,3,1,14.54545455
600,3,2,13000,118,2,3,2,1,2,2,3,21.66666667
1200,3,3,19000,118,1,2,3,1,3,1,4,15.83333333
1000,2,2,20000,123,5,2,1,1,3,2,3,20
1388,4,3,35000,162,1,1,1,2,4,2,4,25.21613833
650,3,2,14000,118,5,1,2,1,2,3,3,21.53846154
1250,2,3,30000,162,1,1,2,3,1,3,3,24
1800,2,3,17000,123,1,1,1,1,4,2,3,9.444444444
1200,3,3,23000,67,1,1,2,1,2,3,15,19.16666667
1300,3,3,22000,118,1,2,2,2,2,3,3,16.92307692
750,2,2,15000,123,1,2,3,1,1,3,1,20
1350,3,3,28000,123,1,2,1,1,1,3,3,20.74074074
750,2,2,16000,123,1,1,2,1,3,1,3,21.33333333
1400,3,3,27000,123,1,1,1,1,3,3,4,19.28571429
1200,4,3,26000,123,1,2,2,1,4,1,3,21.66666667
1200,2,2,13000,123,1,1,2,1,3,3,3,10.83333333
800,2,2,20000,123,1,2,2,1,1,2,2,25
1200,4,3,25000,118,1,2,2,1,3,1,3,20.83333333
700,2,2,11000,123,5,1,3,1,3,3,3,15.71428571
900,3,3,14000,118,1,1,2,1,5,2,4,15.55555556
1200,4,3,16000,123,1,2,3,1,3,3,4,13.33333333
500,2,3,11000,118,1,1,2,1,3,2,4,22
1750,3,4,22000,123,1,2,3,1,1,3,3,12.57142857
540,1,2,11000,118,1,2,1,2,1,3,1,20.37037037
1300,2,2,18000,123,4,1,3,2,4,3,3,13.84615385
500,2,2,10500,118,2,1,2,3,1,3,3,21
650,2,2,12000,118,4,2,2,1,4,3,3,18.46153846
1450,3,3,26000,118,1,1,2,1,4,2,4,17.93103448
1800,4,4,35000,118,1,2,2,2,2,1,3,19.44444444
650,2,2,10500,118,1,1,2,1,5,3,4,16.15384615
600,2,2,11000,118,1,3,2,2,2,1,2,18.33333333
1100,2,2,20000,118,1,4,1,1,4,2,3,18.18181818
670,2,2,12000,118,1,1,2,1,5,3,3,17.91044776
700,2,2,12000,118,1,2,2,1,2,1,3,17.14285714
720,2,2,13000,118,1,1,1,1,1,3,2,18.05555556
600,2,2,10000,118,1,1,1,1,3,3,3,16.66666667
200,2,1,8000,118,1,2,2,1,3,2,3,40
1300,2,2,11500,118,1,1,3,3,2,3,4,8.846153846
100,2,1,9000,118,1,1,3,1,2,2,4,90
1000,4,3,18500,118,1,2,1,1,1,3,15,18.5
200,1,1,6000,118,2,1,1,1,3,2,3,30
700,2,2,14000,118,1,1,1,1,4,3,3,20
1200,3,3,15000,123,1,2,2,1,3,3,3,12.5
1200,4,3,20000,118,2,1,3,1,2,2,3,16.66666667
650,2,2,12000,118,5,1,2,1,5,3,3,18.46153846
600,1,2,10500,118,1,1,2,1,4,3,2,17.5
1400,4,3,33000,118,1,1,2,1,2,2,3,23.57142857
650,3,2,12000,118,4,1,2,1,5,3,3,18.46153846
550,3,2,12500,118,1,1,3,2,2,3,5,22.72727273
1200,3,3,13000,118,5,2,3,1,6,3,4,10.83333333
800,2,2,12000,118,4,1,2,1,3,2,3,15
1150,3,2,9000,123,4,2,2,3,4,3,4,7.826086957
1300,4,3,5500000,118,1,2,2,1,2,3,3,4230.769231
800,2,2,10000,118,1,1,1,1,1,2,14,12.5
500,1,2,7000,167,1,1,1,1,4,2,2,14
600,2,2,12000,123,1,1,2,2,3,3,4,20
600,2,2,13500,118,3,1,2,3,3,3,4,22.5
600,1,2,8000,123,2,1,2,1,5,3,4,13.33333333
980,2,2,10000,123,1,2,2,5,3,2,4,10.20408163
500,2,2,12000,118,4,1,2,1,1,1,1,24
2200,4,4,50000,67,1,1,3,1,3,3,14,22.72727273
2335,5,4,45000,67,1,2,2,1,4,1,5,19.27194861
1200,3,3,10000,123,1,2,2,1,3,2,4,8.333333333
600,3,2,12000,118,4,1,1,2,1,3,3,20
1350,3,3,30000,67,1,2,2,2,2,1,3,22.22222222
600,2,2,11000,118,1,2,2,1,1,1,4,18.33333333
520,2,2,17000,118,1,1,2,1,1,3,4,32.69230769
700,1,2,10000,118,4,1,3,1,3,3,3,14.28571429
700,2,2,13000,118,1,1,1,1,3,2,4,18.57142857
700,2,2,12000,118,1,2,2,1,3,3,3,17.14285714
1250,3,3,22500,118,1,1,1,2,1,2,3,18
700,2,2,16000,118,1,1,1,2,3,2,3,22.85714286
1100,3,3,22000,118,1,2,2,2,1,1,3,20
600,2,2,12500,118,1,2,2,1,2,2,5,20.83333333
800,2,2,12000,118,1,1,3,1,4,2,3,15
650,2,2,13000,118,1,1,2,2,3,3,3,20
700,2,2,11000,118,1,2,3,2,2,3,4,15.71428571
540,2,2,11000,118,1,1,1,1,3,2,3,20.37037037
600,1,2,9000,123,1,3,2,1,5,2,4,15
1100,3,3,20000,148,1,2,3,1,2,3,14,18.18181818
1200,2,3,15000,123,1,1,1,1,4,3,3,12.5
600,2,2,8000,118,3,3,2,1,2,3,3,13.33333333
1200,3,3,17000,118,2,2,2,1,4,1,4,14.16666667
100,1,1,7000,56,1,1,3,1,2,3,2,70
2200,3,4,30000,148,1,1,2,1,1,2,4,13.63636364
950,2,2,12000,118,1,2,1,1,1,3,3,12.63157895
800,2,2,12000,118,1,1,2,2,3,2,3,15
1100,4,3,20000,56,1,1,1,2,4,1,3,18.18181818
200,1,1,6300,118,1,2,1,1,1,3,3,31.5
600,1,2,7000,148,3,2,1,2,1,3,3,11.66666667
2200,4,3,35000,56,1,2,2,3,2,3,3,15.90909091
600,2,2,8500,118,4,1,2,3,4,2,4,14.16666667
700,1,2,11500,148,1,1,2,1,4,3,1,16.42857143
600,2,2,13000,61,2,1,2,1,1,3,3,21.66666667
820,2,2,9500,148,1,2,2,1,2,3,15,11.58536585
1525,3,3,6862500,148,1,2,3,1,4,3,3,4500
600,2,2,10000,118,1,2,2,1,1,3,3,16.66666667
600,2,2,10500,118,1,2,2,1,3,3,3,17.5
800,2,2,12000,118,1,2,1,1,2,3,13,15
700,2,2,12000,118,2,2,1,2,2,3,3,17.14285714
1125,2,2,18000,118,1,1,1,1,3,1,3,16
1125,2,2,18000,118,1,3,1,1,2,2,4,16
600,3,2,12000,118,1,1,1,1,1,3,4,20
400,2,1,6500,118,5,1,2,1,2,3,1,16.25
2200,4,4,50000,40,1,1,1,1,2,3,3,22.72727273
800,2,2,13000,118,2,1,1,1,3,3,1,16.25
1175,3,3,23000,56,1,2,1,1,4,4,6,19.57446809
300,2,1,6000,118,1,2,1,1,4,3,3,20
700,2,2,14000,118,1,2,2,3,2,3,1,20
800,3,2,16000,118,1,1,1,1,3,1,3,20
1200,4,3,30000,56,1,2,1,1,2,3,3,25
1200,2,3,17000,56,1,1,1,2,3,2,5,14.16666667
700,2,2,13000,118,1,1,2,2,2,3,4,18.57142857
2200,4,3,30000,56,2,3,2,1,4,1,1,13.63636364
1150,3,3,20000,56,1,3,1,1,2,2,3,17.39130435
800,2,2,12000,123,1,1,1,2,3,2,4,15
1000,3,2,20000,123,1,2,2,1,3,3,5,20
1200,3,3,17000,170,1,1,2,1,4,1,3,14.16666667
3130,4,4,60000,112,5,2,1,1,2,1,1,19.16932907
1200,3,3,13000,123,1,2,3,1,2,2,5,10.83333333
1200,4,3,10000,123,3,2,3,1,3,3,3,8.333333333
600,2,2,13000,123,1,1,1,2,3,2,2,21.66666667
100,1,1,7000,123,1,1,2,2,1,3,3,70
700,2,2,18000,170,1,2,1,1,3,3,3,25.71428571
700,2,2,10500,123,1,2,2,1,4,3,3,15
300,1,2,20000,57,1,2,2,1,3,3,4,66.66666667
2300,4,4,60000,57,5,2,2,1,1,1,3,26.08695652
700,2,2,11000,123,1,2,1,1,5,2,3,15.71428571
1100,1,2,8500,123,2,1,1,1,4,1,4,7.727272727
900,2,3,12000,123,3,1,2,2,4,1,3,13.33333333
850,1,2,7500,123,1,2,2,1,3,2,4,8.823529412
1200,3,3,10000,123,1,2,1,1,2,3,4,8.333333333
600,3,2,13000,123,1,1,2,1,4,3,3,21.66666667
1200,4,3,23000,123,2,1,2,1,1,2,5,19.16666667
1200,3,3,16100,123,1,1,2,1,2,3,7,13.41666667
2000,4,3,30000,123,1,2,1,1,1,2,3,15
1100,3,3,20000,123,1,2,1,1,3,2,3,18.18181818
2300,4,3,50000,56,4,1,2,1,5,3,4,21.73913043
1100,3,3,20000,123,1,1,2,1,2,3,3,18.18181818
2200,3,3,30000,56,1,2,1,1,4,1,4,13.63636364
1200,2,3,15000,123,1,1,2,2,3,3,3,12.5
2300,4,4,40000,56,1,1,3,1,3,2,3,17.39130435
1200,3,3,20000,135,1,2,2,1,3,3,4,16.66666667
1200,2,3,16000,123,1,3,2,1,2,3,3,13.33333333
1100,3,3,17500,123,1,1,3,1,4,2,3,15.90909091
800,2,2,15000,123,4,1,2,1,5,3,4,18.75
600,2,2,15000,123,2,2,2,2,1,1,4,25
650,2,2,7500,95,1,1,2,2,3,2,3,11.53846154
600,2,2,14000,123,1,2,2,1,3,2,3,23.33333333
1700,4,3,40000,123,1,1,2,1,1,3,4,23.52941176
800,1,2,16000,123,1,1,2,2,3,3,3,20
1200,4,3,22000,123,1,1,2,1,1,2,3,18.33333333
400,2,1,5000,33,1,1,1,3,3,3,2,12.5
2800,3,3,50000,123,1,1,3,1,5,3,14,17.85714286
2200,3,3,30000,56,4,2,1,1,4,2,3,13.63636364
650,2,2,7500,95,1,2,2,1,3,3,4,11.53846154
2200,4,3,32000,56,1,1,2,1,2,1,3,14.54545455
600,1,2,7000,95,1,1,2,2,3,3,3,11.66666667
2200,3,3,42000,56,3,1,1,1,3,3,3,19.09090909
1375,3,3,25000,56,1,2,1,3,3,3,5,18.18181818
600,2,2,8500,95,2,2,2,1,2,3,1,14.16666667
1200,2,2,22000,110,2,1,1,1,5,2,6,18.33333333
2200,3,3,35000,56,1,3,2,2,3,3,4,15.90909091
1200,2,2,11000,95,1,1,3,2,3,1,5,9.166666667
2200,4,4,42000,56,1,1,1,1,4,2,1,19.09090909
1200,2,3,10000,95,1,2,2,1,3,2,2,8.333333333
2200,3,3,30000,56,1,1,2,1,2,2,3,13.63636364
1200,2,3,11000,95,1,1,2,2,3,3,1,9.166666667
1200,2,3,10500,95,1,1,1,1,1,1,4,8.75
650,2,2,18000,56,5,2,2,2,4,1,14,27.69230769
2200,4,4,40000,56,1,2,3,1,4,2,4,18.18181818
800,1,2,7000,95,1,1,2,2,3,3,4,8.75
2200,4,4,40000,56,4,2,2,1,3,3,1,18.18181818
1100,2,3,22000,110,1,1,3,2,3,3,3,20
1200,2,2,8000,33,1,2,2,1,2,1,3,6.666666667
1100,3,3,10000,33,1,1,2,2,3,3,3,9.090909091
1200,2,3,7500,33,1,1,2,1,4,3,12,6.25
850,2,2,12000,33,1,3,1,1,1,2,3,14.11764706
1200,2,2,5500,33,1,2,1,1,3,3,3,4.583333333
200,2,1,8000,33,1,1,2,1,3,3,2,40
2300,4,4,40000,56,1,1,2,2,1,3,3,17.39130435
500,2,2,10000,33,1,2,1,1,1,3,4,20
2200,4,5,9000,33,5,3,1,1,5,3,3,4.090909091
1200,2,3,8000,33,1,2,3,1,4,3,3,6.666666667
1200,2,3,8000,33,1,1,1,3,4,1,3,6.666666667
1200,2,3,7000,33,1,2,2,1,3,1,3,5.833333333
1250,3,3,31000,92,5,1,2,1,2,1,4,24.8
800,1,2,3500,33,1,1,2,1,3,3,4,4.375
1050,3,2,35000,92,1,1,2,1,3,3,1,33.33333333
1700,3,3,42000,112,1,2,1,1,5,3,3,24.70588235
906,2,2,8000,118,1,1,1,1,1,1,3,8.830022075
1150,2,3,12000,102,2,1,1,1,1,2,3,10.43478261
2200,4,4,30000,56,1,1,2,1,4,2,5,13.63636364
600,1,2,12000,95,1,2,2,1,1,2,13,20
1100,3,3,20000,56,1,2,1,1,2,3,5,18.18181818
800,2,2,7000,33,1,1,1,1,3,3,1,8.75
1100,3,3,15000,118,1,2,2,1,1,3,12,13.63636364
600,2,2,2200,33,5,1,2,1,2,1,4,3.666666667
900,2,2,6000,33,1,1,2,1,4,1,1,6.666666667
1314,3,3,35000,92,1,1,2,2,1,3,3,26.63622527
600,1,2,4500,33,1,1,2,1,3,2,5,7.5
800,2,2,7000,33,1,1,2,1,4,3,1,8.75
2200,4,4,35000,118,3,2,3,1,2,1,2,15.90909091
2200,4,4,28000,118,1,1,2,1,2,2,4,12.72727273
2150,4,3,30000,118,1,1,1,1,1,2,3,13.95348837
2250,5,4,35000,56,1,1,3,2,2,3,4,15.55555556
1200,1,3,6000,33,3,1,1,2,1,3,4,5
2230,3,4,30000,118,2,1,3,1,3,2,3,13.4529148
1200,2,3,20000,56,1,1,2,1,3,2,4,16.66666667
2150,2,3,25000,118,1,2,1,1,3,3,3,11.62790698
2300,3,4,30000,56,1,1,3,1,4,1,4,13.04347826
1315,3,3,30000,92,1,1,2,1,3,1,4,22.81368821
2200,4,4,22000,56,2,1,2,2,4,4,3,10
2250,4,4,40000,56,1,2,2,1,3,3,2,17.77777778
2150,4,4,25000,118,1,2,2,1,3,3,3,11.62790698
2150,4,4,35000,118,3,1,2,2,1,2,3,16.27906977
2000,3,3,30000,118,2,1,1,1,3,1,3,15
2200,5,4,32000,118,1,1,3,1,2,2,3,14.54545455
650,1,2,5000,33,1,2,2,1,2,1,3,7.692307692
2250,4,3,30000,118,1,2,1,1,4,3,5,13.33333333
1250,3,3,17000,118,1,1,2,1,3,3,3,13.6
1200,4,4,28000,118,1,1,3,1,1,1,3,23.33333333
2200,3,3,30000,118,4,2,2,1,1,2,14,13.63636364
1100,2,2,18000,118,1,2,1,2,3,3,5,16.36363636
2150,3,3,32000,118,1,2,2,1,2,1,4,14.88372093
2200,3,3,35000,118,1,4,3,1,1,2,1,15.90909091
1200,3,3,25000,118,1,1,3,1,3,1,3,20.83333333
700,1,2,5000,33,2,1,2,1,4,2,1,7.142857143
800,2,2,6000,33,1,2,2,1,1,3,3,7.5
1200,3,3,26500,118,1,2,2,1,4,3,3,22.08333333
1100,2,2,20000,118,1,1,3,1,2,1,3,18.18181818
800,1,2,5200,33,1,2,1,2,2,3,3,6.5
1400,5,4,25000,118,1,3,3,1,3,3,3,17.85714286
700,1,2,7000,33,1,2,1,2,3,2,3,10
2200,4,3,30000,56,4,2,1,1,3,3,13,13.63636364
600,2,2,7500,33,1,1,2,2,1,3,3,12.5
2200,3,3,35000,118,1,1,3,1,2,3,11,15.90909091
2500,2,5,9500,33,4,1,3,1,2,2,2,3.8
2200,3,4,30000,118,1,4,1,1,4,1,3,13.63636364
2200,2,3,40000,118,3,1,2,1,2,3,1,18.18181818
800,2,2,8500,33,2,2,1,1,5,3,3,10.625
2200,3,3,35000,118,1,1,1,1,4,3,3,15.90909091
1000,2,2,7000,33,2,1,1,1,2,1,2,7
650,2,2,10000,118,1,2,1,2,3,1,1,15.38461538
2150,4,4,40000,118,1,2,2,1,1,1,3,18.60465116
2200,3,3,32000,118,1,1,1,1,1,1,4,14.54545455
700,2,2,7000,33,3,1,1,1,4,3,12,10
2000,5,4,27000,118,1,2,1,1,2,3,1,13.5
1200,1,3,5000,33,4,1,2,1,1,1,1,4.166666667
1450,3,3,20000,118,1,1,2,1,2,2,3,13.79310345
700,2,2,6000,33,2,3,2,2,4,3,4,8.571428571
1050,3,2,20000,56,1,1,1,1,2,3,4,19.04761905
2250,4,4,45000,118,1,2,2,1,5,3,3,20
1100,2,2,10000,33,1,2,2,1,4,3,4,9.090909091
1200,4,3,17000,135,4,3,3,1,3,1,5,14.16666667
600,2,2,11000,118,1,2,1,1,1,2,4,18.33333333
600,2,2,14000,118,1,3,2,1,2,3,4,23.33333333
650,2,2,11000,118,1,1,2,2,2,3,14,16.92307692
1050,3,3,19000,118,1,1,3,1,5,2,4,18.0952381
1580,3,3,23500,118,1,1,2,2,3,3,4,14.87341772
600,1,2,7000,118,1,1,2,1,5,1,3,11.66666667
2350,4,4,30000,33,1,3,2,1,3,3,3,12.76595745
1200,2,3,18000,118,2,1,2,1,1,3,3,15
600,2,2,7000,118,4,1,3,2,3,1,14,11.66666667
300,2,2,3000,33,1,2,3,1,4,2,3,10
800,2,2,11000,118,2,2,1,1,3,3,3,13.75
300,2,1,5500,118,1,1,3,1,2,2,3,18.33333333
800,2,2,10500,118,4,1,3,1,3,3,3,13.125
200,2,2,4000,33,5,1,1,1,1,2,3,20
700,3,2,7000,33,1,1,2,1,5,3,3,10
1100,3,3,11000,33,1,1,2,1,3,3,2,10
3300,3,7,30000,33,2,1,3,1,4,2,3,9.090909091
2500,4,4,11000,33,2,1,2,1,3,3,3,4.4
1200,2,3,12000,33,1,2,3,1,3,3,3,10
800,3,2,14000,118,1,1,2,1,2,3,4,17.5
1000,2,2,14000,118,4,1,2,3,3,2,3,14
600,2,2,11000,118,1,2,1,3,2,3,4,18.33333333
600,2,2,11000,118,1,2,2,1,2,1,3,18.33333333
1000,2,2,13000,118,4,1,1,1,2,3,4,13
1200,2,3,20000,118,1,2,1,1,2,3,4,16.66666667
650,2,2,12000,118,1,4,2,1,3,2,4,18.46153846
600,2,2,8000,118,1,2,2,1,2,2,4,13.33333333
600,2,2,11500,118,1,2,3,2,4,3,2,19.16666667
1048,2,3,22000,118,1,3,3,1,1,2,5,20.99236641
600,1,2,8000,118,1,3,2,1,1,1,4,13.33333333
1250,3,3,21000,118,1,2,3,1,3,3,4,16.8
600,2,2,16000,118,1,1,3,2,3,3,11,26.66666667
100,1,1,7000,118,1,1,3,1,2,1,3,70
1200,3,3,12500,118,1,3,2,1,3,1,3,10.41666667
600,2,2,13000,118,1,2,1,1,2,1,3,21.66666667
700,2,2,13000,118,1,2,1,2,2,3,1,18.57142857
700,2,2,13500,118,1,2,2,1,2,3,3,19.28571429
1200,2,3,15000,118,1,2,1,1,1,2,4,12.5
1200,4,3,16000,118,2,1,1,2,4,3,4,13.33333333
1200,3,3,16000,118,1,2,1,1,1,3,4,13.33333333
1200,3,3,17000,118,1,1,2,1,2,3,4,14.16666667
600,2,2,12000,118,1,2,1,1,2,3,2,20
1200,3,3,14000,118,1,2,1,2,2,2,4,11.66666667
1300,3,3,25000,118,1,1,3,1,2,3,3,19.23076923
1200,3,3,22000,118,4,2,1,1,3,3,3,18.33333333
1200,3,3,18000,118,1,1,2,1,2,3,4,15
1300,3,3,20000,118,1,3,1,1,1,1,1,15.38461538
600,2,2,17000,118,1,1,2,2,4,2,13,28.33333333
1800,4,4,30000,118,4,1,2,1,3,2,4,16.66666667
700,2,2,12000,118,3,1,1,2,3,3,3,17.14285714
1110,3,3,20000,118,1,1,3,1,5,1,1,18.01801802
1200,3,3,25000,118,1,1,1,2,3,1,3,20.83333333
2200,3,4,25000,56,5,3,2,1,3,3,7,11.36363636
1200,3,3,25000,118,4,1,1,1,2,3,3,20.83333333
700,2,2,10500,118,4,1,2,1,3,2,4,15
1350,2,3,22000,118,1,2,2,2,4,2,3,16.2962963
1300,3,3,22000,118,5,3,2,2,1,2,3,16.92307692
1000,2,2,15000,118,1,1,2,1,2,1,3,15
850,2,2,14000,118,4,1,3,1,3,3,4,16.47058824
1100,3,3,14000,118,4,1,2,1,4,3,4,12.72727273
650,2,2,10500,118,1,1,3,2,3,3,4,16.15384615
1300,3,3,25000,118,1,2,2,1,4,1,4,19.23076923
1000,2,2,8500,33,1,1,1,1,4,1,4,8.5
2200,3,4,25000,118,1,2,2,1,4,4,3,11.36363636
600,2,2,15000,118,1,2,2,1,2,2,4,25
1140,3,3,16000,94,1,1,2,2,1,3,3,14.03508772
800,2,2,16500,123,1,1,3,1,2,3,3,20.625
1250,3,3,18000,118,1,1,3,2,3,3,4,14.4
700,1,2,13000,118,1,2,2,1,3,1,4,18.57142857
600,3,2,12000,118,1,3,2,1,3,1,3,20
1200,3,3,22000,118,1,2,1,1,3,3,4,18.33333333
600,2,2,15000,118,3,2,1,1,3,1,4,25
2000,3,2,20000,118,1,2,3,1,3,2,2,10
600,2,2,11000,118,1,1,2,1,4,3,3,18.33333333
1385,3,3,19000,118,5,2,2,3,4,3,4,13.71841155
600,2,2,3600,33,2,2,2,3,3,3,1,6
600,3,2,15000,118,2,2,2,1,1,3,4,25
1300,3,3,22000,118,3,1,1,2,3,3,3,16.92307692
1300,3,3,27000,118,5,2,2,1,3,3,4,20.76923077
600,1,2,11000,118,1,1,3,1,5,3,4,18.33333333
600,2,2,14500,118,1,2,2,1,1,1,4,24.16666667
600,1,2,4500,33,1,1,3,2,3,2,4,7.5
650,2,2,15000,118,1,1,2,1,3,3,1,23.07692308
1000,3,2,11000,118,1,2,2,1,3,3,4,11
600,1,2,10000,118,1,2,2,1,2,1,3,16.66666667
550,1,2,10500,118,1,2,2,1,1,3,3,19.09090909
800,2,2,12000,118,1,1,3,1,5,3,3,15
600,2,2,12000,118,1,2,1,1,4,3,4,20
1200,4,3,13000,118,1,2,3,1,4,3,3,10.83333333
250,2,2,7000,33,1,2,1,1,4,3,5,28
1200,3,3,17500,118,1,1,2,1,4,2,2,14.58333333
1100,2,3,20000,123,1,2,2,4,4,1,3,18.18181818
850,2,2,12000,118,1,1,2,1,1,3,15,14.11764706
200,2,2,11000,118,1,1,1,1,3,3,4,55
1000,2,3,19000,123,1,1,2,1,2,3,4,19
1300,2,3,15500,118,4,1,2,1,1,3,4,11.92307692
1200,3,3,22000,118,1,2,3,1,3,3,3,18.33333333
1200,3,3,20000,118,1,1,1,1,3,2,4,16.66666667
750,3,3,34000,118,5,1,2,1,4,2,5,45.33333333
700,2,2,12000,33,1,2,1,1,3,3,4,17.14285714
1400,3,3,22000,123,1,2,2,1,2,2,5,15.71428571
200,2,2,10000,33,1,1,1,1,1,2,1,50
700,1,3,6500,33,1,1,1,1,1,2,3,9.285714286
700,1,2,9000,33,1,2,2,1,2,3,3,12.85714286
1300,3,4,15000,118,1,2,2,2,2,3,4,11.53846154
1200,2,3,6000,33,1,2,2,1,5,3,1,5
700,2,3,15000,33,1,1,3,1,4,3,4,21.42857143
200,2,2,7000,33,1,2,2,1,3,3,3,35
700,2,2,12000,118,1,2,3,1,4,2,14,17.14285714
700,1,2,11000,118,1,2,1,1,3,2,3,15.71428571
1350,4,3,18000,118,1,1,2,2,1,2,3,13.33333333
650,2,2,11000,118,4,1,2,1,2,3,3,16.92307692
700,2,2,9500,118,1,3,2,4,4,3,3,13.57142857
500,1,2,12000,118,1,2,1,1,3,3,13,24
1050,3,3,18000,118,2,2,1,1,1,3,3,17.14285714
700,2,3,11000,118,1,2,1,2,5,2,4,15.71428571
1100,3,3,22000,162,1,2,2,1,1,3,4,20
3400,3,3,300000,31,1,1,1,4,2,3,3,88.23529412
1250,3,3,15000,118,1,1,3,1,5,1,3,12
1260,3,3,24000,123,1,2,2,1,1,2,14,19.04761905
700,1,2,14500,123,4,1,3,1,3,3,5,20.71428571
1250,3,3,20000,94,1,1,2,1,5,3,5,16
1250,3,3,25000,162,1,1,2,1,2,3,3,20
1390,3,3,25000,162,1,1,1,1,4,4,3,17.98561151
1100,2,3,18000,162,4,1,3,1,1,3,14,16.36363636
800,1,2,12000,162,1,1,3,1,3,2,3,15
850,2,2,10000,33,1,3,2,1,5,2,4,11.76470588
1457,4,3,22000,118,1,1,2,3,3,2,1,15.09951956
2000,3,3,40000,51,1,1,1,1,2,1,3,20
1000,3,3,30000,56,1,1,2,1,3,2,3,30
700,2,2,5000,33,1,2,2,1,3,2,3,7.142857143
4,2,2,14500,123,4,1,2,1,3,3,3,3625
950,2,4,6000,33,1,2,2,3,2,2,3,6.315789474
100,1,1,1500,33,1,2,1,1,4,3,3,15
1000,3,3,10000,33,1,1,3,1,1,3,4,10
700,2,2,7000,33,4,2,2,1,1,1,16,10
1000,2,2,6000,33,1,3,2,1,1,3,4,6
950,3,3,22000,123,2,1,2,1,3,3,3,23.15789474
720,2,2,8500,33,4,1,2,1,4,3,3,11.80555556
2250,3,4,50000,31,2,2,2,1,2,2,3,22.22222222
1300,2,3,15000,162,1,2,2,1,4,3,3,11.53846154
700,2,2,12500,123,3,2,1,1,4,3,4,17.85714286
1350,3,3,25000,162,1,2,3,1,4,3,3,18.51851852
2500,4,4,65000,31,1,2,2,2,2,1,3,26
2250,3,4,50000,31,2,2,3,1,2,1,2,22.22222222
2200,3,3,120000,31,1,2,3,2,4,2,3,54.54545455
1350,3,3,24000,31,1,1,2,3,3,3,3,17.77777778
700,2,2,16000,123,4,2,2,1,1,2,3,22.85714286
2600,3,3,120000,31,1,2,3,1,4,3,4,46.15384615
650,2,2,8000,33,1,2,3,3,4,3,3,12.30769231
2400,4,4,75000,31,1,2,1,2,5,3,4,31.25
1300,3,3,14000,33,1,3,2,1,3,2,4,10.76923077
2200,3,3,310000,31,1,1,2,1,1,2,4,140.9090909
700,2,2,13500,33,4,1,2,3,1,2,3,19.28571429
2200,3,3,120000,31,1,1,2,1,5,1,14,54.54545455
1438,3,3,25000,162,1,3,1,2,3,3,3,17.3852573
1250,3,3,25000,162,1,1,1,1,3,2,4,20
1400,2,3,14000,33,2,2,2,1,1,2,4,10
1200,3,3,30000,123,1,2,2,1,3,3,4,25
950,2,2,16000,123,1,1,2,2,2,3,2,16.84210526
850,2,2,14000,123,1,2,2,1,2,3,4,16.47058824
700,2,2,15000,123,1,1,3,1,5,2,5,21.42857143
700,1,2,10000,170,1,1,1,1,4,2,3,14.28571429
650,2,2,7000,128,2,3,1,1,3,3,3,10.76923077
700,3,2,12000,123,1,2,1,1,3,3,4,17.14285714
700,2,2,8000,118,1,1,1,2,1,2,4,11.42857143
700,2,2,14000,123,1,2,2,1,3,2,3,20
800,1,2,9000,123,1,1,3,1,4,2,3,11.25
700,2,2,17000,123,1,1,1,4,2,3,3,24.28571429
900,1,3,20000,123,1,2,1,1,2,2,2,22.22222222
1300,1,1,25000,123,1,2,2,2,1,3,1,19.23076923
1328,3,3,25000,162,1,2,3,1,4,2,3,18.8253012
1350,4,3,26000,162,1,1,3,1,3,3,3,19.25925926
1532,3,3,30000,123,1,1,2,1,1,3,13,19.58224543
700,2,2,14000,123,1,2,2,4,1,2,13,20
800,2,2,13000,123,4,2,2,1,2,3,4,16.25
1400,3,3,25000,162,1,1,2,1,4,3,3,17.85714286
1200,3,3,20000,123,1,2,1,1,2,3,4,16.66666667
800,2,3,17000,123,1,1,1,2,3,2,4,21.25
100,1,1,6000,118,1,1,3,1,3,3,3,60
700,3,3,20000,118,5,2,1,1,3,3,3,28.57142857
2400,4,5,38000,118,1,2,3,2,2,2,1,15.83333333
2300,5,4,40000,118,5,1,2,1,3,3,4,17.39130435
800,2,2,12500,118,3,2,2,1,1,3,1,15.625
1150,3,3,20000,123,2,1,2,1,1,3,3,17.39130435
2500,4,3,35000,118,1,1,1,1,1,3,3,14
2300,3,3,75000,31,1,2,3,1,2,3,3,32.60869565
150,1,1,9000,56,1,2,2,2,2,3,3,60
2150,4,4,30000,118,1,3,3,3,2,3,5,13.95348837
2100,4,4,30000,118,1,1,2,1,1,2,4,14.28571429
2300,3,3,35000,118,1,1,1,1,3,2,4,15.2173913
2200,4,4,32000,118,1,2,1,1,2,3,3,14.54545455
1750,3,4,23000,31,1,2,3,1,1,2,4,13.14285714
1100,3,3,20000,118,3,2,3,2,2,2,3,18.18181818
1200,4,4,10000,118,1,2,2,2,4,3,4,8.333333333
1040,3,2,20000,118,1,2,1,1,2,3,3,19.23076923
2200,3,2,35000,56,4,3,2,1,3,2,4,15.90909091
1200,4,2,33000,123,1,2,2,2,4,3,1,27.5
900,2,2,16000,123,2,1,3,2,2,3,4,17.77777778
700,2,2,16000,123,1,2,3,2,3,1,3,22.85714286
900,2,2,22000,123,1,1,2,1,3,2,11,24.44444444
1300,3,3,21000,123,2,2,1,2,3,2,2,16.15384615
2082,5,4,45000,123,1,1,1,2,3,3,4,21.61383285
1000,3,3,18000,118,2,1,2,1,3,2,5,18
1200,2,2,14000,123,1,1,1,1,2,3,3,11.66666667
700,2,2,12000,123,1,2,1,1,1,2,3,17.14285714
1400,2,3,22000,123,1,1,2,1,1,3,3,15.71428571
1200,2,3,14000,118,4,1,2,1,4,1,4,11.66666667
700,2,2,16000,123,1,2,3,1,2,1,4,22.85714286
850,2,3,16000,118,1,1,1,1,3,2,3,18.82352941
700,2,2,14000,118,1,2,1,1,2,2,3,20
1300,3,3,17000,118,1,1,2,1,3,3,5,13.07692308
1000,3,3,25000,118,1,2,2,2,1,3,3,25
1400,3,3,24000,123,1,1,1,2,3,3,3,17.14285714
650,2,2,10500,118,1,1,2,1,3,3,3,16.15384615
800,2,2,14000,123,1,4,2,4,1,3,1,17.5
600,1,2,10000,118,4,3,3,1,1,3,3,16.66666667
650,2,2,13000,123,1,1,1,1,6,2,4,20
1250,3,3,23000,123,1,1,2,3,2,1,3,18.4
450,1,1,8000,123,1,2,2,1,3,3,3,17.77777778
2082,31,4,45000,123,4,1,2,2,3,1,4,21.61383285
2200,3,3,40000,118,1,1,2,2,4,3,2,18.18181818
800,2,2,16000,123,1,1,2,1,4,2,4,20
2200,4,4,55000,123,1,2,2,1,1,3,5,25
450,1,1,8000,123,1,1,2,1,3,2,3,17.77777778
650,2,2,13000,123,1,2,3,3,4,3,3,20
700,2,2,11000,123,2,1,2,1,1,3,2,15.71428571
1100,3,3,15000,118,1,1,2,1,1,3,3,13.63636364
700,2,2,10500,123,1,2,2,1,3,2,3,15
800,2,2,15000,123,1,1,3,2,1,2,5,18.75
1200,3,3,17000,123,1,1,2,1,2,3,4,14.16666667
700,2,2,12500,123,1,1,1,2,3,1,3,17.85714286
800,2,2,10000,123,1,1,2,1,1,2,3,12.5
1024,2,3,15000,118,1,1,3,1,4,2,3,14.6484375
700,1,1,7000,118,1,1,2,1,1,3,3,10
800,2,2,17000,123,1,1,2,2,4,1,3,21.25
625,1,2,12000,118,2,2,1,1,2,2,3,19.2
800,1,2,11500,145,1,2,3,1,5,3,2,14.375
450,1,2,8000,145,1,1,2,1,3,2,4,17.77777778
900,2,2,11000,145,1,2,1,3,2,3,3,12.22222222
600,2,2,10000,145,1,2,2,1,3,1,3,16.66666667
650,2,2,11000,123,4,2,2,1,1,2,3,16.92307692
800,2,2,13000,145,1,2,2,1,1,2,4,16.25
700,1,2,11000,145,1,2,3,1,1,2,4,15.71428571
500,1,2,10000,145,4,2,1,1,1,3,2,20
1100,2,2,15000,145,1,2,1,1,1,2,4,13.63636364
1800,3,4,20000,145,1,2,2,1,3,1,3,11.11111111
1550,2,3,40000,55,1,2,2,1,1,2,3,25.80645161
1250,4,3,24000,170,1,2,1,2,2,3,2,19.2
2650,4,3,100000,55,1,2,3,1,3,3,3,37.73584906
2700,4,3,80000,55,1,1,2,1,3,3,3,29.62962963
1800,3,3,75000,55,1,1,2,1,2,2,4,41.66666667
2600,4,4,100000,55,5,2,2,1,1,2,3,38.46153846
2160,4,4,200000,135,1,1,2,2,2,2,5,92.59259259
1250,2,3,40000,133,1,1,2,3,1,2,3,32
2000,4,4,35000,56,1,2,1,1,3,1,4,17.5
5,2,2,17000,135,1,1,3,1,3,2,4,3400
2000,4,4,28000,56,1,2,1,1,2,3,3,14
2100,4,4,30000,56,1,1,2,1,2,2,3,14.28571429
1300,3,3,30000,55,2,1,2,1,1,1,4,23.07692308
2200,3,5,28000,56,1,2,2,3,3,3,3,12.72727273
2600,4,4,75000,55,1,2,2,1,1,1,1,28.84615385
2200,3,4,35000,56,1,2,2,1,3,2,2,15.90909091
2150,3,3,35000,56,1,1,3,1,3,2,3,16.27906977
1600,3,3,30000,135,1,1,1,2,4,1,15,18.75
850,2,2,20000,135,1,1,2,2,5,2,3,23.52941176
1500,3,3,36000,135,1,2,2,2,1,3,4,24
800,2,2,18000,135,1,1,2,1,1,3,3,22.5
750,2,2,16000,135,1,2,2,1,3,3,3,21.33333333
1400,3,3,30000,135,1,2,3,1,4,3,4,21.42857143
700,3,2,16000,135,2,1,2,1,1,1,4,22.85714286
900,2,2,15500,162,1,2,2,1,1,3,3,17.22222222
2150,3,4,30000,56,5,1,1,1,2,3,3,13.95348837
1300,3,3,35000,55,1,1,1,1,4,2,1,26.92307692
1250,3,3,30000,55,2,3,2,1,2,2,8,24
2150,3,4,30000,56,1,2,1,1,2,2,3,13.95348837
900,2,2,14000,145,1,2,1,1,3,3,4,15.55555556
2200,5,3,33000,56,2,2,3,1,1,2,4,15
1400,3,3,16000,24,1,1,1,1,1,2,4,11.42857143
2200,3,4,28000,56,1,1,2,1,1,3,3,12.72727273
2200,3,4,30000,56,1,1,2,1,3,3,3,13.63636364
1400,2,3,20000,56,3,1,1,1,1,2,4,14.28571429
1200,2,3,18000,24,1,2,2,1,3,1,3,15
1050,1,2,9000,24,1,2,1,1,1,1,3,8.571428571
1400,3,3,25000,145,3,1,2,3,3,3,4,17.85714286
1100,1,2,7500,145,1,1,2,1,4,1,1,6.818181818
1400,4,3,22000,145,1,1,2,1,3,2,3,15.71428571
2500,4,3,50000,22,1,2,1,1,4,2,3,20
1120,3,3,18000,56,1,1,1,1,3,2,1,16.07142857
600,2,2,8000,145,1,2,3,1,2,3,4,13.33333333
1780,3,3,40000,31,2,1,3,1,2,3,1,22.47191011
2000,4,4,25000,56,1,1,3,1,4,3,4,12.5
2000,4,4,28000,56,1,1,2,1,4,1,4,14
2200,3,4,25000,56,1,2,2,2,3,2,4,11.36363636
1100,2,2,13500,118,1,1,1,1,2,3,3,12.27272727
900,2,2,10000,118,1,1,1,1,1,3,4,11.11111111
3000,1,3,10000,51,1,1,1,2,3,3,4,3.333333333
650,2,2,9000,118,4,1,3,3,3,2,3,13.84615385
150,1,1,10000,116,1,1,1,1,1,2,1,66.66666667
925,2,2,14000,118,5,1,2,2,3,3,3,15.13513514
1100,2,3,70500,118,2,1,2,1,2,3,4,64.09090909
150,1,1,7500,118,1,1,2,1,2,2,3,50
600,2,2,10000,118,1,2,2,1,2,3,5,16.66666667
600,1,1,4000,118,1,3,1,1,3,2,4,6.666666667
975,2,3,13500,118,1,4,1,1,4,3,4,13.84615385
900,2,2,11500,118,1,1,3,1,5,2,3,12.77777778
600,1,2,11100,118,1,2,2,1,2,1,4,18.5
600,2,2,10000,118,1,2,3,1,2,1,3,16.66666667
1000,3,3,18000,145,1,2,1,2,2,2,5,18
1110,1,4,18000,118,3,1,2,1,4,2,3,16.21621622
1200,5,4,30000,118,1,1,2,1,5,3,4,25
900,3,3,20000,118,1,1,2,1,4,2,3,22.22222222
900,3,2,14000,118,3,2,1,1,3,3,2,15.55555556
1850,3,3,35000,92,1,2,1,1,2,3,3,18.91891892
700,2,2,9500,118,1,1,1,1,1,3,3,13.57142857
600,1,1,5000,118,1,1,2,1,4,2,3,8.333333333
700,1,1,6000,118,1,2,1,1,3,3,4,8.571428571
700,2,1,9000,118,1,1,3,1,3,3,3,12.85714286
800,1,2,8000,118,1,1,2,1,2,3,3,10
1150,2,4,26000,118,2,3,1,2,1,1,3,22.60869565
800,2,3,18000,118,1,2,2,1,3,1,5,22.5
600,1,2,9500,118,4,2,1,1,1,3,4,15.83333333
900,1,2,10000,118,1,4,3,1,3,3,1,11.11111111
1200,2,3,14000,118,1,1,2,1,2,3,3,11.66666667
2250,3,4,35000,118,4,2,2,1,4,2,3,15.55555556
1000,2,2,15000,120,1,1,2,3,2,3,3,15
2400,4,3,45000,118,1,3,1,1,2,2,5,18.75
800,1,2,12000,118,1,2,1,3,2,1,3,15
2150,3,4,25000,118,1,1,2,1,4,3,3,11.62790698
2500,1,2,30000,133,4,1,3,1,5,3,3,12
1100,1,2,16000,118,1,3,1,1,4,2,12,14.54545455
1100,2,2,18000,118,1,2,2,1,4,3,15,16.36363636
2100,2,4,27000,56,1,1,1,1,3,2,3,12.85714286
1800,1,2,14000,118,1,1,2,1,1,2,11,7.777777778
1150,3,3,19500,118,1,1,1,1,1,2,3,16.95652174
600,1,2,7500,118,3,2,2,1,1,3,1,12.5
2200,3,4,32000,118,3,1,1,1,4,2,3,14.54545455
815,2,2,11000,118,1,1,1,1,3,3,3,13.49693252
500,2,2,11000,116,1,1,2,1,4,1,3,22
850,2,3,16000,118,1,1,2,1,1,3,13,18.82352941
2260,4,4,27000,118,2,1,2,1,2,3,3,11.94690265
600,1,2,7000,70,1,2,2,1,4,3,7,11.66666667
900,3,3,18000,118,1,1,1,1,2,3,4,20
800,3,3,17000,118,1,2,3,1,3,2,1,21.25
850,2,3,12000,118,1,1,1,1,1,3,3,14.11764706
600,2,2,5000,118,1,2,2,1,5,4,3,8.333333333
1600,3,3,28000,24,1,2,3,1,2,2,4,17.5
700,2,2,10500,118,1,2,1,1,4,3,3,15
600,2,2,9500,118,1,2,2,1,4,3,3,15.83333333
1000,2,3,12000,118,3,1,3,1,1,3,4,12
800,2,3,8000,143,1,3,2,1,4,3,3,10
1100,2,3,70500,118,2,2,2,1,1,2,3,64.09090909
800,3,3,12000,118,1,2,2,1,3,2,15,15
2600,3,5,60000,120,1,2,2,1,1,3,3,23.07692308
600,1,2,8000,70,1,2,2,1,2,1,4,13.33333333
500,1,2,9000,118,1,2,2,2,5,3,3,18
2400,5,6,70000,118,1,1,3,3,2,2,5,29.16666667
800,3,3,22000,118,4,3,2,1,5,3,2,27.5
600,1,2,7500,118,4,1,2,1,4,3,4,12.5
650,2,2,11000,118,1,1,2,1,1,3,4,16.92307692
2350,4,4,38000,118,1,1,1,1,3,3,4,16.17021277
300,1,2,8000,118,4,2,3,1,3,3,4,26.66666667
900,2,2,11500,145,1,1,3,1,2,3,4,12.77777778
925,2,2,14000,118,4,2,1,3,1,2,1,15.13513514
1100,1,2,8000,70,1,2,3,1,3,3,4,7.272727273
800,2,2,9500,118,1,2,2,1,3,3,5,11.875
1600,2,3,10000,118,1,2,2,1,4,3,3,6.25
600,1,2,9500,118,1,2,1,3,3,2,4,15.83333333
800,3,3,20000,118,1,2,1,2,2,3,4,25
3000,5,5,80000,22,1,1,2,1,3,3,3,26.66666667
800,2,2,12000,118,1,1,2,1,2,3,2,15
720,2,2,9500,118,4,1,2,2,2,3,3,13.19444444
800,1,2,7000,118,1,2,2,1,4,3,3,8.75
800,2,3,18000,118,1,2,1,2,1,3,3,22.5
800,2,3,20000,120,1,1,3,1,1,3,3,25
150,1,1,4500,120,1,1,2,1,2,3,4,30
800,2,2,20000,120,2,1,2,2,4,1,3,25
150,1,1,9000,145,1,2,1,1,2,1,3,60
2200,3,4,40000,118,1,1,2,1,4,3,3,18.18181818
500,1,2,3800,143,1,3,1,1,2,2,3,7.6
800,1,3,10000,118,1,3,3,1,3,4,4,12.5
150,1,1,10000,120,2,1,2,3,3,3,3,66.66666667
2200,1,1,80000,118,1,1,3,1,2,1,1,36.36363636
1250,3,3,17000,118,1,2,3,1,3,3,4,13.6
800,2,2,12000,145,2,1,2,1,2,1,3,15
2200,4,3,35000,118,1,1,2,1,1,3,3,15.90909091
600,2,2,13000,120,1,1,2,1,3,3,4,21.66666667
1200,4,4,27000,120,1,1,3,1,2,3,4,22.5
2200,4,4,30000,120,1,2,1,1,4,3,3,13.63636364
2200,5,4,32000,120,2,2,2,3,5,3,3,14.54545455
600,1,2,10000,118,4,1,1,1,2,1,3,16.66666667
600,1,2,12000,120,1,1,1,1,3,3,4,20
600,1,1,11000,118,1,1,2,2,4,3,1,18.33333333
2200,4,4,2200,120,2,2,2,1,6,3,4,1
150,1,1,2800,70,1,2,2,1,1,1,4,18.66666667
900,2,1,12000,70,1,1,2,1,4,3,3,13.33333333
800,2,2,7000,70,1,1,1,1,3,3,5,8.75
1000,2,2,14000,120,1,2,3,2,3,2,4,14
600,1,2,8000,120,1,2,2,1,2,2,4,13.33333333
800,2,2,7000,70,4,1,2,1,4,2,4,8.75
1200,2,2,7500,70,4,2,2,2,2,2,2,6.25
600,1,2,4000,70,4,1,2,1,3,3,4,6.666666667
150,1,1,3000,70,1,1,1,1,4,3,3,20
600,1,1,10000,143,2,1,2,1,4,3,3,16.66666667
600,1,1,3000,143,1,2,2,1,2,3,4,5
500,2,2,13500,70,2,2,2,1,5,3,4,27
400,1,1,6000,70,4,1,1,1,4,2,4,15
800,2,2,8000,70,1,2,2,1,1,3,3,10
400,1,2,5000,70,1,1,2,1,1,2,3,12.5
800,1,2,6000,70,2,1,2,1,4,3,3,7.5
400,1,1,7000,70,1,1,2,5,3,2,4,17.5
500,2,2,8500,70,1,1,2,1,1,2,4,17
600,2,2,7000,70,1,1,2,1,4,2,3,11.66666667
600,2,2,8000,70,1,1,2,1,3,3,3,13.33333333
1300,2,2,10500,70,5,1,2,1,6,2,4,8.076923077
900,2,3,20000,123,1,1,2,1,3,1,4,22.22222222
2200,4,4,45000,56,1,2,2,1,4,3,3,20.45454545
800,2,2,9000,70,1,1,1,1,3,3,3,11.25
900,2,2,10000,70,1,2,2,2,5,1,4,11.11111111
2200,4,4,45000,56,1,2,3,3,1,2,4,20.45454545
2200,3,4,30000,56,2,1,2,2,3,2,14,13.63636364
2200,4,4,45000,56,1,1,2,2,5,3,4,20.45454545
1050,2,2,9000,45,4,2,2,2,4,1,4,8.571428571
1000,2,2,10000,70,1,1,1,1,1,3,3,10
2700,3,3,50000,22,1,3,1,1,2,3,3,18.51851852
800,2,2,30000,120,1,2,1,2,3,3,5,37.5
800,2,1,7000,70,1,1,3,1,4,3,4,8.75
850,1,2,7500,70,1,2,2,2,5,3,3,8.823529412
500,1,1,3500,70,5,1,1,1,3,2,5,7
700,2,2,5000,70,1,1,2,1,1,2,3,7.142857143
700,2,2,9000,70,1,1,1,1,4,1,3,12.85714286
4,1,2,5000,70,1,2,3,2,1,1,3,1250
2250,3,3,100000,22,4,1,2,1,1,3,3,44.44444444
800,1,2,6000,143,1,1,1,1,3,2,3,7.5
600,2,2,10000,70,1,3,1,1,3,3,3,16.66666667
2000,3,4,30000,56,4,1,2,1,2,1,3,15
1000,2,3,8500,70,3,2,3,1,3,1,4,8.5
600,2,1,7000,70,1,1,2,4,1,3,1,11.66666667
800,1,2,4500,70,1,1,1,1,1,3,4,5.625
1200,2,3,10000,70,1,1,2,1,3,3,3,8.333333333
1200,3,3,35000,112,1,2,2,1,5,2,5,29.16666667
800,2,2,8000,70,1,2,1,1,1,2,5,10
600,1,1,6000,70,2,1,2,3,4,2,5,10
1400,3,3,60000,120,1,3,2,1,2,3,5,42.85714286
1250,3,3,14000,70,1,1,1,1,3,3,4,11.2
1000,2,2,7000,70,5,1,2,1,4,1,2,7
1250,1,2,30000,120,1,1,2,3,4,1,1,24
1000,2,2,8000,143,1,1,3,4,4,1,4,8
450,1,1,4000,70,1,1,2,1,4,1,3,8.888888889
1100,3,2,14000,70,1,1,2,1,5,1,4,12.72727273
1250,1,2,30000,120,1,1,2,2,1,3,4,24
600,1,2,9000,70,1,1,1,2,3,3,4,15
600,2,2,5000,70,1,2,3,1,4,3,13,8.333333333
900,1,2,10000,70,1,1,2,4,4,3,3,11.11111111
1900,2,2,10000,70,4,1,2,1,4,3,4,5.263157895
1000,2,3,11500,70,1,1,1,1,4,3,5,11.5
1000,2,3,9500,70,1,3,2,3,2,1,3,9.5
1000,2,3,10000,70,2,2,2,1,2,3,4,10
300,1,2,5000,70,1,2,2,1,1,3,3,16.66666667
300,1,2,7000,70,2,1,2,2,2,1,4,23.33333333
700,2,2,8500,70,1,1,3,1,5,3,8,12.14285714
900,2,2,8500,70,1,2,2,2,2,2,3,9.444444444
600,1,2,7000,70,1,2,2,1,2,3,1,11.66666667
700,1,2,20000,120,1,2,2,1,2,2,3,28.57142857
850,2,2,12000,70,2,1,2,3,4,2,12,14.11764706
800,2,2,6500,70,1,2,2,1,3,3,3,8.125
150,1,1,5500,70,1,1,3,1,1,3,4,36.66666667
1000,2,2,10000,70,1,1,1,1,2,1,1,10
600,1,2,6500,70,1,1,3,1,3,2,3,10.83333333
1200,2,3,7000,70,2,1,2,1,1,3,4,5.833333333
600,3,2,7500,70,1,2,1,2,3,3,3,12.5
1200,2,1,9000,70,1,1,2,1,3,3,3,7.5
150,1,1,4500,70,1,1,2,1,5,3,3,30
600,1,1,5000,70,1,1,2,2,4,2,3,8.333333333
1600,2,3,12000,70,1,2,2,1,3,2,3,7.5
1250,2,2,6600,70,1,1,2,1,4,3,12,5.28
800,1,1,6500,70,1,1,1,1,1,3,4,8.125
1000,1,1,10000,70,5,1,2,1,1,2,3,10
150,1,1,5000,70,1,2,2,1,3,2,4,33.33333333
400,1,1,4000,70,1,1,3,1,1,2,4,10
800,2,1,7500,70,1,1,3,1,1,1,5,9.375
800,1,2,5500,70,4,1,2,1,3,2,3,6.875
800,1,1,6500,70,4,1,2,3,2,3,3,8.125
1700,2,1,8000,70,2,3,2,2,3,2,3,4.705882353
800,2,2,7000,70,1,1,2,1,1,3,4,8.75
600,1,1,5000,70,1,1,3,1,3,3,3,8.333333333
600,2,1,5000,70,1,2,2,2,5,3,4,8.333333333
800,2,1,6000,70,4,2,1,1,1,3,4,7.5
800,1,2,7000,70,1,1,2,1,2,2,1,8.75
1200,2,2,6000,70,1,1,1,1,2,2,4,5
1200,2,2,10500,70,1,1,3,1,1,3,3,8.75
800,2,1,11000,70,5,2,1,1,4,2,4,13.75
800,2,2,17000,120,1,3,3,2,3,2,3,21.25
600,1,2,6000,33,1,1,2,2,1,2,4,10
700,2,2,23000,120,1,1,2,2,4,3,4,32.85714286
800,2,2,11000,120,1,2,2,4,5,3,6,13.75
600,1,2,10000,120,4,1,1,2,4,3,3,16.66666667
800,2,2,15000,123,1,2,2,3,1,3,3,18.75
2500,5,4,25000,51,1,1,1,3,2,3,3,10
1600,2,2,17000,120,4,1,1,1,3,2,4,10.625
150,1,1,7000,120,2,1,2,1,3,3,5,46.66666667
1000,2,2,14000,120,1,3,2,2,4,3,4,14
900,2,3,25000,120,1,3,2,1,2,2,3,27.77777778
2,1,2,11000,120,1,2,2,1,1,3,4,5500
840,2,1,8500,70,1,1,3,2,3,1,6,10.11904762
400,1,1,10000,120,4,1,3,1,3,2,1,25
1500,2,2,12500,120,4,2,2,1,2,1,3,8.333333333
1000,2,1,8000,70,1,1,1,2,5,2,3,8
1000,2,1,9000,70,4,1,2,1,5,2,4,9
1100,2,1,9000,70,1,2,2,1,2,3,3,8.181818182
1000,2,1,10500,70,4,2,3,1,1,2,3,10.5
300,2,1,3000,67,2,1,2,1,2,1,3,10
800,2,2,12000,123,1,1,2,1,3,2,4,15
300,1,1,6000,123,1,2,2,3,3,1,3,20
600,3,2,13000,170,3,1,3,1,6,3,3,21.66666667
300,2,1,3200,92,4,1,2,1,4,1,3,10.66666667
1000,2,3,19000,94,1,1,2,1,3,1,3,19
800,2,2,21000,170,2,1,1,1,1,3,4,26.25
150,1,1,6000,133,1,3,2,2,2,3,5,40
1200,3,3,24000,123,1,1,1,1,3,3,3,20
200,1,2,9000,133,1,2,3,2,1,2,3,45
600,2,2,12500,118,2,2,3,1,4,1,3,20.83333333
300,1,1,1000,33,1,2,1,1,3,1,4,3.333333333
600,1,2,12000,67,1,2,2,3,1,1,3,20
600,1,1,2000,33,5,2,2,1,3,3,3,3.333333333
600,2,2,9500,101,1,2,2,5,4,3,4,15.83333333
500,2,1,7500,133,1,1,2,2,4,3,4,15
900,1,2,10000,133,1,1,3,2,4,3,4,11.11111111
600,1,2,2000,33,1,2,2,1,3,2,3,3.333333333
400,1,1,8500,101,1,1,2,1,2,3,14,21.25
600,1,2,9000,101,1,2,2,1,3,3,4,15
600,2,2,13000,145,1,1,1,1,4,1,3,21.66666667
1100,3,3,16000,145,1,1,2,1,4,3,4,14.54545455
700,1,2,8500,145,2,2,1,2,1,1,3,12.14285714
927,3,3,23000,67,1,1,2,1,3,2,13,24.81121899
300,1,1,4000,33,2,1,2,3,1,3,3,13.33333333
750,2,4,13000,145,1,1,3,1,5,3,4,17.33333333
600,1,2,10000,145,1,1,1,1,1,1,3,16.66666667
800,2,2,10000,145,1,1,2,3,3,3,4,12.5
1200,3,3,18000,24,1,1,2,1,1,3,4,15
1200,2,3,15000,145,1,1,1,2,4,2,3,12.5
1200,2,3,16000,145,1,1,2,1,3,1,4,13.33333333
1500,2,3,12500,24,1,3,3,1,5,2,6,8.333333333
800,1,2,8000,145,4,1,3,1,2,3,3,10
300,1,1,5000,145,1,1,2,1,2,3,4,16.66666667
700,1,2,8000,145,1,1,2,1,1,2,3,11.42857143
990,2,3,17000,145,1,1,2,1,4,1,4,17.17171717
2200,4,3,40000,56,1,1,2,5,4,3,4,18.18181818
2250,3,3,48000,123,1,1,2,1,4,2,3,21.33333333
600,1,2,6000,33,3,1,2,1,4,3,3,10
1120,2,3,14000,100,1,1,2,2,3,3,4,12.5
500,1,1,1600,33,1,1,2,1,2,3,4,3.2
1000,3,3,15000,123,2,1,2,1,2,2,1,15
1020,2,3,14000,113,3,1,2,1,4,3,6,13.7254902
1300,2,3,20000,162,1,2,1,1,4,3,1,15.38461538
1300,4,4,17000,123,4,1,1,4,5,3,3,13.07692308
2100,4,4,35000,123,3,1,2,1,6,3,3,16.66666667
600,1,1,4000,33,5,1,1,1,3,3,4,6.666666667
800,2,2,6000,33,1,1,3,2,3,2,3,7.5
750,2,2,21000,123,1,1,1,1,4,3,4,28
800,2,2,18000,119,1,1,2,1,2,3,8,22.5
400,1,1,5500,116,1,1,1,1,2,3,1,13.75
1200,2,3,24000,139,1,2,3,1,3,3,3,20
1250,3,3,15000,123,4,1,2,1,1,1,13,12
600,2,2,12000,102,1,1,3,1,3,2,5,20
600,2,2,12000,118,1,2,3,1,3,1,3,20
600,1,2,2500,33,2,2,1,1,2,3,3,4.166666667
800,2,2,19000,133,4,2,2,1,3,3,3,23.75
800,2,2,13500,101,1,1,2,1,1,3,3,16.875
1250,2,3,20000,118,1,2,3,1,4,2,3,16
800,2,2,12000,145,4,1,2,1,2,1,3,15
1100,3,3,26000,120,1,1,3,1,3,3,15,23.63636364
800,2,2,11000,51,1,3,1,4,1,2,5,13.75
700,2,2,3000,33,1,2,1,1,4,1,3,4.285714286
700,1,2,3500,33,1,1,2,3,5,2,1,5
700,1,2,4000,33,1,2,2,1,1,3,3,5.714285714
400,1,1,2800,33,1,2,2,2,3,3,4,7
800,2,2,8000,51,1,1,2,2,3,2,4,10
800,2,2,17000,123,2,1,2,5,3,3,4,21.25
800,2,2,15000,67,5,1,3,1,2,3,4,18.75
1250,3,3,25000,92,4,2,2,1,5,3,3,20
800,2,2,6000,33,1,1,2,1,3,3,4,7.5
1350,3,3,32000,120,1,1,3,1,3,2,4,23.7037037
800,2,2,6000,33,1,1,2,2,1,3,3,7.5
1800,2,2,28000,120,1,2,2,1,5,2,3,15.55555556
800,2,2,17000,123,1,1,1,2,1,3,2,21.25
2,1,2,14000,162,1,1,2,1,2,3,5,7000
1100,3,3,28000,92,4,1,2,1,4,3,1,25.45454545
1000,2,3,15000,123,5,1,2,1,2,1,2,15
1000,3,2,12000,103,1,1,3,2,4,2,3,12
800,2,2,10000,103,1,2,1,1,4,1,3,12.5
1000,2,3,6000,33,1,2,2,1,2,2,3,6
100,2,3,14000,120,1,1,1,1,2,3,7,140
750,2,2,10000,103,1,1,2,1,3,3,3,13.33333333
800,2,2,16000,120,4,2,1,1,1,3,3,20
800,2,2,7300,46,1,1,2,2,4,3,3,9.125
1200,2,2,12000,103,1,1,2,2,4,1,4,10
700,1,2,6000,103,2,1,3,1,1,1,3,8.571428571
800,1,2,14000,120,1,3,3,1,4,1,3,17.5
800,1,2,13000,67,1,1,1,1,3,3,3,16.25
1000,2,3,15000,120,2,1,1,1,5,2,2,15
1000,2,3,15000,123,1,1,3,1,2,3,4,15
150,1,1,7000,120,1,2,1,1,4,3,3,46.66666667
1400,3,3,30000,67,1,1,3,1,1,2,3,21.42857143
800,1,2,17500,120,2,1,3,2,3,3,4,21.875
800,2,2,8000,33,3,1,1,1,3,3,6,10
800,2,2,15000,120,1,2,3,1,2,3,5,18.75
700,1,1,3500,103,2,1,3,1,5,2,3,5
2700,3,4,95000,120,1,1,1,2,4,1,3,35.18518519
500,1,1,3500,131,2,1,3,1,3,1,4,7
200,1,1,6000,131,1,1,2,2,1,1,10,30
800,2,2,1500,120,1,2,2,1,5,2,3,1.875
800,2,2,11000,131,1,1,2,1,1,4,1,13.75
860,3,3,15000,131,1,2,1,1,4,3,3,17.44186047
650,2,3,10500,131,1,1,2,1,3,3,3,16.15384615
350,2,2,10000,131,1,1,2,1,3,1,3,28.57142857
750,2,2,11000,131,1,1,1,1,1,2,2,14.66666667
1550,3,3,20000,131,5,1,3,1,1,1,3,12.90322581
1550,4,3,25000,131,5,2,3,2,1,3,4,16.12903226
1000,2,2,20000,120,1,2,2,1,1,2,4,20
1200,2,3,11000,132,1,1,1,4,2,2,1,9.166666667
1350,3,3,34000,123,4,1,2,1,3,3,3,25.18518519
800,1,2,6000,103,1,1,3,1,2,2,5,7.5
700,1,2,4500,103,1,1,1,4,2,3,3,6.428571429
750,2,2,10000,128,1,1,1,1,2,1,3,13.33333333
1000,3,2,17000,102,1,1,1,1,1,3,3,17
500,2,3,6500,120,5,2,2,1,3,2,15,13
800,2,3,10000,131,4,1,3,1,2,3,4,12.5
500,2,2,5000,33,4,1,1,2,1,1,3,10
800,2,3,11200,33,1,1,1,1,4,2,5,14
1500,1,3,40000,123,1,1,3,2,4,2,1,26.66666667
800,2,2,4000,33,4,1,3,5,1,2,3,5
800,2,2,13000,123,4,1,2,1,2,2,4,16.25
2000,1,3,23000,120,1,1,2,1,2,3,3,11.5
2000,3,3,28000,123,1,2,3,1,3,1,3,14
1550,3,3,25000,131,1,1,1,1,4,3,3,16.12903226
800,2,2,12000,123,1,1,3,1,5,3,2,15
500,1,1,4000,33,1,1,1,1,2,1,3,8
600,2,2,8000,33,1,2,2,1,3,3,3,13.33333333
1000,3,3,14000,55,1,2,2,1,3,3,3,14
650,1,2,10000,120,1,1,1,1,4,3,2,15.38461538
700,1,2,7500,131,2,1,2,1,2,3,5,10.71428571
800,2,2,10000,131,1,2,1,1,3,3,3,12.5
700,2,2,80000,131,1,2,3,1,4,2,3,114.2857143
800,1,2,10000,120,1,2,2,1,2,3,3,12.5
1200,3,3,17000,131,1,1,2,1,2,1,3,14.16666667
900,3,4,7000,33,2,2,1,2,3,3,12,7.777777778
800,2,2,4500,33,1,1,2,1,1,3,2,5.625
1000,2,3,7000,33,1,2,3,1,3,3,3,7
500,2,2,6000,33,1,2,1,1,1,3,10,12
600,2,3,8000,33,1,2,2,1,3,3,4,13.33333333
800,1,2,1400,33,4,2,2,1,1,3,12,1.75
600,2,2,7000,33,1,2,2,1,3,3,4,11.66666667
500,1,1,3500,33,1,2,2,1,1,3,14,7
500,1,1,5000,33,2,2,1,2,3,3,3,10
5500,2,2,6500,33,1,2,2,1,4,3,3,1.181818182
500,1,1,6500,33,4,2,1,1,2,1,2,13
200,1,1,2500,33,5,1,1,1,2,2,4,12.5
900,3,3,3000,33,1,1,2,2,4,3,1,3.333333333
1460,3,3,33000,123,1,2,2,1,5,3,4,22.60273973
1100,3,3,22500,123,4,1,1,1,5,2,1,20.45454545
450,1,1,9500,123,1,2,1,1,4,3,4,21.11111111
800,2,2,15000,123,1,1,2,1,3,3,3,18.75
800,2,2,12500,123,1,1,3,1,3,1,3,15.625
450,2,1,7500,123,4,1,3,2,3,3,1,16.66666667
900,3,3,12500,33,1,1,2,1,4,3,3,13.88888889
800,2,3,5500,33,5,2,2,1,4,3,2,6.875
1000,1,2,7000,103,1,2,2,1,1,3,5,7
800,2,2,6000,33,2,2,1,3,3,3,3,7.5
500,2,2,8000,51,1,3,2,1,1,1,1,16
1050,2,3,5500,103,1,3,1,2,3,1,1,5.238095238
500,1,2,5800,103,2,2,2,1,5,1,3,11.6
1050,2,3,6000,103,3,1,1,1,3,3,3,5.714285714
400,1,2,2600,172,1,2,2,1,5,2,3,6.5
1350,3,3,12000,119,1,2,2,1,3,1,4,8.888888889
600,1,2,4200,172,1,2,2,3,4,2,4,7
1000,2,3,5000,172,1,2,2,1,3,1,5,5
700,1,2,3000,172,2,2,2,1,3,1,4,4.285714286
800,2,2,6500,33,1,1,3,1,4,3,4,8.125
500,1,2,6000,172,5,2,1,1,2,1,3,12
800,1,2,4500,33,3,1,2,1,1,3,1,5.625
200,1,1,1000,172,1,2,1,1,2,2,3,5
300,1,1,1800,33,1,1,2,1,2,2,4,6
800,2,2,5000,33,3,3,2,2,2,2,3,6.25
800,2,2,8000,131,1,2,3,1,2,1,3,10
650,2,2,9500,51,1,1,1,1,2,2,4,14.61538462
700,1,1,17500,123,1,2,2,1,2,3,3,25
800,1,2,12000,123,4,1,1,1,3,3,3,15
200,1,1,3000,33,1,2,2,1,3,3,4,15
800,1,2,16000,123,1,2,2,1,1,3,3,20
1240,1,3,30000,123,2,1,2,1,1,3,4,24.19354839
650,2,2,17000,123,1,1,1,1,1,3,3,26.15384615
2000,1,2,50000,123,2,3,2,1,5,3,3,25
800,2,2,4000,103,1,1,1,1,2,2,4,5
800,2,2,7500,103,1,1,1,1,5,2,3,9.375
800,2,2,3600,103,3,1,2,1,1,2,13,4.5
500,1,2,12000,116,1,1,1,1,1,2,3,24
800,1,2,8000,103,1,1,2,1,1,2,3,10
1500,3,3,2000,51,5,1,1,1,1,2,3,1.333333333
1000,1,2,9000,51,1,1,3,1,1,2,3,9
800,1,2,17000,119,1,1,3,1,3,3,3,21.25
800,2,2,18000,123,2,1,2,1,2,1,4,22.5
1400,3,3,21000,119,1,1,2,1,3,3,3,15
1760,3,3,25000,119,1,2,2,1,2,2,1,14.20454545
500,2,3,9000,33,1,1,2,1,1,3,3,18
500,2,2,2500,33,1,1,1,1,3,2,3,5
300,1,1,1500,33,1,2,3,1,1,3,3,5
500,1,1,3000,33,2,2,2,1,1,2,3,6
500,1,1,3000,33,1,2,3,2,4,3,5,6
500,1,2,5500,33,1,2,2,1,3,1,8,11
700,2,2,12000,123,1,1,2,1,3,2,1,17.14285714
500,2,2,3000,33,1,3,1,2,1,3,1,6
1300,3,3,32000,123,1,2,2,2,5,3,4,24.61538462
800,1,2,4000,33,1,2,2,1,3,3,4,5
1400,3,3,9000,33,1,2,1,2,2,2,4,6.428571429
700,2,2,14000,120,4,2,2,1,4,3,4,20
800,2,2,16000,123,2,1,1,3,5,3,3,20
800,2,2,6000,46,3,1,2,1,3,3,4,7.5
800,2,2,6500,103,1,2,2,2,4,2,3,8.125
800,1,2,5500,103,1,2,3,1,4,2,3,6.875
800,2,2,15000,123,1,2,1,1,1,2,5,18.75
800,1,2,13000,123,1,2,1,1,4,3,5,16.25
800,1,2,11000,116,3,1,1,1,3,2,3,13.75
1250,2,3,15000,103,1,1,1,1,1,2,2,12
800,2,2,14000,123,1,1,2,1,4,1,3,17.5
800,2,2,12000,131,4,1,1,1,3,3,3,15
800,2,2,9000,131,1,1,3,1,3,2,2,11.25
1500,2,3,16000,123,1,1,2,2,3,3,3,10.66666667
800,2,2,13000,123,1,2,1,1,1,2,2,16.25
1300,2,2,13000,131,1,1,2,1,2,3,4,10
800,1,2,7500,131,1,1,1,1,1,3,1,9.375
800,2,2,15500,123,1,2,2,2,5,3,7,19.375
500,1,2,5200,51,1,2,2,2,3,2,12,10.4
1200,2,3,14500,131,1,1,2,2,3,3,3,12.08333333
800,3,3,18000,120,1,1,2,1,3,1,3,22.5
500,1,2,6500,51,1,1,2,3,1,2,4,13
1000,2,3,10000,145,4,1,2,1,4,2,3,10
500,2,2,24500,120,1,2,1,1,4,3,4,49
1250,2,2,15000,123,1,2,1,1,2,3,3,12
800,2,2,18000,123,1,1,2,1,2,2,4,22.5
500,1,2,13500,120,1,3,2,1,3,3,16,27
800,1,2,23000,120,1,1,2,2,5,3,3,28.75
450,4,5,7500,120,1,3,1,1,1,3,3,16.66666667
650,2,2,11000,123,1,1,2,2,2,3,4,16.92307692
2100,3,2,28000,120,1,2,2,2,4,1,3,13.33333333
500,1,1,13000,123,2,1,2,3,4,2,4,26
800,1,2,5500,33,3,1,2,1,2,3,3,6.875
500,2,2,12000,123,1,2,2,1,1,3,5,24
1100,2,3,9500,145,1,1,1,2,2,3,3,8.636363636
800,1,2,8500,145,1,2,1,1,3,2,3,10.625
800,1,2,4500,33,1,1,3,1,1,3,3,5.625
800,2,2,14000,145,3,1,2,1,4,3,13,17.5
1100,2,3,20000,123,1,4,2,1,4,1,3,18.18181818
500,1,2,13000,123,1,2,2,1,4,3,3,26
1000,2,3,14000,145,1,1,1,1,2,3,3,14
800,1,2,8000,131,1,4,1,1,3,2,3,10
1200,2,3,15000,131,1,2,2,1,1,3,4,12.5
750,1,2,7000,131,1,1,1,1,3,3,3,9.333333333
800,1,1,12000,131,1,1,2,1,1,2,3,15
1300,3,3,20000,131,1,1,1,1,3,2,3,15.38461538
800,2,2,13000,123,1,1,2,1,1,3,4,16.25
800,2,2,8000,131,2,1,2,2,3,2,1,10
700,1,2,12500,123,1,1,2,2,3,2,3,17.85714286
800,2,2,12000,123,1,3,1,1,3,3,4,15
750,2,2,13500,123,1,1,2,1,5,3,3,18
500,1,1,5000,33,1,2,2,1,1,2,2,10
700,2,2,18000,123,2,2,2,1,5,1,3,25.71428571
1200,3,3,20000,123,1,2,1,1,1,2,3,16.66666667
600,1,2,4500,33,2,1,1,1,3,2,3,7.5
1000,3,4,7000,33,2,2,1,1,1,1,13,7
900,2,2,6000,33,1,1,2,2,4,2,8,6.666666667
400,1,2,9000,145,1,1,2,2,3,2,3,22.5
350,2,2,5000,33,1,2,2,1,2,2,4,14.28571429
800,2,2,16000,123,1,1,1,1,3,3,3,20
500,2,2,6500,33,1,1,2,1,2,1,3,13
700,1,2,6000,33,1,1,1,1,3,1,3,8.571428571
420,1,2,3000,33,5,2,1,1,1,2,4,7.142857143
800,1,2,6000,33,1,1,2,2,3,1,3,7.5
350,1,2,6000,33,1,2,2,1,1,1,3,17.14285714
800,2,2,6500,33,1,1,3,1,3,1,4,8.125
500,2,2,13000,145,1,1,1,3,3,3,3,26
800,2,2,8500,145,1,1,3,1,4,3,3,10.625
800,2,2,12000,145,1,2,2,1,5,2,6,15
800,2,2,16000,123,2,1,2,1,1,2,4,20
500,2,2,8500,33,1,2,2,1,5,3,1,17
1200,2,3,19000,123,1,2,3,1,4,3,3,15.83333333
1200,1,3,5000,33,2,3,1,1,3,3,3,4.166666667
500,2,2,3000,33,1,1,2,1,1,1,3,6
1300,4,4,22000,123,1,1,3,2,2,1,10,16.92307692
800,2,2,10000,33,1,3,2,1,1,3,3,12.5
1200,1,3,16200,120,1,1,1,2,3,3,4,13.5
1400,2,2,22000,123,1,1,2,1,2,2,3,15.71428571
500,2,2,5000,33,1,1,2,2,2,3,3,10
3,2,3,26000,123,1,1,3,1,4,3,4,8666.666667
300,1,1,5000,33,1,1,3,1,4,3,3,16.66666667
500,1,3,2800,33,1,1,1,1,2,3,16,5.6
1000,2,3,10000,33,1,2,1,1,4,3,2,10
900,2,2,8000,33,1,1,1,1,3,1,3,8.888888889
1200,3,3,19000,123,1,1,3,1,1,2,4,15.83333333
600,2,2,8000,33,1,1,2,1,3,3,2,13.33333333
500,1,2,15000,123,1,3,1,1,2,3,1,30
600,3,2,17000,120,1,2,1,2,1,3,4,28.33333333
700,1,2,4000,33,4,1,2,2,2,1,4,5.714285714
600,1,2,17000,120,1,1,3,1,2,3,3,28.33333333
600,1,2,11000,120,1,2,1,1,2,3,3,18.33333333
600,1,2,11000,120,1,1,1,1,3,3,4,18.33333333
600,2,2,10000,120,2,3,2,1,5,2,15,16.66666667
800,2,2,15000,120,1,2,2,1,5,3,3,18.75
900,1,2,11000,131,1,1,1,1,3,3,4,12.22222222
900,1,2,17000,119,1,2,2,1,3,3,3,18.88888889
800,1,2,5500,33,1,2,3,1,2,3,4,6.875
500,1,2,12000,120,1,1,1,3,1,2,3,24
700,1,1,11000,123,3,1,2,1,1,2,3,15.71428571
800,2,2,3500,33,5,2,2,1,3,3,4,4.375
1300,2,3,15000,131,1,2,2,1,2,2,4,11.53846154
400,2,1,12000,123,4,3,1,1,1,2,4,30
1500,2,2,10000,33,1,1,1,1,1,1,4,6.666666667
1470,1,3,24000,123,5,2,1,1,4,2,4,16.32653061
800,1,3,6000,33,1,2,2,1,3,3,7,7.5
700,1,2,5000,33,4,1,1,1,3,1,4,7.142857143
500,2,2,4000,115,4,1,3,1,3,3,3,8
1000,1,2,12000,33,1,2,3,1,2,2,4,12
800,2,2,10000,33,1,2,2,2,4,3,4,12.5
900,2,2,10000,131,4,2,2,1,5,2,1,11.11111111
800,2,4,6500,115,1,2,3,2,3,2,3,8.125
800,1,2,4500,33,1,1,2,1,3,2,4,5.625
1000,2,2,10000,131,1,1,2,1,3,1,4,10
500,3,4,6500,33,1,1,1,1,3,2,4,13
800,2,2,15000,120,1,2,1,2,4,3,1,18.75
600,1,1,9000,120,1,1,1,1,3,3,3,15
1200,2,3,20000,101,1,1,1,1,4,3,4,16.66666667
500,1,1,4000,169,1,3,1,1,4,3,2,8
500,2,4,8000,115,2,2,2,2,5,3,3,16
800,1,2,10000,120,1,2,3,1,3,3,2,12.5
500,1,1,10000,120,1,1,3,1,4,1,4,20
800,1,2,17000,120,1,2,2,2,2,3,13,21.25
900,3,2,18000,33,1,3,2,5,5,3,4,20
800,2,2,17000,120,1,2,2,1,4,3,3,21.25
500,2,2,2500,33,1,2,3,1,3,3,4,5
1300,4,3,27000,120,4,2,1,1,3,3,4,20.76923077
1210,2,3,6500,108,2,2,2,2,1,3,3,5.371900826
850,1,3,6500,33,1,1,2,1,5,2,14,7.647058824
1500,3,3,18000,120,1,1,2,2,1,3,5,12
800,2,2,8000,33,5,2,3,2,1,2,3,10
800,1,2,7000,33,1,1,1,1,3,3,15,8.75
800,1,1,8000,33,1,3,2,1,3,1,4,10
500,1,3,9000,33,1,1,1,1,4,2,3,18
1400,2,3,10000,33,1,1,1,1,3,3,3,7.142857143
850,2,2,6500,33,1,2,3,1,3,1,3,7.647058824
850,1,1,5000,33,1,1,3,1,1,2,3,5.882352941
800,1,2,3500,33,1,1,3,1,1,3,3,4.375
800,2,2,7000,33,4,3,2,1,3,3,3,8.75
800,2,2,4000,33,2,2,1,1,4,1,1,5
500,2,2,6000,33,1,2,3,1,2,3,4,12
1400,2,3,15000,33,1,1,2,2,1,3,3,10.71428571
200,1,1,5000,33,1,1,3,1,1,2,12,25
8000,1,1,8000,120,1,1,2,1,2,3,4,1
900,2,2,9500,33,1,2,2,2,2,1,1,10.55555556
500,1,2,6000,33,1,2,3,1,2,2,3,12
1050,2,2,8000,131,1,2,1,1,3,2,3,7.619047619
1200,2,4,10000,33,1,2,1,1,1,3,3,8.333333333
200,1,1,3500,33,1,3,2,1,3,3,3,17.5
200,1,1,3500,33,1,1,2,1,4,2,3,17.5
1400,1,3,6000,33,1,1,2,2,4,1,4,4.285714286
750,3,3,15000,33,1,1,2,1,1,3,3,20
1300,3,3,10000,33,4,2,3,2,4,3,4,7.692307692
600,1,2,2500,33,2,2,2,1,3,3,3,4.166666667
1700,1,3,25000,33,2,1,2,1,5,2,5,14.70588235
200,1,2,4500,143,1,1,3,1,1,3,3,22.5
800,1,2,12000,133,1,1,2,1,2,2,1,15
800,1,2,7000,33,1,2,3,1,5,2,4,8.75
1250,1,1,14000,33,1,1,2,1,4,3,3,11.2
2600,2,3,40000,33,1,1,1,2,3,3,3,15.38461538
800,2,2,10500,33,3,2,2,1,3,3,4,13.125
1250,2,2,14000,33,1,2,2,2,4,3,4,11.2
800,1,2,6000,33,1,1,1,2,3,3,4,7.5
500,2,2,5000,33,1,2,1,1,1,2,4,10
700,1,2,4500,33,1,2,2,1,1,3,3,6.428571429
100,1,1,4000,120,1,2,3,1,2,3,1,40
900,2,2,5000,33,5,2,2,1,2,3,14,5.555555556
1300,2,3,8000,33,1,2,1,1,1,3,3,6.153846154
750,1,2,11000,133,1,1,3,2,3,2,3,14.66666667
800,1,1,6500,33,1,1,3,1,2,2,3,8.125
500,2,2,11000,123,4,2,1,1,1,3,3,22
1300,2,3,4500,33,3,1,3,2,3,2,3,3.461538462
1200,2,3,4500,33,1,2,1,1,3,3,14,3.75
350,1,1,4500,33,5,1,2,1,1,3,4,12.85714286
350,1,1,2500,33,1,2,1,3,3,1,4,7.142857143
900,2,2,6000,33,1,1,1,1,3,2,4,6.666666667
900,2,2,7500,33,1,3,2,1,4,3,4,8.333333333
300,1,3,6000,33,1,1,2,3,5,1,3,20
900,1,3,6500,33,1,3,3,3,2,1,4,7.222222222
1000,1,3,5000,33,1,2,1,2,2,2,5,5
500,1,2,3500,33,3,1,1,2,2,3,3,7
1000,2,2,9000,33,5,1,2,1,2,3,5,9
1200,2,3,9000,33,1,2,2,1,4,1,4,7.5
3500,4,4,52000,33,5,1,1,1,4,1,4,14.85714286
500,2,2,6500,33,1,3,2,1,2,2,3,13
600,2,2,6000,33,3,2,2,2,4,3,4,10
300,1,1,1400,33,5,1,3,1,5,3,2,4.666666667
800,1,3,7500,33,1,1,2,1,5,1,4,9.375
700,1,2,2000,33,1,2,3,1,1,2,3,2.857142857
400,1,3,6500,33,1,1,1,1,4,1,3,16.25
500,1,1,5000,33,2,2,3,1,1,2,4,10
400,2,3,7500,33,1,1,2,1,2,3,3,18.75
200,2,2,5000,33,1,1,3,1,3,3,3,25
800,2,4,8500,33,1,1,1,1,4,1,3,10.625
700,2,4,7000,33,2,1,2,1,2,2,3,10
200,1,1,1200,33,1,1,1,1,4,3,4,6
1700,3,3,50000,123,1,1,2,1,2,3,3,29.41176471
200,1,2,6500,33,1,2,3,1,1,2,3,32.5
600,2,2,6500,33,1,1,1,1,5,2,3,10.83333333
500,1,2,6500,33,1,1,2,2,1,2,3,13
350,1,2,2100,33,3,2,2,1,3,3,4,6
500,1,2,3500,33,1,2,2,1,2,2,3,7
300,1,2,3000,33,3,1,3,1,2,1,4,10
400,1,1,2500,33,1,1,2,3,3,2,3,6.25
500,1,1,4000,33,1,2,2,1,3,3,3,8
800,1,2,4000,33,1,1,2,1,4,3,3,5
1300,3,3,9000,143,1,2,1,1,1,1,3,6.923076923
900,2,2,6000,33,1,1,1,1,3,2,1,6.666666667
800,2,2,12000,123,1,3,2,1,2,2,3,15
900,2,2,8000,33,2,2,3,1,2,2,4,8.888888889
1000,1,2,7000,33,1,1,3,1,3,3,3,7
700,2,2,8000,33,1,3,2,2,3,3,4,11.42857143
900,2,2,7500,33,1,2,2,1,4,2,4,8.333333333
900,1,2,3700,33,1,2,1,1,1,2,3,4.111111111
1265,3,3,14000,162,1,2,2,2,1,2,3,11.06719368
800,2,2,6500,33,2,1,2,1,3,3,4,8.125
600,1,2,2000,33,1,2,2,3,3,1,3,3.333333333
800,1,2,3500,33,1,1,2,1,4,1,4,4.375
600,1,2,3000,33,1,1,2,1,1,3,3,5
1015,2,4,70000,30,1,2,1,1,2,3,3,68.96551724
1500,3,3,19000,162,2,1,2,1,3,3,3,12.66666667
900,1,2,4800,33,1,1,1,1,2,1,4,5.333333333
700,2,3,8000,33,1,1,2,1,2,1,4,11.42857143
500,2,3,20000,33,1,2,2,1,3,4,3,40
1100,2,3,6500,33,1,2,2,1,4,3,3,5.909090909
900,2,3,4500,33,1,2,2,1,3,3,3,5
700,1,2,4000,33,1,1,2,3,3,1,4,5.714285714
1050,2,3,4000,33,1,1,3,1,4,3,3,3.80952381
1100,2,3,7000,33,1,1,2,2,4,3,3,6.363636364
500,2,2,4000,33,1,1,1,1,3,2,4,8
300,2,2,2500,33,1,1,3,2,2,3,4,8.333333333
300,2,10,2500,33,1,1,2,2,2,3,5,8.333333333
1300,2,3,13000,143,1,1,3,4,4,2,12,10
1200,2,4,6500,33,1,1,2,1,3,3,4,5.416666667
1300,1,3,4500,33,1,1,2,1,1,3,3,3.461538462
850,1,2,2000,136,1,2,1,1,3,2,2,2.352941176
1200,2,3,4000,33,1,1,2,2,1,3,14,3.333333333
400,2,4,3000,33,1,1,3,1,2,3,1,7.5
700,1,2,2200,136,1,2,2,1,3,3,3,3.142857143
1300,2,3,9000,143,1,1,2,1,1,2,3,6.923076923
600,1,2,7000,143,1,1,1,1,4,2,3,11.66666667
800,1,2,7000,33,1,1,1,1,3,3,4,8.75
850,1,2,5500,33,1,2,2,1,2,3,3,6.470588235
400,1,1,8000,67,5,1,2,3,1,2,3,20
1000,1,2,6000,33,1,1,2,1,4,2,3,6
800,1,2,3000,33,1,1,1,1,5,3,3,3.75
900,2,2,14000,33,4,1,3,2,2,3,3,15.55555556
600,2,1,7000,33,1,1,3,1,3,3,7,11.66666667
700,1,2,3000,33,1,2,3,1,1,2,4,4.285714286
850,2,2,7000,33,1,3,2,1,3,2,4,8.235294118
900,2,2,5500,33,1,1,2,1,3,3,3,6.111111111
775,2,2,8000,131,1,1,1,1,1,3,15,10.32258065
950,1,2,5500,33,1,1,3,1,3,2,3,5.789473684
700,1,2,3500,33,1,2,1,3,4,2,3,5
1200,3,3,25000,67,1,2,1,2,2,3,3,20.83333333
700,1,2,5000,33,1,1,2,1,1,1,3,7.142857143
700,2,2,14000,123,1,1,1,1,1,3,3,20
1050,2,3,10000,33,3,1,3,2,3,2,3,9.523809524
800,1,2,5000,33,1,4,2,1,1,3,3,6.25
700,1,2,4000,33,1,1,2,1,3,2,4,5.714285714
800,1,2,3000,33,1,1,2,1,1,1,4,3.75
800,2,2,3000,143,1,1,2,1,5,1,3,3.75
1300,2,3,5000,33,1,1,2,1,3,3,3,3.846153846
1200,1,3,7500,143,1,3,3,2,3,3,3,6.25
1000,2,3,12000,33,1,1,1,1,3,1,3,12
200,1,1,1000,143,1,3,3,2,4,2,4,5
1000,2,2,6500,33,1,1,2,1,4,1,4,6.5
1300,2,3,6000,62,4,2,2,1,3,3,3,4.615384615
900,2,2,8000,33,1,1,2,5,2,3,3,8.888888889
1000,2,2,7000,33,1,1,2,2,2,1,3,7
700,1,2,3500,33,1,2,3,1,1,1,1,5
350,1,1,7000,120,1,1,2,1,1,3,2,20
900,1,2,4500,33,1,1,1,1,1,3,3,5
400,1,1,6500,133,1,2,1,2,3,2,4,16.25
900,1,2,8500,33,1,1,1,2,4,2,3,9.444444444
800,1,2,4500,33,4,1,2,2,3,2,3,5.625
300,1,1,5000,143,1,2,2,1,3,2,4,16.66666667
800,1,2,3500,33,1,1,3,2,1,3,4,4.375
800,1,2,2000,33,1,2,1,1,2,1,4,2.5
800,1,2,3500,33,2,1,1,1,4,3,3,4.375
600,1,1,3500,33,1,1,2,1,5,3,4,5.833333333
800,1,2,3600,33,1,2,2,2,1,3,3,4.5
600,1,1,5000,33,1,1,3,1,3,3,3,8.333333333
800,1,2,5200,33,1,1,1,1,2,3,4,6.5
1200,2,3,8000,33,1,1,2,1,3,3,3,6.666666667
850,2,2,6000,62,4,3,2,1,4,1,14,7.058823529
1200,2,3,9000,62,1,2,2,1,2,2,3,7.5
500,1,1,3000,33,2,1,1,1,4,1,3,6
800,1,2,3000,33,1,1,1,1,6,2,4,3.75
1300,2,3,15000,33,3,2,2,1,3,3,2,11.53846154
750,2,2,9000,143,1,1,2,2,4,3,2,12
1300,1,3,5500,33,1,2,1,1,3,1,4,4.230769231
1300,2,3,7000,33,4,1,2,1,2,1,3,5.384615385
1000,1,2,9000,33,1,1,2,1,4,3,4,9
900,1,2,3500,33,1,1,2,2,5,2,13,3.888888889
1350,2,3,10000,33,1,1,2,1,3,2,3,7.407407407
1300,2,3,8000,68,1,1,2,1,3,2,3,6.153846154
1200,2,3,5000,62,1,1,2,1,5,1,3,4.166666667
1200,3,3,8000,33,1,1,3,1,1,3,3,6.666666667
700,2,2,4000,143,1,1,2,1,2,2,3,5.714285714
1000,1,2,5500,143,1,2,2,1,2,3,2,5.5
1000,3,3,5000,51,2,3,2,1,1,3,1,5
900,2,2,14000,123,4,1,3,1,4,2,13,15.55555556
600,2,2,3500,51,3,1,3,1,2,2,3,5.833333333
1500,2,2,7000,51,1,3,2,1,2,2,2,4.666666667
300,1,1,5000,51,1,1,1,1,3,3,5,16.66666667
1100,3,3,12000,150,1,2,1,1,4,3,4,10.90909091
1800,2,3,15000,143,1,1,2,1,2,2,3,8.333333333
600,1,3,6500,103,1,1,2,1,3,1,3,10.83333333
1200,2,3,8000,167,1,1,2,1,2,3,1,6.666666667
2000,3,3,50000,167,1,2,1,1,5,2,3,25
1800,3,3,16000,143,1,3,2,3,3,3,5,8.888888889
1000,2,3,15000,33,1,1,2,1,3,3,3,15
1000,1,2,1150,33,4,1,2,1,3,3,3,1.15
400,1,1,3000,33,3,1,2,1,1,2,3,7.5
1230,3,3,14000,33,1,1,2,1,1,2,3,11.38211382
1000,1,2,4000,33,1,2,2,1,2,3,15,4
1000,1,2,2100,33,1,1,2,2,3,1,2,2.1
2500,3,4,38000,119,1,2,1,1,3,1,3,15.2
1300,2,3,40000,167,1,1,1,1,2,1,3,30.76923077
1000,2,2,30000,167,4,2,2,1,1,3,15,30
2800,3,3,20000,51,1,2,2,3,3,2,1,7.142857143
1400,2,4,10000,103,1,1,1,1,3,2,3,7.142857143
1200,2,2,11000,167,1,1,2,1,2,3,4,9.166666667
900,2,3,12000,150,2,3,2,1,4,3,3,13.33333333
2000,3,4,29000,135,4,2,1,1,5,2,4,14.5
1100,2,2,17000,123,1,1,1,1,1,3,3,15.45454545
700,2,2,16000,135,1,1,2,1,4,3,4,22.85714286
650,2,2,14000,135,1,1,2,2,2,3,4,21.53846154
800,2,2,16000,135,1,2,3,1,1,3,1,20
800,2,2,15000,135,1,1,2,1,2,1,3,18.75
500,1,2,23000,135,1,1,1,1,4,3,15,46
500,2,2,7000,135,1,1,2,1,3,3,4,14
700,3,2,16500,135,1,1,1,1,2,3,3,23.57142857
600,1,1,11000,135,2,2,2,1,1,2,10,18.33333333
700,2,2,16000,135,1,2,3,1,2,1,3,22.85714286
700,2,2,16500,135,1,2,2,1,5,3,13,23.57142857
700,2,2,14000,67,1,2,2,2,3,3,3,20
1000,3,3,19500,118,1,1,3,1,2,2,4,19.5
1200,2,3,35000,55,3,2,3,1,3,3,3,29.16666667
800,2,2,16000,67,4,3,1,1,2,3,4,20
1000,3,3,27000,67,1,1,2,2,1,3,3,27
1000,2,4,12000,70,2,2,3,1,3,1,3,12
500,2,2,20000,67,1,1,2,1,2,3,2,40
1700,3,3,25000,51,2,2,2,1,2,2,4,14.70588235
1250,3,3,22000,51,1,1,2,2,1,2,3,17.6
1000,1,2,10000,51,1,1,1,1,2,1,4,10
1220,2,3,25000,51,2,1,1,1,1,3,2,20.49180328
700,1,2,10500,119,1,1,2,1,2,3,3,15
1219,3,3,14000,143,3,2,3,2,3,1,3,11.48482363
500,1,2,14000,67,1,2,3,1,4,1,3,28
1880,3,3,38000,51,1,3,1,1,1,3,5,20.21276596
1251,3,3,30000,67,1,2,2,1,4,3,4,23.98081535
1150,3,3,30000,167,1,1,3,1,2,3,5,26.08695652
2000,3,3,37000,51,1,2,2,1,3,2,3,18.5
700,1,2,5500,172,1,1,2,1,3,3,3,7.857142857
250,1,1,10000,24,4,1,1,1,2,3,3,40
900,2,2,9000,24,1,1,1,2,4,3,3,10
1200,2,2,8000,165,2,1,2,1,3,2,4,6.666666667
600,1,2,8000,123,1,1,1,1,3,2,3,13.33333333
700,2,2,8200,120,4,2,1,1,5,2,4,11.71428571
850,1,2,2700,107,1,3,1,1,1,3,3,3.176470588
1050,3,3,16000,51,1,1,2,2,3,3,4,15.23809524
1600,3,3,22000,51,1,1,1,2,1,2,3,13.75
1875,3,3,33000,51,1,1,2,1,2,3,13,17.6
600,1,2,7000,51,1,1,3,1,3,3,3,11.66666667
500,1,2,6500,51,1,1,3,1,3,4,13,13
1500,3,3,30000,67,2,2,2,1,2,3,4,20
1010,2,3,24000,67,4,1,2,1,3,1,4,23.76237624
800,2,2,24000,67,4,1,2,1,3,2,3,30
1100,3,2,25000,67,1,3,1,1,4,3,4,22.72727273
1200,2,3,22000,67,1,2,2,2,4,3,3,18.33333333
500,1,2,15000,67,1,1,2,1,2,1,4,30
1500,3,3,35000,167,1,1,2,1,4,3,3,23.33333333
1500,2,2,16000,51,1,1,2,1,2,2,3,10.66666667
850,1,1,14200,123,1,1,2,1,1,3,3,16.70588235
900,2,2,8500,51,1,1,1,1,4,3,4,9.444444444
1500,3,3,45000,167,1,2,3,1,2,1,3,30
1650,3,3,32000,97,3,1,2,1,2,3,4,19.39393939
1880,3,3,38000,51,1,1,3,1,3,3,7,20.21276596
1825,3,3,30000,167,1,1,2,1,1,3,4,16.43835616
1450,3,3,50000,55,1,1,2,1,2,3,5,34.48275862
800,2,3,8000,123,1,2,3,1,1,3,6,10
700,2,3,17000,116,5,4,2,1,5,1,4,24.28571429
950,2,2,15000,123,1,2,2,1,2,3,4,15.78947368
2000,3,3,35000,167,1,3,3,1,2,3,4,17.5
15000,2,2,15000,116,1,2,2,1,2,1,4,1
400,1,1,7500,51,1,2,2,1,4,3,3,18.75
3500,3,4,50000,167,1,1,2,1,3,3,3,14.28571429
1200,2,2,15000,51,4,2,1,1,3,3,3,12.5
600,1,2,12000,133,5,1,3,1,1,1,3,20
800,2,2,13500,123,1,1,2,2,3,2,4,16.875
1200,2,3,25000,133,1,2,3,2,3,1,2,20.83333333
400,1,2,11000,120,1,1,3,1,2,1,3,27.5
600,2,2,14000,155,1,2,1,1,1,3,3,23.33333333
800,2,3,20000,133,4,2,2,1,2,2,11,25
700,2,2,17000,116,1,1,1,1,2,3,5,24.28571429
700,2,2,13000,133,1,2,2,1,4,3,3,18.57142857
1000,3,3,20000,116,4,1,1,2,3,3,3,20
1290,3,2,40000,167,1,1,2,1,3,3,3,31.00775194
1250,2,3,25000,120,1,1,2,1,3,1,3,20
2250,3,3,40000,134,1,1,2,1,3,2,3,17.77777778
800,1,3,15000,120,4,1,2,1,2,2,3,18.75
1250,2,3,25000,120,1,2,3,1,2,3,15,20
700,1,2,14000,133,1,1,2,1,1,3,3,20
1440,3,3,35000,67,4,1,3,1,3,3,1,24.30555556
2350,3,3,45000,51,2,1,1,1,1,1,3,19.14893617
1000,2,2,20000,119,2,2,2,1,2,3,1,20
550,1,1,13000,24,1,1,2,2,4,2,3,23.63636364
650,2,2,9000,70,1,2,2,2,1,3,4,13.84615385
400,1,1,10000,133,1,1,2,2,1,3,1,25
700,1,2,11000,119,1,1,3,1,3,1,14,15.71428571
1200,3,3,25000,56,1,1,2,1,2,3,2,20.83333333
2100,3,3,25000,56,1,1,2,2,1,1,3,11.9047619
1300,3,3,35000,55,1,2,1,1,3,2,3,26.92307692
2200,4,4,35000,56,1,1,2,2,4,3,1,15.90909091
3000,4,4,70000,134,5,1,1,1,1,1,3,23.33333333
900,2,2,15000,135,2,1,2,1,3,3,4,16.66666667
2150,3,3,30000,56,3,2,2,1,4,3,3,13.95348837
1741,3,3,35000,67,1,1,2,2,2,2,3,20.10338886
1300,3,3,40000,55,1,2,3,1,3,1,4,30.76923077
2150,4,4,30000,56,1,1,2,1,1,1,4,13.95348837
1000,2,3,28000,55,1,1,2,2,1,2,1,28
1000,2,2,34000,55,1,2,2,3,1,1,3,34
1365,3,3,30000,55,5,1,2,1,3,3,3,21.97802198
1360,3,3,30000,55,3,1,2,1,2,3,3,22.05882353
800,2,2,15000,67,1,1,2,2,3,3,3,18.75
2100,4,4,35000,56,1,1,2,1,1,3,3,16.66666667
1000,2,3,14500,24,2,1,1,1,4,3,4,14.5
400,2,2,12000,145,1,1,3,1,6,3,3,30
1350,3,3,33000,92,1,1,2,2,2,3,2,24.44444444
400,1,1,6000,120,1,2,2,1,4,3,2,15
800,2,2,10500,145,1,1,1,3,3,3,13,13.125
800,2,2,9000,145,1,1,3,2,2,3,15,11.25
2100,3,3,25000,56,1,1,2,1,3,3,4,11.9047619
800,2,2,10000,24,1,2,1,1,1,1,5,12.5
450,2,2,16000,145,1,1,1,1,3,3,4,35.55555556
2470,5,4,37000,56,1,1,2,2,2,2,3,14.97975709
1250,2,2,26000,67,1,1,1,1,1,3,1,20.8
800,2,2,9000,145,4,1,2,1,1,3,15,11.25
500,2,2,10000,24,2,2,2,2,3,1,3,20
2000,3,4,40000,56,4,1,2,1,1,2,3,20
2200,3,3,30000,56,1,1,1,2,1,1,3,13.63636364
2350,4,4,40000,56,1,2,1,1,3,2,12,17.0212766
1000,2,5,45000,57,1,3,2,1,4,3,3,45
2200,3,3,28000,56,1,2,3,1,1,1,3,12.72727273
1200,3,3,27000,116,1,1,3,1,4,3,3,22.5
2350,4,3,38000,56,1,1,2,1,1,3,2,16.17021277
2200,4,4,30000,56,1,1,2,2,1,3,4,13.63636364
1280,3,3,30000,116,4,3,2,1,2,2,3,23.4375
1075,2,2,15000,145,3,1,3,1,5,2,3,13.95348837
1100,2,3,13000,24,1,1,2,1,5,2,4,11.81818182
800,2,2,11000,145,1,2,1,1,3,3,4,13.75
2150,4,4,24000,56,4,1,1,3,3,2,3,11.1627907
1000,2,2,30000,145,1,2,3,1,1,1,3,30
1445,3,3,22000,24,4,1,2,1,3,3,3,15.22491349
600,1,3,8300,145,1,1,2,2,3,2,14,13.83333333
800,2,2,13000,145,1,1,2,1,4,3,3,16.25
1200,3,3,2500,162,1,1,2,1,2,3,1,2.083333333
1200,2,3,13000,58,1,1,2,2,1,3,1,10.83333333
1130,3,3,18000,145,1,1,2,1,6,3,1,15.92920354
900,2,2,16000,122,1,1,2,1,3,3,1,17.77777778
2200,4,4,60000,178,1,1,2,2,3,2,1,27.27272727
1600,3,3,37000,61,1,1,2,1,2,3,1,23.125
1200,2,3,18000,124,4,1,1,1,2,2,1,15
2310,6,6,10200000,122,1,1,3,1,2,3,1,4415.584416
1400,3,3,30000,145,1,2,1,1,3,3,1,21.42857143
2250,4,3,43000,22,1,1,1,1,3,2,1,19.11111111
1495,3,3,30000,122,3,1,2,4,5,3,1,20.06688963
1750,4,4,7625000,122,1,1,1,2,5,1,1,4357.142857
1610,4,3,12100000,178,2,1,2,1,4,2,1,7515.52795
18,3,3,18000,122,2,1,2,1,2,3,1,1000
2250,3,3,75000,22,1,1,3,1,2,2,1,33.33333333
1600,4,3,36000,61,1,1,3,1,3,3,1,22.5
1431,2,3,30000,20,1,1,1,1,3,1,1,20.96436059
1700,4,3,35000,178,4,1,3,1,2,2,1,20.58823529
1500,3,3,22000,178,1,1,2,1,2,3,3,14.66666667
400,1,2,5000,176,1,1,2,1,3,2,3,12.5
1950,3,3,45000,22,1,2,2,1,3,1,1,23.07692308
1890,3,3,17100000,178,1,1,2,1,1,2,1,9047.619048
1500,2,2,60000,31,1,1,3,2,4,3,1,40
1500,4,3,30000,145,4,2,3,1,1,2,1,20
2250,5,3,90000,22,1,1,3,1,3,3,1,40
800,1,2,60000,31,1,1,2,1,2,3,1,75
1200,3,3,23000,101,1,1,2,1,4,3,1,19.16666667
1200,1,1,20000,14,1,1,1,2,1,3,4,16.66666667
1750,4,4,9975000,122,1,1,2,2,1,3,1,5700
1400,4,3,7500000,122,1,1,2,1,2,1,1,5357.142857
1200,3,3,2400000,100,1,1,1,1,2,2,1,2000
1250,3,3,3888000,100,1,1,3,1,4,3,1,3110.4
750,2,2,4125000,25,1,1,2,1,3,3,1,5500
1550,4,3,8835000,178,1,1,1,2,5,3,1,5700
1170,3,3,4680000,25,1,1,3,1,1,3,1,4000
1750,4,4,6475000,122,1,1,2,1,1,4,1,3700
1650,3,3,11500000,178,4,1,3,1,5,3,1,6969.69697
1750,4,4,9625000,122,1,1,1,1,3,2,1,5500
1210,3,3,6655000,31,1,1,2,1,2,3,1,5500
2755,4,3,29500000,22,1,1,1,3,5,3,1,10707.80399
1265,3,3,5051000,178,1,1,2,2,3,3,1,3992.885375
1290,3,3,9185000,154,1,1,3,1,2,3,1,7120.155039
1400,3,3,9500000,101,1,1,2,1,3,3,1,6785.714286
1352,3,3,3380000,178,1,1,1,1,4,3,1,2500
1450,3,3,4450000,100,1,1,1,2,2,3,1,3068.965517
850,2,2,4930000,82,1,1,2,1,3,3,1,5800
900,2,2,6501000,61,1,2,2,1,1,3,1,7223.333333
1075,3,3,5053000,20,1,1,2,1,3,1,1,4700.465116
1007,2,2,6500000,122,1,1,2,1,3,3,1,6454.816286
1375,3,3,8263000,178,1,1,3,2,1,1,1,6009.454545
1088,3,3,6258000,20,1,1,3,1,3,3,1,5751.838235
1454,3,3,4562000,178,1,1,2,1,1,2,1,3137.551582
1250,2,3,7300000,20,1,1,2,1,3,1,1,5840
1350,3,3,10900000,15,1,1,2,1,3,2,1,8074.074074
1170,2,3,7020000,47,1,1,2,3,3,3,3,6000
1200,3,3,9500000,162,3,1,2,2,1,3,1,7916.666667
1260,3,3,5670000,17,1,1,2,1,1,3,1,4500
1403,3,4,8718000,20,1,1,2,2,1,3,1,6213.827512
2400,5,3,21600000,31,1,3,2,1,4,1,1,9000
1445,4,4,9226000,25,1,1,1,1,3,2,1,6384.775087
1750,3,3,15800000,101,1,1,2,4,1,3,1,9028.571429
1240,3,3,6200000,178,1,1,1,1,4,2,1,5000
900,2,2,2790000,100,1,1,1,1,1,3,1,3100
1230,3,3,8080000,145,1,1,2,1,4,1,1,6569.105691
1300,3,3,4290000,100,1,1,2,1,1,3,3,3300
1250,3,3,8750000,15,1,1,3,1,3,2,1,7000
1600,3,3,12300000,15,2,1,1,1,4,2,1,7687.5
2700,5,5,17700000,15,1,1,3,1,3,3,1,6555.555556
1540,3,3,10400000,15,1,1,2,2,4,3,1,6753.246753
1800,4,4,18000000,101,1,2,2,1,4,2,1,10000
1350,3,3,7425000,150,4,1,1,1,1,3,1,5500
1370,3,3,6782000,102,1,1,1,2,3,2,1,4950.364964
1180,3,2,6490000,31,2,2,2,1,4,3,1,5500
1602,3,3,10400000,25,1,1,3,1,1,2,1,6491.885144
1020,2,3,5049000,178,1,1,3,2,2,2,1,4950
1480,3,3,10600000,154,2,1,2,3,4,3,1,7162.162162
1500,3,3,10000000,15,1,1,1,1,4,3,1,6666.666667
1450,3,3,13100000,47,2,1,2,2,4,2,1,9034.482759
1520,3,3,9880000,25,1,1,3,1,5,3,3,6500
1350,3,3,3820000,176,2,1,1,1,2,3,1,2829.62963
1645,3,3,12200000,20,1,1,2,1,2,1,1,7416.413374
850,4,4,5075000,82,2,1,1,1,1,3,1,5970.588235
1350,3,3,9205000,15,1,1,2,1,1,3,1,6818.518519
1495,3,3,12700000,15,1,1,1,1,1,2,1,8494.983278
1250,3,3,9675000,90,1,1,1,1,5,2,1,7740
1700,4,4,11000000,14,1,1,1,1,1,3,1,6470.588235
2600,3,3,35000,150,4,1,2,1,2,3,1,13.46153846
1380,3,3,22000,150,1,1,3,1,1,3,1,15.94202899
300,1,1,7000,101,1,1,1,1,3,3,1,23.33333333
1650,4,3,26000,178,1,1,2,1,1,3,1,15.75757576
1600,3,3,13600000,101,1,1,2,1,2,3,1,8500
1484,3,3,12200000,178,1,1,2,1,3,1,1,8221.024259
2650,4,3,75000,22,1,1,2,2,4,3,1,28.30188679
6500,6,6,200000,178,1,1,2,1,3,2,1,30.76923077
2450,1,1,70000,178,1,1,2,1,1,3,4,28.57142857
2000,5,5,45000,178,1,1,1,2,4,1,1,22.5
1600,3,4,50000,101,1,1,1,1,2,3,1,31.25
200,1,1,6500,61,2,2,1,1,2,3,1,32.5
1250,3,3,550000,112,1,1,2,2,2,3,1,440
1500,4,3,16000,122,5,1,2,1,3,2,1,10.66666667
124,3,2,1200,17,1,1,2,1,2,2,4,9.677419355
1600,3,3,44000,23,4,1,3,2,1,3,1,27.5
1039,1,1,12000,20,1,1,2,1,3,2,2,11.54956689
1350,3,3,11000000,47,1,1,2,1,1,2,1,8148.148148
1600,3,3,23000,20,1,1,1,1,3,2,1,14.375
2100,3,3,38000,25,1,1,3,1,2,2,1,18.0952381
1400,3,3,23000,178,1,1,1,5,4,3,1,16.42857143
1250,3,3,2200000,38,1,1,2,1,2,1,1,1760
1400,2,3,300000,14,1,1,2,1,1,3,1,214.2857143
300,1,1,1100000,178,1,1,1,1,1,1,1,3666.666667
3000,2,3,600000,38,1,1,1,1,2,3,1,200
850,2,3,2000000,162,1,2,2,1,4,3,1,2352.941176
375,1,1,3600000,38,1,2,1,2,4,3,1,9600
800,2,2,4799900,38,1,1,2,1,2,2,1,5999.875
800,2,2,4799900,38,2,3,1,2,4,2,1,5999.875
375,1,1,3600000,38,1,1,2,1,5,3,1,9600
800,2,2,4800000,38,4,1,2,1,2,2,1,6000
2000,4,3,5000000,38,2,2,1,1,1,3,1,2500
1000,2,3,1500000,14,1,1,2,1,1,2,1,1500
375,1,1,3600000,38,1,1,3,1,2,3,1,9600
800,2,2,4800000,38,1,1,3,1,1,3,1,6000
220,1,1,700000,92,1,1,3,1,3,3,1,3181.818182
1200,2,3,1250000,19,1,1,3,2,1,3,1,1041.666667
875,2,2,5500000,38,1,1,1,3,4,3,1,6285.714286
1150,3,3,1800000,118,1,1,1,1,5,3,1,1565.217391
1565,3,3,260000,118,5,1,1,1,2,3,1,166.1341853
800,2,2,4800000,38,1,1,2,1,3,1,1,6000
150,1,1,650000,145,1,2,2,1,3,3,1,4333.333333
9001100,2,2,1500000,25,4,1,2,1,1,2,1,0.166646299
150,1,1,900000,92,1,1,2,1,4,1,1,6000
1250,3,3,1500000,122,1,1,2,1,3,3,1,1200
1600,4,4,2400000,118,1,2,2,1,4,3,1,1500
2150,4,4,4000000,14,1,1,1,1,1,3,1,1860.465116
900,3,2,2500000,178,1,2,3,1,2,3,1,2777.777778
1650,3,3,3000000,79,5,1,2,1,1,2,1,1818.181818
1353,3,3,2700000,162,5,3,3,1,3,3,1,1995.56541
850,2,2,1000000,118,1,2,2,2,1,3,1,1176.470588
1750,4,3,3400000,38,1,1,2,1,3,3,1,1942.857143
850,2,2,1000000,118,1,1,2,1,2,1,1,1176.470588
1700,3,3,3300000,38,1,1,2,1,1,1,1,1941.176471
1500,3,3,1500000,118,1,2,2,1,3,1,1,1000
1100,3,3,1600000,118,3,1,3,3,3,3,1,1454.545455
1400,3,3,1800000,118,1,2,2,1,1,3,1,1285.714286
1350,3,3,1800000,118,1,2,3,1,4,3,1,1333.333333
1553,4,3,2200000,118,1,1,2,2,3,3,1,1416.613007
1500,3,3,1500000,58,4,1,2,1,2,2,1,1000
300,1,1,3000000,38,1,1,2,1,4,2,1,10000
300375,1,1,3500000,38,4,1,2,1,3,3,1,11.65210154
2775,4,5,9000,106,1,2,2,2,4,3,1,3.243243243
1100,2,2,1250000,122,1,1,1,1,4,3,1,1136.363636
1040,2,3,1800000,101,1,1,2,1,2,3,3,1730.769231
1350,3,3,2800000,178,1,2,2,1,1,3,1,2074.074074
700,1,1,2000000,20,1,1,1,2,1,3,1,2857.142857
1700,1,3,100,38,1,1,2,1,3,1,1,0.058823529
1150,2,3,2500000,170,1,1,2,1,1,3,1,2173.913043
5600,3,1,15000,106,1,2,2,1,2,1,1,2.678571429
2200,1,4,200,38,1,1,2,2,4,3,1,0.090909091
700750,2,2,1350000,170,1,1,2,1,3,3,1,1.926507314
1200,2,3,1500000,118,1,1,1,2,3,3,1,1250
400,1,1,700000,122,1,1,3,1,4,1,1,1750
750,1,2,650000,61,2,3,2,1,1,3,1,866.6666667
2450,4,4,7000000,178,1,2,1,1,5,3,1,2857.142857
300,1,1,3000000,38,4,1,2,1,3,3,1,10000
1450,1,1,3500000,22,1,1,2,1,1,2,1,2413.793103
375,1,1,3500000,38,1,2,2,1,2,1,1,9333.333333
1800,4,3,6500000,22,1,2,3,1,2,3,1,3611.111111
1440,3,3,1200000,122,1,1,1,2,2,1,1,833.3333333
1150,2,3,2500000,170,1,1,1,1,3,2,1,2173.913043
300,1,1,3000000,38,1,2,2,2,3,2,1,10000
1500,4,3,3500000,92,5,2,1,2,2,2,1,2333.333333
1250,3,3,1800000,90,1,2,2,1,3,2,1,1440
900,2,3,260000,118,1,3,2,1,3,3,1,288.8888889
1200,3,3,1500000,118,1,1,2,1,4,3,1,1250
1166,2,3,2500000,61,1,1,1,1,2,3,3,2144.082333
2400,4,3,7500000,120,1,1,3,1,2,3,1,3125
990,2,2,1450000,178,1,1,3,1,4,1,1,1464.646465
1520,1,1,500000,28,4,3,3,1,2,3,1,328.9473684
1300,3,3,2400000,14,1,2,3,1,1,2,3,1846.153846
1250,3,3,1700000,118,1,1,2,1,4,3,1,1360
1400,1,1,600000,17,4,1,2,1,5,3,1,428.5714286
850,2,2,1908000,38,1,1,1,1,1,2,1,2244.705882
1600,3,3,3200000,102,1,1,1,1,3,2,1,2000
1300,2,2,450000,118,2,1,2,1,2,3,1,346.1538462
1200,2,3,2500000,170,2,1,1,1,4,2,1,2083.333333
120,1,1,850000,92,2,2,2,1,5,3,1,7083.333333
1025,2,3,1500000,14,1,1,1,1,2,3,1,1463.414634
300,1,1,3000000,38,1,2,1,2,4,1,1,10000
1300,2,2,1600000,162,1,1,3,1,2,3,1,1230.769231
1811,3,3,2500000,20,1,1,1,1,2,2,1,1380.452789
300,1,1,3000000,38,1,1,1,1,2,3,1,10000
800,2,2,750000,100,4,3,3,1,3,2,1,937.5
1025,2,3,1600000,14,1,1,2,1,1,2,1,1560.97561
1150,3,3,1200000,150,1,2,2,1,5,3,1,1043.478261
1913,5,4,1800000,150,2,1,2,1,1,1,1,940.9304757
300,1,1,3000000,38,1,2,1,1,1,1,1,10000
1125,3,3,1700000,14,1,2,1,2,2,2,1,1511.111111
550,1,2,1200000,170,1,1,1,1,2,3,1,2181.818182
400,1,1,3700000,38,1,1,1,1,1,3,1,9250
375,1,1,3500000,38,1,3,3,2,3,2,1,9333.333333
850950,2,2,1600000,14,5,3,2,1,3,3,1,1.880251484
150,1,1,850000,38,2,1,1,1,1,3,1,5666.666667
120,1,1,1300000,118,4,1,2,1,2,1,1,10833.33333
250,1,1,800000,118,1,1,3,2,1,2,1,3200
8001000,2,2,1700000,61,1,3,3,1,3,3,1,0.212473441
375,1,1,3500000,38,1,1,1,1,1,2,1,9333.333333
375,1,1,3500000,38,1,1,1,1,1,2,1,9333.333333
900,2,2,1500000,118,1,2,2,2,4,2,1,1666.666667
1260,3,3,2700000,122,1,1,1,1,3,3,1,2142.857143
375,1,1,3500000,38,2,2,1,1,4,3,1,9333.333333
800,2,2,850000,118,1,2,2,1,3,2,1,1062.5
1356,3,3,2500000,73,1,1,2,1,2,2,1,1843.657817
1200,2,3,1500000,118,1,1,3,1,2,3,1,1250
1350,3,3,2200000,118,1,1,2,1,2,1,1,1629.62963
650,1,1,4000000,122,5,2,3,2,1,1,1,6153.846154
1600,2,3,300000,61,1,1,1,1,3,1,1,187.5
1700,1,3,100,38,1,2,2,1,4,2,1,0.058823529
900,2,2,1000000,61,4,1,3,2,2,2,1,1111.111111
2675,4,3,13000000,73,1,1,2,1,1,1,1,4859.813084
1043,2,3,2000000,61,1,1,1,1,3,2,1,1917.545542
1040,2,3,1800000,145,1,1,1,1,3,3,1,1730.769231
120,1,1,600000,118,1,2,1,1,1,1,1,5000
300,1,1,3000000,38,2,1,1,1,5,3,1,10000
150,1,1,1200000,38,1,1,1,1,1,2,1,8000
1913,5,4,1800000,150,1,1,1,1,2,2,1,940.9304757
900,2,3,1450000,118,4,1,3,1,4,1,1,1611.111111
2700,5,4,4500000,122,2,1,2,1,1,3,1,1666.666667
1475,3,3,2500000,38,1,2,2,2,4,3,1,1694.915254
990,1,1,300000,118,1,1,3,2,2,1,1,303.030303
250,1,1,240000,120,1,1,2,1,4,2,3,960
1450,4,3,5500000,120,1,1,2,1,2,3,1,3793.103448
5600,4,10,15000,106,4,1,2,1,3,3,1,2.678571429
2340,4,5,18000,106,1,1,2,2,3,3,1,7.692307692
850,2,2,1300000,118,1,1,2,1,3,3,1,1529.411765
1250,3,3,1300000,174,5,2,1,2,3,3,1,1040
250,2,2,1300000,170,1,1,2,2,4,2,1,5200
1320,3,3,2200000,118,3,2,2,1,1,3,1,1666.666667
1700,1,4,100,38,1,1,2,1,2,2,1,0.058823529
1020,2,3,1600000,25,1,1,2,1,1,1,1,1568.627451
650,2,2,1180000,118,1,2,1,2,3,3,1,1815.384615
1242,3,3,1850000,118,1,1,2,1,2,3,1,1489.533011
1450,3,3,2500000,101,1,2,3,2,3,2,1,1724.137931
1206,3,3,1900000,118,1,1,2,1,3,3,1,1575.456053
168,1,1,600000,163,1,1,1,1,3,3,1,3571.428571
168,1,1,700000,163,1,1,2,2,2,3,1,4166.666667
1100,2,3,1700000,145,1,1,2,1,3,1,1,1545.454545
1190,2,3,2000000,122,1,1,3,2,3,3,1,1680.672269
500,1,1,1200000,38,2,1,1,1,1,3,1,2400
1430,3,3,1850000,118,1,1,2,1,3,3,1,1293.706294
800,2,2,1950000,61,1,1,2,1,3,2,1,2437.5
120,1,1,700000,122,1,1,2,1,5,3,1,5833.333333
800,2,3,2200000,166,3,2,1,2,2,2,1,2750
180,1,1,800000,28,1,2,1,1,5,1,1,4444.444444
875,2,2,200,38,1,1,1,2,1,2,1,0.228571429
1050,3,3,1500000,118,1,2,2,1,3,3,1,1428.571429
160,1,1,700000,92,1,1,2,1,1,3,1,4375
1200,2,2,2000000,20,1,2,2,1,3,3,1,1666.666667
800,2,2,950000,122,1,1,3,1,1,2,3,1187.5
875,2,2,4800000,38,1,2,1,1,1,1,1,5485.714286
375,1,1,3500000,38,1,2,2,1,1,2,1,9333.333333
1200,3,3,3200000,111,1,1,3,1,2,2,1,2666.666667
900,2,2,1500000,14,1,2,2,1,1,3,1,1666.666667
1450,3,3,1200000,92,1,1,2,1,2,3,1,827.5862069
1200,3,3,2000000,122,4,1,1,1,3,3,1,1666.666667
150,1,1,1250000,122,1,2,2,1,4,1,1,8333.333333
1200,3,3,2000000,145,1,2,2,1,1,2,1,1666.666667
1100,3,3,1600000,118,1,2,1,1,5,3,1,1454.545455
850900,2,2,1200000,122,4,2,2,1,2,1,1,1.410271477
1150,3,3,1600000,118,1,2,1,1,3,3,1,1391.304348
780,3,3,160000,102,1,1,2,2,1,1,1,205.1282051
1500,3,3,2600000,122,1,1,1,1,2,3,1,1733.333333
1000,3,3,1300000,122,1,1,2,3,3,3,1,1300
400,1,1,700000,122,1,3,1,1,3,3,3,1750
1000,1,1,500000,101,4,1,2,1,1,1,1,500
11115,6,6,540000,150,1,1,1,2,4,3,1,48.58299595
1200,2,4,1250000,118,1,2,3,1,3,3,1,1041.666667
1000,2,3,650000,118,1,1,3,1,1,3,1,650
900,2,1,550000,178,1,2,2,1,3,2,1,611.1111111
800,2,2,1950000,61,1,1,2,1,1,1,1,2437.5
1200,2,3,1250000,20,1,1,2,1,2,2,1,1041.666667
1300,3,3,2000000,102,1,1,2,1,3,1,1,1538.461538
800,2,2,1800000,47,4,1,1,1,2,3,1,2250
1200,1,1,900000,170,1,1,2,1,2,2,1,750
1000,2,2,1400000,145,1,2,3,3,1,3,1,1400
1600,4,4,2500000,118,1,1,1,1,2,3,1,1562.5
650,1,1,4000000,122,4,4,1,1,4,2,1,6153.846154
1000,2,2,1400000,145,1,1,3,1,2,3,1,1400
1230,3,3,2100000,102,1,2,1,1,1,3,1,1707.317073
875,2,2,100,38,1,1,1,2,4,2,1,0.114285714
150,1,1,700000,38,1,1,2,1,2,3,1,4666.666667
350,1,2,750000,118,5,1,3,3,2,3,1,2142.857143
800,2,2,4800000,38,1,1,1,1,1,1,1,6000
1400,3,3,5000000,38,1,2,1,5,3,3,1,3571.428571
350,1,1,650000,145,1,2,1,1,2,3,1,1857.142857
1200,3,3,1400000,122,4,1,2,2,1,3,1,1166.666667
1200,3,3,2400000,61,1,2,2,1,4,3,1,2000
1650,4,3,3800000,38,1,2,2,1,1,2,1,2303.030303
1400,3,3,1700000,178,1,2,1,1,1,1,1,1214.285714
600,1,1,1100000,122,2,1,1,5,3,3,1,1833.333333
375,1,1,100,38,1,2,1,1,4,3,1,0.266666667
800,2,2,4800000,38,1,2,3,2,1,3,1,6000
2050,3,3,6000000,38,1,2,1,2,1,3,1,2926.829268
1500,4,3,2500000,38,1,1,1,1,1,3,1,1666.666667
1000,2,2,1200000,122,3,1,1,1,4,2,1,1200
1500,2,3,360000,122,1,2,3,2,4,2,1,240
150,1,1,950000,38,4,1,1,1,1,3,1,6333.333333
1470,4,3,2700000,162,1,1,2,1,3,3,1,1836.734694
12001250,3,3,2200000,20,1,2,3,1,3,3,1,0.183314238
1550,3,3,3000000,61,2,1,2,1,3,3,1,1935.483871
1206,3,3,1700000,118,3,2,3,2,3,3,1,1409.618574
350,1,1,550000,178,4,2,1,1,2,3,1,1571.428571
950,1,1,650000,118,1,1,2,1,2,2,1,684.2105263
1080,2,3,1700000,178,1,1,3,2,2,1,1,1574.074074
500,1,1,650000,118,1,1,1,1,3,3,1,1300
1025,2,3,2508000,80,1,1,1,5,1,3,1,2446.829268
1000,1,1,550000,118,1,1,1,1,3,2,1,550
180,1,1,600000,145,1,4,2,1,4,3,1,3333.333333
1050,2,3,550000,150,2,1,1,1,3,3,1,523.8095238
1105,3,3,1200000,122,1,1,1,1,3,1,1,1085.972851
1800,1,1,370000,20,1,2,2,1,4,2,1,205.5555556
200,1,1,1500000,73,1,1,1,1,1,3,1,7500
1100,2,2,3000000,178,1,1,2,3,3,2,1,2727.272727
500,1,2,1400000,124,1,2,2,1,6,3,1,2800
1000,2,3,1300000,118,1,3,2,1,4,3,1,1300
1000,1,2,1000000,60,1,1,2,2,3,3,1,1000
112,1,1,300000,150,1,2,3,1,2,3,1,2678.571429
220,1,1,1000000,20,1,1,2,3,1,3,1,4545.454545
1800,4,4,7500000,124,1,1,1,1,1,2,1,4166.666667
180,1,1,1100000,38,1,1,2,1,1,3,1,6111.111111
150,1,1,700000,38,1,1,2,1,2,2,1,4666.666667
120,1,1,550000,118,1,2,3,3,4,3,1,4583.333333
1250,3,3,1799900,145,1,1,2,1,3,3,1,1439.92
1750,2,2,300000,14,1,1,2,2,1,1,1,171.4285714
1000,1,2,1500000,162,1,1,2,1,4,3,1,1500
1400,4,3,3500000,61,1,2,1,1,2,3,1,2500
400,1,2,600000,178,1,2,2,1,3,2,4,1500
1250,3,3,1799900,145,4,1,2,1,3,2,1,1439.92
700,2,2,650000,150,1,1,2,1,3,3,1,928.5714286
2250,4,3,4300000,22,1,1,2,1,1,2,1,1911.111111
300,1,1,670000,178,1,2,1,1,1,3,1,2233.333333
800,1,2,650000,118,1,1,2,1,3,1,1,812.5
2550,4,3,9500000,38,1,1,2,2,1,2,1,3725.490196
800,1,2,650000,118,3,1,2,1,4,3,1,812.5
800,2,2,4800000,38,1,2,1,1,3,3,1,6000
1300,3,3,2500000,73,5,2,2,1,3,2,1,1923.076923
1250,3,3,1500000,122,1,1,2,1,2,2,1,1200
1012,1,1,450000,28,1,1,1,1,2,3,1,444.6640316
1200,2,4,2400000,38,1,2,2,1,3,3,1,2000
1700,1,2,12500000,14,1,2,1,3,4,1,1,7352.941176
450,1,2,950000,122,1,1,2,1,3,3,1,2111.111111
875,2,2,5500000,38,2,1,2,1,2,1,1,6285.714286
1110,2,3,980000,150,1,3,2,3,3,2,1,882.8828829
1100,2,3,1400000,118,1,1,1,1,2,1,3,1272.727273
1000,2,2,1400000,145,4,2,2,1,2,2,1,1400
1553,3,3,3000000,118,4,1,3,1,1,3,1,1931.74501
1310,1,1,750000,20,2,2,2,1,1,3,1,572.519084
800,2,2,4800000,38,1,2,2,1,1,3,1,6000
1500,2,3,2500000,101,1,1,2,1,1,3,1,1666.666667
1350,3,3,1700000,118,1,1,3,1,2,3,1,1259.259259
1500,2,3,280000,14,1,1,2,1,1,4,1,186.6666667
750,2,2,320000,61,2,1,3,1,1,1,1,426.6666667
800,2,2,4800000,38,1,2,3,1,2,2,1,6000
1500,2,3,280000,14,2,1,1,1,2,2,1,186.6666667
100,1,1,600000,118,1,1,2,1,1,3,1,6000
1250,2,2,1700000,80,1,1,2,1,4,3,1,1360
120,1,1,650000,80,1,2,2,2,2,4,1,5416.666667
2200,4,3,4000000,38,1,1,1,1,1,1,1,1818.181818
875,2,2,5500000,38,1,1,1,1,1,2,1,6285.714286
875,2,2,5500000,38,2,1,2,1,1,4,1,6285.714286
200,1,1,400000,28,1,1,2,1,5,3,1,2000
375,1,1,3600000,38,1,1,3,1,1,1,1,9600
1350,3,3,2000000,178,1,2,1,1,3,3,1,1481.481481
1250,3,3,2500000,38,1,1,2,1,1,1,1,2000
1600,4,4,3000000,178,2,2,1,1,1,2,1,1875
1850,4,3,5500000,73,1,1,2,2,4,2,1,2972.972973
875,2,2,4800000,38,4,1,2,1,1,2,1,5485.714286
1440,4,4,1600000,122,1,1,2,1,3,3,1,1111.111111
740,2,2,800000,60,1,1,2,1,4,2,1,1081.081081
600,1,2,1400000,124,2,2,3,2,3,2,1,2333.333333
950,2,2,1000000,178,1,2,2,1,3,1,1,1052.631579
1250,3,3,3000000,61,1,2,3,2,3,2,1,2400
1250,2,2,600000,118,1,1,3,1,1,3,1,480
1812,2,2,599900,61,1,1,1,2,3,2,1,331.0706402
875,2,2,5500000,38,1,1,2,1,1,1,1,6285.714286
375,1,2,3599900,38,1,1,2,3,1,3,1,9599.733333
875,2,2,5500000,38,4,1,1,2,1,3,1,6285.714286
1600,3,3,1500000,178,1,1,3,1,4,3,1,937.5
100,1,1,800000,153,1,3,3,1,1,3,1,8000
375,1,2,3600000,38,4,1,1,1,1,2,1,9600
150,1,1,430000,178,1,1,2,1,5,3,1,2866.666667
800,2,3,1500000,118,1,1,2,3,3,2,1,1875
1225,4,3,1400000,14,1,2,2,1,4,3,1,1142.857143
875,2,2,5500000,38,1,1,1,1,1,3,1,6285.714286
1005,3,3,1930000,122,1,1,2,1,3,1,1,1920.39801
800,2,2,4800000,38,1,1,2,1,1,3,1,6000
1250,3,3,2200000,17,3,1,2,2,2,3,1,1760
300,1,1,2000000,162,1,1,3,1,2,3,3,6666.666667
300,1,1,850000,118,1,1,1,1,1,3,1,2833.333333
875,2,2,5499800,38,1,1,2,2,1,3,1,6285.485714
1100,3,3,1000000,60,1,1,1,1,1,2,3,909.0909091
375,1,1,3600000,38,1,1,1,1,1,1,1,9600
1200,3,2,2600000,61,1,3,2,1,1,3,1,2166.666667
800,2,2,4800000,38,2,1,3,1,1,1,1,6000
875,2,2,5500000,38,1,1,1,1,1,2,1,6285.714286
900,2,2,1000000,60,1,2,3,1,1,3,1,1111.111111
800,2,2,4800000,38,1,1,1,1,1,2,1,6000
375,1,1,3600000,38,1,1,1,1,1,3,1,9600
990,2,2,1450000,178,1,1,2,1,4,2,1,1464.646465
1800,4,3,1800000,122,1,2,1,1,2,3,1,1000
800,2,2,4800000,38,1,2,2,1,1,3,1,6000
375,1,1,3600000,38,1,1,1,2,1,3,1,9600
1350,3,3,2200000,178,1,2,2,1,4,2,1,1629.62963
1700,4,3,1700000,174,1,2,1,1,3,2,1,1000
800,2,2,4799900,38,1,1,3,1,1,3,1,5999.875
52000,50,50,100000000,61,1,2,2,1,3,3,4,1923.076923
1130,3,3,1800000,145,1,1,3,1,3,1,1,1592.920354
200,1,1,1200000,162,1,1,3,1,4,3,1,6000
150,1,1,750000,118,1,2,2,1,1,2,1,5000
1575,3,3,3000000,38,2,1,2,1,1,2,1,1904.761905
150,1,1,600000,118,1,1,2,2,4,3,1,4000
375,1,1,3600000,38,3,1,1,1,1,2,1,9600
1100,3,3,1500000,118,1,2,3,1,1,3,1,1363.636364
1415,4,3,2200000,38,1,2,2,1,2,3,1,1554.770318
375,1,1,3600000,38,1,2,2,4,2,2,1,9600
1010,1,1,900000,61,1,2,3,1,3,2,1,891.0891089
375,1,1,3600000,38,1,1,1,2,1,3,1,9600
1107,3,3,2300000,61,1,3,1,1,1,1,1,2077.687444
1350,3,3,2000000,25,1,2,3,2,2,2,1,1481.481481
1800,2,2,290000,73,1,2,1,1,3,1,1,161.1111111
375,1,1,3600000,38,1,1,2,3,4,2,13,9600
375,1,1,3600000,38,1,2,1,1,4,2,1,9600
800,2,2,4800000,38,1,1,2,1,3,3,1,6000
800,2,2,4800000,38,1,1,1,1,1,2,1,6000
1600,3,3,2850000,14,1,2,2,1,1,2,1,1781.25
